"","GAMEIDX","DATE","SHEDULEKEY","TEAM.A","TEAM.B","ISHOME.A","ISHOME.B","ATTENDANCE_RAW"
"1",1,"9.30","1581","北海道","富山",FALSE,TRUE,"人数：3302人"
"2",2,"10.01","1582","北海道","富山",FALSE,TRUE,"人数：2797人"
"3",3,"10.08","1591","北海道","横浜",TRUE,FALSE,"人数：5687人"
"4",4,"10.09","1592","北海道","横浜",TRUE,FALSE,"人数：3176人"
"5",5,"10.15","1609","北海道","川崎",TRUE,FALSE,"人数：3790人"
"6",6,"10.16","1610","北海道","川崎",TRUE,FALSE,"人数：3225人"
"7",7,"10.21","1635","北海道","新潟",FALSE,TRUE,"人数：2216人"
"8",8,"10.22","1636","北海道","新潟",FALSE,TRUE,"人数：2146人"
"9",9,"10.25","1646","北海道","千葉",FALSE,TRUE,"人数：5034人"
"10",10,"10.28","1654","北海道","栃木",TRUE,FALSE,"人数：2340人"
"11",11,"10.29","1655","北海道","栃木",TRUE,FALSE,"人数：2406人"
"12",12,"11.04","1688","北海道","琉球",FALSE,TRUE,"人数：2812人"
"13",13,"11.05","1689","北海道","琉球",FALSE,TRUE,"人数：2787人"
"14",14,"11.13","1690","北海道","SR渋谷",TRUE,FALSE,"人数：3899人"
"15",15,"11.14","1691","北海道","SR渋谷",TRUE,FALSE,"人数：3265人"
"16",16,"11.17","1708","北海道","A東京",FALSE,TRUE,"人数：1908人"
"17",17,"11.18","1709","北海道","A東京",FALSE,TRUE,"人数：2537人"
"18",18,"12.01","1742","北海道","島根",FALSE,TRUE,"人数：1439人"
"19",19,"12.02","1743","北海道","島根",FALSE,TRUE,"人数：2168人"
"20",20,"12.08","1744","北海道","名古屋D",TRUE,FALSE,"人数：2620人"
"21",21,"12.09","1745","北海道","名古屋D",TRUE,FALSE,"人数：4035人"
"22",22,"12.16","1774","北海道","滋賀",FALSE,TRUE,"人数：2161人"
"23",23,"12.17","1775","北海道","滋賀",FALSE,TRUE,"人数：2518人"
"24",24,"12.20","1780","北海道","千葉",TRUE,FALSE,"人数：4431人"
"25",25,"12.23","1797","北海道","横浜",FALSE,TRUE,"人数：2911人"
"26",26,"12.24","1798","北海道","横浜",FALSE,TRUE,"人数：3016人"
"27",27,"12.29","1807","北海道","三遠",TRUE,FALSE,"人数：3664人"
"28",28,"12.30","1808","北海道","三遠",TRUE,FALSE,"人数：4931人"
"29",29,"1.20","1825","北海道","川崎",TRUE,FALSE,"人数：5097人"
"30",30,"1.21","1826","北海道","川崎",TRUE,FALSE,"人数：5479人"
"31",31,"1.27","1843","北海道","栃木",FALSE,TRUE,"人数：3803人"
"32",32,"1.28","1844","北海道","栃木",FALSE,TRUE,"人数：4005人"
"33",33,"2.03","1861","北海道","A東京",TRUE,FALSE,"人数：2320人"
"34",34,"2.04","1862","北海道","A東京",TRUE,FALSE,"人数：2815人"
"35",35,"2.09","1881","北海道","SR渋谷",FALSE,TRUE,"人数：2016人"
"36",36,"2.10","1882","北海道","SR渋谷",FALSE,TRUE,"人数：2053人"
"37",37,"2.16","1903","北海道","川崎",FALSE,TRUE,"人数：2132人"
"38",38,"2.17","1904","北海道","川崎",FALSE,TRUE,"人数：3832人"
"39",39,"3.05","1915","北海道","西宮",TRUE,FALSE,"人数：2833人"
"40",40,"3.06","1916","北海道","西宮",TRUE,FALSE,"人数：3031人"
"41",41,"3.11","1943","北海道","三河",FALSE,TRUE,"人数：2807人"
"42",42,"3.12","1944","北海道","三河",FALSE,TRUE,"人数：2553人"
"43",43,"3.17","1951","北海道","富山",TRUE,FALSE,"人数：3901人"
"44",44,"3.18","1952","北海道","富山",TRUE,FALSE,"人数：4355人"
"45",45,"3.24","1973","北海道","A東京",FALSE,TRUE,"人数：1987人"
"46",46,"3.25","1974","北海道","A東京",FALSE,TRUE,"人数：2832人"
"47",47,"3.28","1987","北海道","SR渋谷",TRUE,FALSE,"人数：3360人"
"48",48,"3.31","1996","北海道","千葉",TRUE,FALSE,"人数：4015人"
"49",49,"4.01","1997","北海道","千葉",TRUE,FALSE,"人数：4760人"
"50",50,"4.07","2014","北海道","栃木",FALSE,TRUE,"人数：3476人"
"51",51,"4.08","2015","北海道","栃木",FALSE,TRUE,"人数：3626人"
"52",52,"4.14","2032","北海道","京都",TRUE,FALSE,"人数：3622人"
"53",53,"4.15","2033","北海道","京都",TRUE,FALSE,"人数：3810人"
"54",54,"4.21","2050","北海道","大阪",TRUE,FALSE,"人数：1947人"
"55",55,"4.22","2051","北海道","大阪",TRUE,FALSE,"人数：2289人"
"56",56,"4.28","2070","北海道","千葉",FALSE,TRUE,"人数：4331人"
"57",57,"4.29","2071","北海道","千葉",FALSE,TRUE,"人数：5889人"
"58",58,"5.02","2088","北海道","SR渋谷",FALSE,TRUE,"人数：1878人"
"59",59,"5.06","2095","北海道","新潟",TRUE,FALSE,"人数：6299人"
"60",60,"5.07","2096","北海道","新潟",TRUE,FALSE,"人数：4883人"
"61",1,"9.30","1579","島根","新潟",FALSE,TRUE,"人数：3926人"
"62",2,"10.01","1580","島根","新潟",FALSE,TRUE,"人数：3680人"
"63",3,"10.07","1607","島根","栃木",TRUE,FALSE,"人数：3421人"
"64",4,"10.08","1608","島根","栃木",TRUE,FALSE,"人数：3446人"
"65",5,"10.14","1623","島根","大阪",FALSE,TRUE,"人数：1797人"
"66",6,"10.15","1624","島根","大阪",FALSE,TRUE,"人数：2071人"
"67",7,"10.21","1643","島根","琉球",TRUE,FALSE,"人数：1856人"
"68",8,"10.22","1644","島根","琉球",TRUE,FALSE,"人数：2008人"
"69",9,"10.25","1653","島根","西宮",FALSE,TRUE,"人数：1518人"
"70",10,"10.28","1666","島根","京都",FALSE,TRUE,"人数：1295人"
"71",11,"10.29","1667","島根","京都",FALSE,TRUE,"人数：2879人"
"72",12,"11.03","1686","島根","A東京",TRUE,FALSE,"人数：3721人"
"73",13,"11.04","1687","島根","A東京",TRUE,FALSE,"人数：2166人"
"74",14,"11.11","1702","島根","滋賀",FALSE,TRUE,"人数：1847人"
"75",15,"11.12","1703","島根","滋賀",FALSE,TRUE,"人数：2103人"
"76",16,"11.18","1710","島根","SR渋谷",FALSE,TRUE,"人数：2215人"
"77",17,"11.19","1711","島根","SR渋谷",FALSE,TRUE,"人数：2334人"
"78",18,"12.01","1742","島根","北海道",TRUE,FALSE,"人数：1439人"
"79",19,"12.02","1743","島根","北海道",TRUE,FALSE,"人数：2168人"
"80",20,"12.09","1758","島根","京都",FALSE,TRUE,"人数：1644人"
"81",21,"12.10","1759","島根","京都",FALSE,TRUE,"人数：2402人"
"82",22,"12.16","1772","島根","名古屋D",FALSE,TRUE,"人数：1527人"
"83",23,"12.17","1773","島根","名古屋D",FALSE,TRUE,"人数：2061人"
"84",24,"12.20","1787","島根","西宮",TRUE,FALSE,"人数：1625人"
"85",25,"12.22","1805","島根","滋賀",TRUE,FALSE,"人数：2052人"
"86",26,"12.23","1806","島根","滋賀",TRUE,FALSE,"人数：2568人"
"87",27,"1.01","1823","島根","琉球",FALSE,TRUE,"人数：3595人"
"88",28,"1.02","1824","島根","琉球",FALSE,TRUE,"人数：3655人"
"89",29,"1.20","1831","島根","富山",FALSE,TRUE,"人数：2433人"
"90",30,"1.21","1832","島根","富山",FALSE,TRUE,"人数：3288人"
"91",31,"1.27","1859","島根","大阪",TRUE,FALSE,"人数：1840人"
"92",32,"1.28","1860","島根","大阪",TRUE,FALSE,"人数：2321人"
"93",33,"2.03","1875","島根","川崎",TRUE,FALSE,"人数：2898人"
"94",34,"2.04","1876","島根","川崎",TRUE,FALSE,"人数：2610人"
"95",35,"2.10","1883","島根","横浜",FALSE,TRUE,"人数：3116人"
"96",36,"2.11","1884","島根","横浜",FALSE,TRUE,"人数：3833人"
"97",37,"2.17","1897","島根","栃木",FALSE,TRUE,"人数：3621人"
"98",38,"2.18","1898","島根","栃木",FALSE,TRUE,"人数：3936人"
"99",39,"3.03","1929","島根","三遠",TRUE,FALSE,"人数：2078人"
"100",40,"3.04","1930","島根","三遠",TRUE,FALSE,"人数：2131人"
"101",41,"3.10","1949","島根","千葉",TRUE,FALSE,"人数：2135人"
"102",42,"3.11","1950","島根","千葉",TRUE,FALSE,"人数：1912人"
"103",43,"3.17","1967","島根","琉球",FALSE,TRUE,"人数：3298人"
"104",44,"3.18","1968","島根","琉球",FALSE,TRUE,"人数：3301人"
"105",45,"3.24","1983","島根","京都",TRUE,FALSE,"人数：1721人"
"106",46,"3.25","1984","島根","京都",TRUE,FALSE,"人数：1909人"
"107",47,"3.28","1995","島根","滋賀",TRUE,FALSE,"人数：1776人"
"108",48,"3.31","2012","島根","西宮",FALSE,TRUE,"人数：1941人"
"109",49,"4.01","2013","島根","西宮",FALSE,TRUE,"人数：2238人"
"110",50,"4.07","2028","島根","大阪",TRUE,FALSE,"人数：2412人"
"111",51,"4.08","2029","島根","大阪",TRUE,FALSE,"人数：2856人"
"112",52,"4.14","2044","島根","三河",FALSE,TRUE,"人数：2604人"
"113",53,"4.15","2045","島根","三河",FALSE,TRUE,"人数：2721人"
"114",54,"4.21","2066","島根","新潟",TRUE,FALSE,"人数：1457人"
"115",55,"4.22","2067","島根","新潟",TRUE,FALSE,"人数：1546人"
"116",56,"4.28","2082","島根","西宮",TRUE,FALSE,"人数：1205人"
"117",57,"4.29","2083","島根","西宮",TRUE,FALSE,"人数：1667人"
"118",58,"5.02","2092","島根","滋賀",FALSE,TRUE,"人数：2277人"
"119",59,"5.05","2111","島根","横浜",TRUE,FALSE,"人数：3188人"
"120",60,"5.06","2112","島根","横浜",TRUE,FALSE,"人数：3035人"
"121",1,"9.29","1573","栃木","三河",TRUE,FALSE,"人数：4012人"
"122",2,"9.30","1574","栃木","三河",TRUE,FALSE,"人数：4111人"
"123",3,"10.07","1607","栃木","島根",FALSE,TRUE,"人数：3421人"
"124",4,"10.08","1608","栃木","島根",FALSE,TRUE,"人数：3446人"
"125",5,"10.14","1611","栃木","千葉",TRUE,FALSE,"人数：3910人"
"126",6,"10.15","1612","栃木","千葉",TRUE,FALSE,"人数：4191人"
"127",7,"10.21","1627","栃木","A東京",TRUE,FALSE,"人数：2792人"
"128",8,"10.22","1628","栃木","A東京",TRUE,FALSE,"人数：2786人"
"129",9,"10.25","1647","栃木","SR渋谷",FALSE,TRUE,"人数：3005人"
"130",10,"10.28","1654","栃木","北海道",FALSE,TRUE,"人数：2340人"
"131",11,"10.29","1655","栃木","北海道",FALSE,TRUE,"人数：2406人"
"132",12,"11.04","1672","栃木","千葉",TRUE,FALSE,"人数：4097人"
"133",13,"11.05","1673","栃木","千葉",TRUE,FALSE,"人数：4105人"
"134",14,"11.11","1694","栃木","川崎",FALSE,TRUE,"人数：2820人"
"135",15,"11.12","1695","栃木","川崎",FALSE,TRUE,"人数：2756人"
"136",16,"11.18","1722","栃木","西宮",FALSE,TRUE,"人数：2917人"
"137",17,"11.19","1723","栃木","西宮",FALSE,TRUE,"人数：2830人"
"138",18,"12.02","1726","栃木","三遠",TRUE,FALSE,"人数：2776人"
"139",19,"12.03","1727","栃木","三遠",TRUE,FALSE,"人数：2824人"
"140",20,"12.10","1752","栃木","横浜",FALSE,TRUE,"人数：2678人"
"141",21,"12.11","1753","栃木","横浜",FALSE,TRUE,"人数：2602人"
"142",22,"12.16","1764","栃木","A東京",FALSE,TRUE,"人数：3004人"
"143",23,"12.17","1765","栃木","A東京",FALSE,TRUE,"人数：3028人"
"144",24,"12.20","1781","栃木","SR渋谷",TRUE,FALSE,"人数：3295人"
"145",25,"12.23","1789","栃木","琉球",TRUE,FALSE,"人数：4243人"
"146",26,"12.24","1790","栃木","琉球",TRUE,FALSE,"人数：4456人"
"147",27,"12.29","1813","栃木","新潟",FALSE,TRUE,"人数：4325人"
"148",28,"12.30","1814","栃木","新潟",FALSE,TRUE,"人数：5005人"
"149",29,"1.18","1827","栃木","滋賀",TRUE,FALSE,"人数：2802人"
"150",30,"1.19","1828","栃木","滋賀",TRUE,FALSE,"人数：3176人"
"151",31,"1.27","1843","栃木","北海道",TRUE,FALSE,"人数：3803人"
"152",32,"1.28","1844","栃木","北海道",TRUE,FALSE,"人数：4005人"
"153",33,"2.03","1869","栃木","三河",FALSE,TRUE,"人数：5327人"
"154",34,"2.04","1870","栃木","三河",FALSE,TRUE,"人数：5089人"
"155",35,"2.10","1893","栃木","大阪",FALSE,TRUE,"人数：5591人"
"156",36,"2.11","1894","栃木","大阪",FALSE,TRUE,"人数：6001人"
"157",37,"2.17","1897","栃木","島根",TRUE,FALSE,"人数：3621人"
"158",38,"2.18","1898","栃木","島根",TRUE,FALSE,"人数：3936人"
"159",39,"3.03","1927","栃木","京都",FALSE,TRUE,"人数：3062人"
"160",40,"3.04","1928","栃木","京都",FALSE,TRUE,"人数：3528人"
"161",41,"3.10","1933","栃木","名古屋D",TRUE,FALSE,"人数：3592人"
"162",42,"3.11","1934","栃木","名古屋D",TRUE,FALSE,"人数：4144人"
"163",43,"3.17","1953","栃木","千葉",FALSE,TRUE,"人数：5155人"
"164",44,"3.18","1954","栃木","千葉",FALSE,TRUE,"人数：5428人"
"165",45,"3.24","1969","栃木","川崎",TRUE,FALSE,"人数：2826人"
"166",46,"3.25","1970","栃木","川崎",TRUE,FALSE,"人数：2804人"
"167",47,"3.28","1988","栃木","A東京",FALSE,TRUE,"人数：3064人"
"168",48,"3.30","1998","栃木","SR渋谷",FALSE,TRUE,"人数：2420人"
"169",49,"3.31","1999","栃木","SR渋谷",FALSE,TRUE,"人数：2555人"
"170",50,"4.07","2014","栃木","北海道",TRUE,FALSE,"人数：3476人"
"171",51,"4.08","2015","栃木","北海道",TRUE,FALSE,"人数：3626人"
"172",52,"4.14","2034","栃木","富山",TRUE,FALSE,"人数：3705人"
"173",53,"4.15","2035","栃木","富山",TRUE,FALSE,"人数：3911人"
"174",54,"4.20","2056","栃木","川崎",FALSE,TRUE,"人数：4497人"
"175",55,"4.21","2057","栃木","川崎",FALSE,TRUE,"人数：4577人"
"176",56,"4.28","2068","栃木","SR渋谷",TRUE,FALSE,"人数：4024人"
"177",57,"4.29","2069","栃木","SR渋谷",TRUE,FALSE,"人数：4165人"
"178",58,"5.02","2086","栃木","A東京",TRUE,FALSE,"人数：4380人"
"179",59,"5.04","2107","栃木","名古屋D",FALSE,TRUE,"人数：3639人"
"180",60,"5.05","2108","栃木","名古屋D",FALSE,TRUE,"人数：3060人"
"181",1,"9.29","1589","SR渋谷","琉球",FALSE,TRUE,"人数：3621人"
"182",2,"9.30","1590","SR渋谷","琉球",FALSE,TRUE,"人数：3555人"
"183",3,"10.07","1597","SR渋谷","三遠",TRUE,FALSE,"人数：2502人"
"184",4,"10.08","1598","SR渋谷","三遠",TRUE,FALSE,"人数：2253人"
"185",5,"10.14","1615","SR渋谷","名古屋D",TRUE,FALSE,"人数：1857人"
"186",6,"10.15","1616","SR渋谷","名古屋D",TRUE,FALSE,"人数：1919人"
"187",7,"10.20","1631","SR渋谷","川崎",FALSE,TRUE,"人数：2239人"
"188",8,"10.21","1632","SR渋谷","川崎",FALSE,TRUE,"人数：3629人"
"189",9,"10.25","1647","SR渋谷","栃木",TRUE,FALSE,"人数：3005人"
"190",10,"10.28","1658","SR渋谷","横浜",TRUE,FALSE,"人数：2011人"
"191",11,"10.29","1659","SR渋谷","横浜",TRUE,FALSE,"人数：1832人"
"192",12,"11.03","1684","SR渋谷","西宮",FALSE,TRUE,"人数：1404人"
"193",13,"11.04","1685","SR渋谷","西宮",FALSE,TRUE,"人数：1465人"
"194",14,"11.13","1690","SR渋谷","北海道",FALSE,TRUE,"人数：3899人"
"195",15,"11.14","1691","SR渋谷","北海道",FALSE,TRUE,"人数：3265人"
"196",16,"11.18","1710","SR渋谷","島根",TRUE,FALSE,"人数：2215人"
"197",17,"11.19","1711","SR渋谷","島根",TRUE,FALSE,"人数：2334人"
"198",18,"12.01","1728","SR渋谷","川崎",FALSE,TRUE,"人数：1822人"
"199",19,"12.02","1729","SR渋谷","川崎",FALSE,TRUE,"人数：3765人"
"200",20,"12.09","1748","SR渋谷","千葉",TRUE,FALSE,"人数：3314人"
"201",21,"12.10","1749","SR渋谷","千葉",TRUE,FALSE,"人数：3502人"
"202",22,"12.16","1776","SR渋谷","大阪",FALSE,TRUE,"人数：2190人"
"203",23,"12.17","1777","SR渋谷","大阪",FALSE,TRUE,"人数：3373人"
"204",24,"12.20","1781","SR渋谷","栃木",FALSE,TRUE,"人数：3295人"
"205",25,"12.23","1793","SR渋谷","A東京",TRUE,FALSE,"人数：2783人"
"206",26,"12.24","1794","SR渋谷","A東京",TRUE,FALSE,"人数：2811人"
"207",27,"12.30","1811","SR渋谷","川崎",TRUE,FALSE,"人数：2529人"
"208",28,"12.31","1812","SR渋谷","川崎",TRUE,FALSE,"人数：2504人"
"209",29,"1.20","1833","SR渋谷","三遠",FALSE,TRUE,"人数：1016人"
"210",30,"1.21","1834","SR渋谷","三遠",FALSE,TRUE,"人数：1357人"
"211",31,"1.27","1855","SR渋谷","京都",FALSE,TRUE,"人数：1115人"
"212",32,"1.28","1856","SR渋谷","京都",FALSE,TRUE,"人数：1245人"
"213",33,"2.03","1865","SR渋谷","富山",FALSE,TRUE,"人数：2520人"
"214",34,"2.04","1866","SR渋谷","富山",FALSE,TRUE,"人数：2769人"
"215",35,"2.09","1881","SR渋谷","北海道",TRUE,FALSE,"人数：2016人"
"216",36,"2.10","1882","SR渋谷","北海道",TRUE,FALSE,"人数：2053人"
"217",37,"2.16","1901","SR渋谷","琉球",TRUE,FALSE,"人数：3195人"
"218",38,"2.17","1902","SR渋谷","琉球",TRUE,FALSE,"人数：3245人"
"219",39,"3.03","1917","SR渋谷","千葉",FALSE,TRUE,"人数：5114人"
"220",40,"3.04","1918","SR渋谷","千葉",FALSE,TRUE,"人数：4777人"
"221",41,"3.10","1935","SR渋谷","A東京",FALSE,TRUE,"人数：2609人"
"222",42,"3.11","1936","SR渋谷","A東京",FALSE,TRUE,"人数：2747人"
"223",43,"3.17","1955","SR渋谷","三河",TRUE,FALSE,"人数：3209人"
"224",44,"3.18","1956","SR渋谷","三河",TRUE,FALSE,"人数：3369人"
"225",45,"3.24","1977","SR渋谷","新潟",FALSE,TRUE,"人数：3195人"
"226",46,"3.25","1978","SR渋谷","新潟",FALSE,TRUE,"人数：3401人"
"227",47,"3.28","1987","SR渋谷","北海道",FALSE,TRUE,"人数：3360人"
"228",48,"3.30","1998","SR渋谷","栃木",TRUE,FALSE,"人数：2420人"
"229",49,"3.31","1999","SR渋谷","栃木",TRUE,FALSE,"人数：2555人"
"230",50,"4.07","2018","SR渋谷","A東京",TRUE,FALSE,"人数：2500人"
"231",51,"4.08","2019","SR渋谷","A東京",TRUE,FALSE,"人数：2684人"
"232",52,"4.14","2046","SR渋谷","滋賀",FALSE,TRUE,"人数：1851人"
"233",53,"4.15","2047","SR渋谷","滋賀",FALSE,TRUE,"人数：1904人"
"234",54,"4.21","2054","SR渋谷","千葉",TRUE,FALSE,"人数：2616人"
"235",55,"4.22","2055","SR渋谷","千葉",TRUE,FALSE,"人数：3066人"
"236",56,"4.28","2068","SR渋谷","栃木",FALSE,TRUE,"人数：4024人"
"237",57,"4.29","2069","SR渋谷","栃木",FALSE,TRUE,"人数：4165人"
"238",58,"5.02","2088","SR渋谷","北海道",TRUE,FALSE,"人数：1878人"
"239",59,"5.05","2101","SR渋谷","大阪",TRUE,FALSE,"人数：2365人"
"240",60,"5.06","2102","SR渋谷","大阪",TRUE,FALSE,"人数：2706人"
"241",1,"9.30","1585","A東京","大阪",FALSE,TRUE,"人数：4532人"
"242",2,"10.01","1586","A東京","大阪",FALSE,TRUE,"人数：4022人"
"243",3,"10.09","1595","A東京","新潟",TRUE,FALSE,"人数：2837人"
"244",4,"10.10","1596","A東京","新潟",TRUE,FALSE,"人数：1789人"
"245",5,"10.14","1613","A東京","横浜",TRUE,FALSE,"人数：2638人"
"246",6,"10.15","1614","A東京","横浜",TRUE,FALSE,"人数：1932人"
"247",7,"10.21","1627","A東京","栃木",FALSE,TRUE,"人数：2792人"
"248",8,"10.22","1628","A東京","栃木",FALSE,TRUE,"人数：2786人"
"249",9,"10.25","1645","A東京","川崎",TRUE,FALSE,"人数：2186人"
"250",10,"10.28","1656","A東京","富山",TRUE,FALSE,"人数：2223人"
"251",11,"10.29","1657","A東京","富山",TRUE,FALSE,"人数：1657人"
"252",12,"11.03","1686","A東京","島根",FALSE,TRUE,"人数：3721人"
"253",13,"11.04","1687","A東京","島根",FALSE,TRUE,"人数：2166人"
"254",14,"11.11","1692","A東京","千葉",FALSE,TRUE,"人数：5286人"
"255",15,"11.12","1693","A東京","千葉",FALSE,TRUE,"人数：5774人"
"256",16,"11.17","1708","A東京","北海道",TRUE,FALSE,"人数：1908人"
"257",17,"11.18","1709","A東京","北海道",TRUE,FALSE,"人数：2537人"
"258",18,"12.02","1736","A東京","三河",FALSE,TRUE,"人数：3018人"
"259",19,"12.03","1737","A東京","三河",FALSE,TRUE,"人数：3039人"
"260",20,"12.09","1746","A東京","大阪",TRUE,FALSE,"人数：1480人"
"261",21,"12.10","1747","A東京","大阪",TRUE,FALSE,"人数：1947人"
"262",22,"12.16","1764","A東京","栃木",TRUE,FALSE,"人数：3004人"
"263",23,"12.17","1765","A東京","栃木",TRUE,FALSE,"人数：3028人"
"264",24,"12.20","1782","A東京","川崎",FALSE,TRUE,"人数：2643人"
"265",25,"12.23","1793","A東京","SR渋谷",FALSE,TRUE,"人数：2783人"
"266",26,"12.24","1794","A東京","SR渋谷",FALSE,TRUE,"人数：2811人"
"267",27,"12.31","1809","A東京","千葉",TRUE,FALSE,"人数：3592人"
"268",28,"1.01","1810","A東京","千葉",TRUE,FALSE,"人数：3258人"
"269",29,"1.20","1839","A東京","京都",FALSE,TRUE,"人数：1900人"
"270",30,"1.21","1840","A東京","京都",FALSE,TRUE,"人数：2347人"
"271",31,"1.27","1845","A東京","滋賀",TRUE,FALSE,"人数：2184人"
"272",32,"1.28","1846","A東京","滋賀",TRUE,FALSE,"人数：2095人"
"273",33,"2.03","1861","A東京","北海道",FALSE,TRUE,"人数：2320人"
"274",34,"2.04","1862","A東京","北海道",FALSE,TRUE,"人数：2815人"
"275",35,"2.10","1879","A東京","川崎",TRUE,FALSE,"人数：2911人"
"276",36,"2.11","1880","A東京","川崎",TRUE,FALSE,"人数：3091人"
"277",37,"2.17","1899","A東京","千葉",FALSE,TRUE,"人数：4874人"
"278",38,"2.18","1900","A東京","千葉",FALSE,TRUE,"人数：5345人"
"279",39,"3.03","1921","A東京","新潟",FALSE,TRUE,"人数：2522人"
"280",40,"3.04","1922","A東京","新潟",FALSE,TRUE,"人数：3482人"
"281",41,"3.10","1935","A東京","SR渋谷",TRUE,FALSE,"人数：2609人"
"282",42,"3.11","1936","A東京","SR渋谷",TRUE,FALSE,"人数：2747人"
"283",43,"3.17","1965","A東京","西宮",FALSE,TRUE,"人数：2687人"
"284",44,"3.18","1966","A東京","西宮",FALSE,TRUE,"人数：3074人"
"285",45,"3.24","1973","A東京","北海道",TRUE,FALSE,"人数：1987人"
"286",46,"3.25","1974","A東京","北海道",TRUE,FALSE,"人数：2832人"
"287",47,"3.28","1988","A東京","栃木",TRUE,FALSE,"人数：3064人"
"288",48,"3.30","2000","A東京","川崎",FALSE,TRUE,"人数：2824人"
"289",49,"3.31","2001","A東京","川崎",FALSE,TRUE,"人数：3926人"
"290",50,"4.07","2018","A東京","SR渋谷",FALSE,TRUE,"人数：2500人"
"291",51,"4.08","2019","A東京","SR渋谷",FALSE,TRUE,"人数：2684人"
"292",52,"4.14","2038","A東京","名古屋D",TRUE,FALSE,"人数：2317人"
"293",53,"4.15","2039","A東京","名古屋D",TRUE,FALSE,"人数：2501人"
"294",54,"4.21","2052","A東京","三遠",TRUE,FALSE,"人数：2068人"
"295",55,"4.22","2053","A東京","三遠",TRUE,FALSE,"人数：2806人"
"296",56,"4.28","2084","A東京","琉球",FALSE,TRUE,"人数：3701人"
"297",57,"4.29","2085","A東京","琉球",FALSE,TRUE,"人数：3709人"
"298",58,"5.02","2086","A東京","栃木",FALSE,TRUE,"人数：4380人"
"299",59,"5.05","2099","A東京","京都",TRUE,FALSE,"人数：2760人"
"300",60,"5.06","2100","A東京","京都",TRUE,FALSE,"人数：3221人"
"301",1,"9.30","1587","千葉","西宮",FALSE,TRUE,"人数：2693人"
"302",2,"10.01","1588","千葉","西宮",FALSE,TRUE,"人数：2497人"
"303",3,"10.07","1593","千葉","京都",TRUE,FALSE,"人数：4871人"
"304",4,"10.08","1594","千葉","京都",TRUE,FALSE,"人数：5163人"
"305",5,"10.14","1611","千葉","栃木",FALSE,TRUE,"人数：3910人"
"306",6,"10.15","1612","千葉","栃木",FALSE,TRUE,"人数：4191人"
"307",7,"10.21","1629","千葉","大阪",TRUE,FALSE,"人数：4937人"
"308",8,"10.22","1630","千葉","大阪",TRUE,FALSE,"人数：4833人"
"309",9,"10.25","1646","千葉","北海道",TRUE,FALSE,"人数：5034人"
"310",10,"10.27","1670","千葉","琉球",FALSE,TRUE,"人数：3476人"
"311",11,"10.29","1671","千葉","琉球",FALSE,TRUE,"人数：3633人"
"312",12,"11.04","1672","千葉","栃木",FALSE,TRUE,"人数：4097人"
"313",13,"11.05","1673","千葉","栃木",FALSE,TRUE,"人数：4105人"
"314",14,"11.11","1692","千葉","A東京",TRUE,FALSE,"人数：5286人"
"315",15,"11.12","1693","千葉","A東京",TRUE,FALSE,"人数：5774人"
"316",16,"11.18","1720","千葉","京都",FALSE,TRUE,"人数：1825人"
"317",17,"11.19","1721","千葉","京都",FALSE,TRUE,"人数：2023人"
"318",18,"12.02","1732","千葉","新潟",FALSE,TRUE,"人数：4214人"
"319",19,"12.03","1733","千葉","新潟",FALSE,TRUE,"人数：5002人"
"320",20,"12.09","1748","千葉","SR渋谷",FALSE,TRUE,"人数：3314人"
"321",21,"12.10","1749","千葉","SR渋谷",FALSE,TRUE,"人数：3502人"
"322",22,"12.16","1762","千葉","川崎",TRUE,FALSE,"人数：5189人"
"323",23,"12.17","1763","千葉","川崎",TRUE,FALSE,"人数：5649人"
"324",24,"12.20","1780","千葉","北海道",FALSE,TRUE,"人数：4431人"
"325",25,"12.23","1791","千葉","名古屋D",TRUE,FALSE,"人数：4858人"
"326",26,"12.24","1792","千葉","名古屋D",TRUE,FALSE,"人数：5190人"
"327",27,"12.31","1809","千葉","A東京",FALSE,TRUE,"人数：3592人"
"328",28,"1.01","1810","千葉","A東京",FALSE,TRUE,"人数：3258人"
"329",29,"1.20","1829","千葉","横浜",TRUE,FALSE,"人数：5909人"
"330",30,"1.21","1830","千葉","横浜",TRUE,FALSE,"人数：5779人"
"331",31,"1.26","1847","千葉","川崎",FALSE,TRUE,"人数：2940人"
"332",32,"1.27","1848","千葉","川崎",FALSE,TRUE,"人数：3932人"
"333",33,"2.03","1871","千葉","滋賀",FALSE,TRUE,"人数：2738人"
"334",34,"2.04","1872","千葉","滋賀",FALSE,TRUE,"人数：3115人"
"335",35,"2.10","1885","千葉","富山",FALSE,TRUE,"人数：3239人"
"336",36,"2.11","1886","千葉","富山",FALSE,TRUE,"人数：4101人"
"337",37,"2.17","1899","千葉","A東京",TRUE,FALSE,"人数：4874人"
"338",38,"2.18","1900","千葉","A東京",TRUE,FALSE,"人数：5345人"
"339",39,"3.03","1917","千葉","SR渋谷",TRUE,FALSE,"人数：5114人"
"340",40,"3.04","1918","千葉","SR渋谷",TRUE,FALSE,"人数：4777人"
"341",41,"3.10","1949","千葉","島根",FALSE,TRUE,"人数：2135人"
"342",42,"3.11","1950","千葉","島根",FALSE,TRUE,"人数：1912人"
"343",43,"3.17","1953","千葉","栃木",TRUE,FALSE,"人数：5155人"
"344",44,"3.18","1954","千葉","栃木",TRUE,FALSE,"人数：5428人"
"345",45,"3.24","1971","千葉","三遠",TRUE,FALSE,"人数：4512人"
"346",46,"3.25","1972","千葉","三遠",TRUE,FALSE,"人数：5138人"
"347",47,"3.28","1989","千葉","川崎",FALSE,TRUE,"人数：3812人"
"348",48,"3.31","1996","千葉","北海道",FALSE,TRUE,"人数：4015人"
"349",49,"4.01","1997","千葉","北海道",FALSE,TRUE,"人数：4760人"
"350",50,"4.07","2016","千葉","三河",TRUE,FALSE,"人数：5283人"
"351",51,"4.08","2017","千葉","三河",TRUE,FALSE,"人数：5360人"
"352",52,"4.14","2036","千葉","西宮",TRUE,FALSE,"人数：4418人"
"353",53,"4.15","2037","千葉","西宮",TRUE,FALSE,"人数：4722人"
"354",54,"4.21","2054","千葉","SR渋谷",FALSE,TRUE,"人数：2616人"
"355",55,"4.22","2055","千葉","SR渋谷",FALSE,TRUE,"人数：3066人"
"356",56,"4.28","2070","千葉","北海道",TRUE,FALSE,"人数：4331人"
"357",57,"4.29","2071","千葉","北海道",TRUE,FALSE,"人数：5889人"
"358",58,"5.02","2087","千葉","川崎",TRUE,FALSE,"人数：6036人"
"359",59,"5.05","2097","千葉","琉球",TRUE,FALSE,"人数：5521人"
"360",60,"5.06","2098","千葉","琉球",TRUE,FALSE,"人数：5519人"
"361",1,"9.30","1579","新潟","島根",TRUE,FALSE,"人数：3926人"
"362",2,"10.01","1580","新潟","島根",TRUE,FALSE,"人数：3680人"
"363",3,"10.09","1595","新潟","A東京",FALSE,TRUE,"人数：2837人"
"364",4,"10.10","1596","新潟","A東京",FALSE,TRUE,"人数：1789人"
"365",5,"10.14","1617","新潟","三遠",FALSE,TRUE,"人数：2738人"
"366",6,"10.15","1618","新潟","三遠",FALSE,TRUE,"人数：2777人"
"367",7,"10.21","1635","新潟","北海道",TRUE,FALSE,"人数：2216人"
"368",8,"10.22","1636","新潟","北海道",TRUE,FALSE,"人数：2146人"
"369",9,"10.25","1648","新潟","横浜",TRUE,FALSE,"人数：2243人"
"370",10,"10.27","1660","新潟","川崎",FALSE,TRUE,"人数：956人"
"371",11,"10.28","1661","新潟","川崎",FALSE,TRUE,"人数：1502人"
"372",12,"11.04","1676","新潟","富山",FALSE,TRUE,"人数：2705人"
"373",13,"11.05","1677","新潟","富山",FALSE,TRUE,"人数：2501人"
"374",14,"11.11","1698","新潟","三河",TRUE,FALSE,"人数：3001人"
"375",15,"11.12","1699","新潟","三河",TRUE,FALSE,"人数：3281人"
"376",16,"11.20","1718","新潟","滋賀",FALSE,TRUE,"人数：1688人"
"377",17,"11.21","1719","新潟","滋賀",FALSE,TRUE,"人数：1712人"
"378",18,"12.02","1732","新潟","千葉",TRUE,FALSE,"人数：4214人"
"379",19,"12.03","1733","新潟","千葉",TRUE,FALSE,"人数：5002人"
"380",20,"12.09","1760","新潟","西宮",FALSE,TRUE,"人数：1036人"
"381",21,"12.10","1761","新潟","西宮",FALSE,TRUE,"人数：1196人"
"382",22,"12.16","1770","新潟","三河",FALSE,TRUE,"人数：2245人"
"383",23,"12.17","1771","新潟","三河",FALSE,TRUE,"人数：2510人"
"384",24,"12.20","1783","新潟","横浜",FALSE,TRUE,"人数：2706人"
"385",25,"12.23","1799","新潟","富山",TRUE,FALSE,"人数：2370人"
"386",26,"12.24","1800","新潟","富山",TRUE,FALSE,"人数：2840人"
"387",27,"12.29","1813","新潟","栃木",TRUE,FALSE,"人数：4325人"
"388",28,"12.30","1814","新潟","栃木",TRUE,FALSE,"人数：5005人"
"389",29,"1.20","1837","新潟","名古屋D",FALSE,TRUE,"人数：1755人"
"390",30,"1.21","1838","新潟","名古屋D",FALSE,TRUE,"人数：2227人"
"391",31,"1.27","1851","新潟","三河",TRUE,FALSE,"人数：2227人"
"392",32,"1.28","1852","新潟","三河",TRUE,FALSE,"人数：2772人"
"393",33,"2.03","1863","新潟","横浜",TRUE,FALSE,"人数：2606人"
"394",34,"2.04","1864","新潟","横浜",TRUE,FALSE,"人数：2838人"
"395",35,"2.09","1891","新潟","京都",FALSE,TRUE,"人数：1906人"
"396",36,"2.10","1892","新潟","京都",FALSE,TRUE,"人数：1744人"
"397",37,"2.17","1905","新潟","名古屋D",TRUE,FALSE,"人数：2016人"
"398",38,"2.18","1906","新潟","名古屋D",TRUE,FALSE,"人数：2098人"
"399",39,"3.03","1921","新潟","A東京",TRUE,FALSE,"人数：2522人"
"400",40,"3.04","1922","新潟","A東京",TRUE,FALSE,"人数：3482人"
"401",41,"3.10","1939","新潟","横浜",FALSE,TRUE,"人数：3111人"
"402",42,"3.11","1940","新潟","横浜",FALSE,TRUE,"人数：4562人"
"403",43,"3.17","1959","新潟","三遠",FALSE,TRUE,"人数：1751人"
"404",44,"3.18","1960","新潟","三遠",FALSE,TRUE,"人数：2038人"
"405",45,"3.24","1977","新潟","SR渋谷",TRUE,FALSE,"人数：3195人"
"406",46,"3.25","1978","新潟","SR渋谷",TRUE,FALSE,"人数：3401人"
"407",47,"3.28","1991","新潟","富山",FALSE,TRUE,"人数：3031人"
"408",48,"3.31","2010","新潟","大阪",FALSE,TRUE,"人数：2849人"
"409",49,"4.01","2011","新潟","大阪",FALSE,TRUE,"人数：3318人"
"410",50,"4.07","2022","新潟","名古屋D",TRUE,FALSE,"人数：2388人"
"411",51,"4.08","2023","新潟","名古屋D",TRUE,FALSE,"人数：2671人"
"412",52,"4.14","2040","新潟","琉球",TRUE,FALSE,"人数：2716人"
"413",53,"4.15","2041","新潟","琉球",TRUE,FALSE,"人数：3139人"
"414",54,"4.21","2066","新潟","島根",FALSE,TRUE,"人数：1457人"
"415",55,"4.22","2067","新潟","島根",FALSE,TRUE,"人数：1546人"
"416",56,"4.28","2076","新潟","三遠",TRUE,FALSE,"人数：3515人"
"417",57,"4.29","2077","新潟","三遠",TRUE,FALSE,"人数：4335人"
"418",58,"5.02","2089","新潟","富山",TRUE,FALSE,"人数：2580人"
"419",59,"5.06","2095","新潟","北海道",FALSE,TRUE,"人数：6299人"
"420",60,"5.07","2096","新潟","北海道",FALSE,TRUE,"人数：4883人"
"421",1,"9.30","1581","富山","北海道",TRUE,FALSE,"人数：3302人"
"422",2,"10.01","1582","富山","北海道",TRUE,FALSE,"人数：2797人"
"423",3,"10.07","1599","富山","西宮",TRUE,FALSE,"人数：1720人"
"424",4,"10.08","1600","富山","西宮",TRUE,FALSE,"人数：1813人"
"425",5,"10.14","1619","富山","三河",FALSE,TRUE,"人数：2099人"
"426",6,"10.15","1620","富山","三河",FALSE,TRUE,"人数：2524人"
"427",7,"10.21","1637","富山","京都",TRUE,FALSE,"人数：1522人"
"428",8,"10.22","1638","富山","京都",TRUE,FALSE,"人数：1702人"
"429",9,"10.25","1650","富山","名古屋D",FALSE,TRUE,"人数：1611人"
"430",10,"10.28","1656","富山","A東京",FALSE,TRUE,"人数：2223人"
"431",11,"10.29","1657","富山","A東京",FALSE,TRUE,"人数：1657人"
"432",12,"11.04","1676","富山","新潟",TRUE,FALSE,"人数：2705人"
"433",13,"11.05","1677","富山","新潟",TRUE,FALSE,"人数：2501人"
"434",14,"11.11","1696","富山","横浜",FALSE,TRUE,"人数：2603人"
"435",15,"11.12","1697","富山","横浜",FALSE,TRUE,"人数：2706人"
"436",16,"11.18","1712","富山","川崎",TRUE,FALSE,"人数：2122人"
"437",17,"11.19","1713","富山","川崎",TRUE,FALSE,"人数：2627人"
"438",18,"12.02","1734","富山","滋賀",TRUE,FALSE,"人数：2278人"
"439",19,"12.03","1735","富山","滋賀",TRUE,FALSE,"人数：2602人"
"440",20,"12.09","1754","富山","三遠",FALSE,TRUE,"人数：1760人"
"441",21,"12.10","1755","富山","三遠",FALSE,TRUE,"人数：2266人"
"442",22,"12.16","1766","富山","横浜",TRUE,FALSE,"人数：2514人"
"443",23,"12.17","1767","富山","横浜",TRUE,FALSE,"人数：2711人"
"444",24,"12.20","1784","富山","名古屋D",TRUE,FALSE,"人数：2861人"
"445",25,"12.23","1799","富山","新潟",FALSE,TRUE,"人数：2370人"
"446",26,"12.24","1800","富山","新潟",FALSE,TRUE,"人数：2840人"
"447",27,"12.29","1821","富山","西宮",FALSE,TRUE,"人数：1596人"
"448",28,"12.30","1822","富山","西宮",FALSE,TRUE,"人数：2386人"
"449",29,"1.20","1831","富山","島根",TRUE,FALSE,"人数：2433人"
"450",30,"1.21","1832","富山","島根",TRUE,FALSE,"人数：3288人"
"451",31,"1.27","1853","富山","三遠",FALSE,TRUE,"人数：1508人"
"452",32,"1.28","1854","富山","三遠",FALSE,TRUE,"人数：1816人"
"453",33,"2.03","1865","富山","SR渋谷",TRUE,FALSE,"人数：2520人"
"454",34,"2.04","1866","富山","SR渋谷",TRUE,FALSE,"人数：2769人"
"455",35,"2.10","1885","富山","千葉",TRUE,FALSE,"人数：3239人"
"456",36,"2.11","1886","富山","千葉",TRUE,FALSE,"人数：4101人"
"457",37,"2.17","1909","富山","三河",FALSE,TRUE,"人数：2124人"
"458",38,"2.18","1910","富山","三河",FALSE,TRUE,"人数：2759人"
"459",39,"3.03","1923","富山","名古屋D",TRUE,FALSE,"人数：2522人"
"460",40,"3.04","1924","富山","名古屋D",TRUE,FALSE,"人数：3010人"
"461",41,"3.09","1947","富山","大阪",FALSE,TRUE,"人数：2883人"
"462",42,"3.10","1948","富山","大阪",FALSE,TRUE,"人数：2868人"
"463",43,"3.17","1951","富山","北海道",FALSE,TRUE,"人数：3901人"
"464",44,"3.18","1952","富山","北海道",FALSE,TRUE,"人数：4355人"
"465",45,"3.24","1985","富山","琉球",FALSE,TRUE,"人数：2101人"
"466",46,"3.25","1986","富山","琉球",FALSE,TRUE,"人数：2216人"
"467",47,"3.28","1991","富山","新潟",TRUE,FALSE,"人数：3031人"
"468",48,"3.31","2002","富山","横浜",TRUE,FALSE,"人数：2458人"
"469",49,"4.01","2003","富山","横浜",TRUE,FALSE,"人数：2858人"
"470",50,"4.07","2024","富山","三遠",TRUE,FALSE,"人数：2404人"
"471",51,"4.08","2025","富山","三遠",TRUE,FALSE,"人数：3103人"
"472",52,"4.14","2034","富山","栃木",FALSE,TRUE,"人数：3705人"
"473",53,"4.15","2035","富山","栃木",FALSE,TRUE,"人数：3911人"
"474",54,"4.21","2060","富山","名古屋D",FALSE,TRUE,"人数：1536人"
"475",55,"4.22","2061","富山","名古屋D",FALSE,TRUE,"人数：1954人"
"476",56,"4.28","2078","富山","三河",TRUE,FALSE,"人数：3906人"
"477",57,"4.29","2079","富山","三河",TRUE,FALSE,"人数：4508人"
"478",58,"5.02","2089","富山","新潟",FALSE,TRUE,"人数：2580人"
"479",59,"5.05","2109","富山","滋賀",FALSE,TRUE,"人数：3380人"
"480",60,"5.06","2110","富山","滋賀",FALSE,TRUE,"人数：3625人"
"481",1,"9.29","1577","横浜","滋賀",TRUE,FALSE,"人数：2863人"
"482",2,"9.30","1578","横浜","滋賀",TRUE,FALSE,"人数：2788人"
"483",3,"10.08","1591","横浜","北海道",FALSE,TRUE,"人数：5687人"
"484",4,"10.09","1592","横浜","北海道",FALSE,TRUE,"人数：3176人"
"485",5,"10.14","1613","横浜","A東京",FALSE,TRUE,"人数：2638人"
"486",6,"10.15","1614","横浜","A東京",FALSE,TRUE,"人数：1932人"
"487",7,"10.21","1633","横浜","三河",TRUE,FALSE,"人数：3506人"
"488",8,"10.22","1634","横浜","三河",TRUE,FALSE,"人数：2851人"
"489",9,"10.25","1648","横浜","新潟",FALSE,TRUE,"人数：2243人"
"490",10,"10.28","1658","横浜","SR渋谷",FALSE,TRUE,"人数：2011人"
"491",11,"10.29","1659","横浜","SR渋谷",FALSE,TRUE,"人数：1832人"
"492",12,"11.04","1674","横浜","三遠",TRUE,FALSE,"人数：2616人"
"493",13,"11.05","1675","横浜","三遠",TRUE,FALSE,"人数：2703人"
"494",14,"11.11","1696","横浜","富山",TRUE,FALSE,"人数：2603人"
"495",15,"11.12","1697","横浜","富山",TRUE,FALSE,"人数：2706人"
"496",16,"11.18","1716","横浜","三河",FALSE,TRUE,"人数：2515人"
"497",17,"11.19","1717","横浜","三河",FALSE,TRUE,"人数：3051人"
"498",18,"12.02","1730","横浜","琉球",TRUE,FALSE,"人数：3857人"
"499",19,"12.03","1731","横浜","琉球",TRUE,FALSE,"人数：4272人"
"500",20,"12.10","1752","横浜","栃木",TRUE,FALSE,"人数：2678人"
"501",21,"12.11","1753","横浜","栃木",TRUE,FALSE,"人数：2602人"
"502",22,"12.16","1766","横浜","富山",FALSE,TRUE,"人数：2514人"
"503",23,"12.17","1767","横浜","富山",FALSE,TRUE,"人数：2711人"
"504",24,"12.20","1783","横浜","新潟",TRUE,FALSE,"人数：2706人"
"505",25,"12.23","1797","横浜","北海道",TRUE,FALSE,"人数：2911人"
"506",26,"12.24","1798","横浜","北海道",TRUE,FALSE,"人数：3016人"
"507",27,"12.29","1817","横浜","滋賀",FALSE,TRUE,"人数：2243人"
"508",28,"12.30","1818","横浜","滋賀",FALSE,TRUE,"人数：2915人"
"509",29,"1.20","1829","横浜","千葉",FALSE,TRUE,"人数：5909人"
"510",30,"1.21","1830","横浜","千葉",FALSE,TRUE,"人数：5779人"
"511",31,"1.27","1849","横浜","名古屋D",TRUE,FALSE,"人数：3082人"
"512",32,"1.28","1850","横浜","名古屋D",TRUE,FALSE,"人数：4104人"
"513",33,"2.03","1863","横浜","新潟",FALSE,TRUE,"人数：2606人"
"514",34,"2.04","1864","横浜","新潟",FALSE,TRUE,"人数：2838人"
"515",35,"2.10","1883","横浜","島根",TRUE,FALSE,"人数：3116人"
"516",36,"2.11","1884","横浜","島根",TRUE,FALSE,"人数：3833人"
"517",37,"2.17","1907","横浜","三遠",FALSE,TRUE,"人数：3565人"
"518",38,"2.18","1908","横浜","三遠",FALSE,TRUE,"人数：1607人"
"519",39,"3.03","1919","横浜","川崎",TRUE,FALSE,"人数：3421人"
"520",40,"3.04","1920","横浜","川崎",TRUE,FALSE,"人数：3361人"
"521",41,"3.10","1939","横浜","新潟",TRUE,FALSE,"人数：3111人"
"522",42,"3.11","1940","横浜","新潟",TRUE,FALSE,"人数：4562人"
"523",43,"3.17","1961","横浜","名古屋D",FALSE,TRUE,"人数：2480人"
"524",44,"3.18","1962","横浜","名古屋D",FALSE,TRUE,"人数：3214人"
"525",45,"3.24","1975","横浜","三河",TRUE,FALSE,"人数：3237人"
"526",46,"3.25","1976","横浜","三河",TRUE,FALSE,"人数：3653人"
"527",47,"3.28","1990","横浜","三遠",TRUE,FALSE,"人数：3212人"
"528",48,"3.31","2002","横浜","富山",FALSE,TRUE,"人数：2458人"
"529",49,"4.01","2003","横浜","富山",FALSE,TRUE,"人数：2858人"
"530",50,"4.07","2020","横浜","西宮",TRUE,FALSE,"人数：1889人"
"531",51,"4.08","2021","横浜","西宮",TRUE,FALSE,"人数：2176人"
"532",52,"4.14","2048","横浜","大阪",FALSE,TRUE,"人数：2458人"
"533",53,"4.15","2049","横浜","大阪",FALSE,TRUE,"人数：3129人"
"534",54,"4.21","2062","横浜","京都",FALSE,TRUE,"人数：3537人"
"535",55,"4.22","2063","横浜","京都",FALSE,TRUE,"人数：3042人"
"536",56,"4.27","2074","横浜","名古屋D",TRUE,FALSE,"人数：2428人"
"537",57,"4.28","2075","横浜","名古屋D",TRUE,FALSE,"人数：3211人"
"538",58,"5.02","2090","横浜","三遠",FALSE,TRUE,"人数：2768人"
"539",59,"5.05","2111","横浜","島根",FALSE,TRUE,"人数：3188人"
"540",60,"5.06","2112","横浜","島根",FALSE,TRUE,"人数：3035人"
"541",1,"9.29","1575","川崎","名古屋D",TRUE,FALSE,"人数：3304人"
"542",2,"9.30","1576","川崎","名古屋D",TRUE,FALSE,"人数：3897人"
"543",3,"10.07","1605","川崎","滋賀",FALSE,TRUE,"人数：2541人"
"544",4,"10.08","1606","川崎","滋賀",FALSE,TRUE,"人数：2309人"
"545",5,"10.15","1609","川崎","北海道",FALSE,TRUE,"人数：3790人"
"546",6,"10.16","1610","川崎","北海道",FALSE,TRUE,"人数：3225人"
"547",7,"10.20","1631","川崎","SR渋谷",TRUE,FALSE,"人数：2239人"
"548",8,"10.21","1632","川崎","SR渋谷",TRUE,FALSE,"人数：3629人"
"549",9,"10.25","1645","川崎","A東京",FALSE,TRUE,"人数：2186人"
"550",10,"10.27","1660","川崎","新潟",TRUE,FALSE,"人数：956人"
"551",11,"10.28","1661","川崎","新潟",TRUE,FALSE,"人数：1502人"
"552",12,"11.03","1678","川崎","名古屋D",FALSE,TRUE,"人数：1638人"
"553",13,"11.04","1679","川崎","名古屋D",FALSE,TRUE,"人数：1901人"
"554",14,"11.11","1694","川崎","栃木",TRUE,FALSE,"人数：2820人"
"555",15,"11.12","1695","川崎","栃木",TRUE,FALSE,"人数：2756人"
"556",16,"11.18","1712","川崎","富山",FALSE,TRUE,"人数：2122人"
"557",17,"11.19","1713","川崎","富山",FALSE,TRUE,"人数：2627人"
"558",18,"12.01","1728","川崎","SR渋谷",TRUE,FALSE,"人数：1822人"
"559",19,"12.02","1729","川崎","SR渋谷",TRUE,FALSE,"人数：3765人"
"560",20,"12.08","1750","川崎","三河",TRUE,FALSE,"人数：2172人"
"561",21,"12.09","1751","川崎","三河",TRUE,FALSE,"人数：2860人"
"562",22,"12.16","1762","川崎","千葉",FALSE,TRUE,"人数：5189人"
"563",23,"12.17","1763","川崎","千葉",FALSE,TRUE,"人数：5649人"
"564",24,"12.20","1782","川崎","A東京",TRUE,FALSE,"人数：2643人"
"565",25,"12.22","1795","川崎","大阪",TRUE,FALSE,"人数：1806人"
"566",26,"12.23","1796","川崎","大阪",TRUE,FALSE,"人数：2910人"
"567",27,"12.30","1811","川崎","SR渋谷",FALSE,TRUE,"人数：2529人"
"568",28,"12.31","1812","川崎","SR渋谷",FALSE,TRUE,"人数：2504人"
"569",29,"1.20","1825","川崎","北海道",FALSE,TRUE,"人数：5097人"
"570",30,"1.21","1826","川崎","北海道",FALSE,TRUE,"人数：5479人"
"571",31,"1.26","1847","川崎","千葉",TRUE,FALSE,"人数：2940人"
"572",32,"1.27","1848","川崎","千葉",TRUE,FALSE,"人数：3932人"
"573",33,"2.03","1875","川崎","島根",FALSE,TRUE,"人数：2898人"
"574",34,"2.04","1876","川崎","島根",FALSE,TRUE,"人数：2610人"
"575",35,"2.10","1879","川崎","A東京",FALSE,TRUE,"人数：2911人"
"576",36,"2.11","1880","川崎","A東京",FALSE,TRUE,"人数：3091人"
"577",37,"2.16","1903","川崎","北海道",TRUE,FALSE,"人数：2132人"
"578",38,"2.17","1904","川崎","北海道",TRUE,FALSE,"人数：3832人"
"579",39,"3.03","1919","川崎","横浜",FALSE,TRUE,"人数：3421人"
"580",40,"3.04","1920","川崎","横浜",FALSE,TRUE,"人数：3361人"
"581",41,"3.09","1937","川崎","西宮",TRUE,FALSE,"人数：1901人"
"582",42,"3.10","1938","川崎","西宮",TRUE,FALSE,"人数：3469人"
"583",43,"3.16","1957","川崎","滋賀",TRUE,FALSE,"人数：2805人"
"584",44,"3.17","1958","川崎","滋賀",TRUE,FALSE,"人数：4371人"
"585",45,"3.24","1969","川崎","栃木",FALSE,TRUE,"人数：2826人"
"586",46,"3.25","1970","川崎","栃木",FALSE,TRUE,"人数：2804人"
"587",47,"3.28","1989","川崎","千葉",TRUE,FALSE,"人数：3812人"
"588",48,"3.30","2000","川崎","A東京",TRUE,FALSE,"人数：2824人"
"589",49,"3.31","2001","川崎","A東京",TRUE,FALSE,"人数：3926人"
"590",50,"4.07","2030","川崎","琉球",FALSE,TRUE,"人数：3389人"
"591",51,"4.08","2031","川崎","琉球",FALSE,TRUE,"人数：3501人"
"592",52,"4.14","2042","川崎","三遠",FALSE,TRUE,"人数：2824人"
"593",53,"4.15","2043","川崎","三遠",FALSE,TRUE,"人数：3015人"
"594",54,"4.20","2056","川崎","栃木",TRUE,FALSE,"人数：4497人"
"595",55,"4.21","2057","川崎","栃木",TRUE,FALSE,"人数：4577人"
"596",56,"4.27","2072","川崎","京都",TRUE,FALSE,"人数：3122人"
"597",57,"4.28","2073","川崎","京都",TRUE,FALSE,"人数：4456人"
"598",58,"5.02","2087","川崎","千葉",FALSE,TRUE,"人数：6036人"
"599",59,"5.05","2105","川崎","三河",FALSE,TRUE,"人数：2951人"
"600",60,"5.06","2106","川崎","三河",FALSE,TRUE,"人数：3045人"
"601",1,"9.30","1583","三遠","京都",FALSE,TRUE,"人数：2324人"
"602",2,"10.01","1584","三遠","京都",FALSE,TRUE,"人数：2427人"
"603",3,"10.07","1597","三遠","SR渋谷",FALSE,TRUE,"人数：2502人"
"604",4,"10.08","1598","三遠","SR渋谷",FALSE,TRUE,"人数：2253人"
"605",5,"10.14","1617","三遠","新潟",TRUE,FALSE,"人数：2738人"
"606",6,"10.15","1618","三遠","新潟",TRUE,FALSE,"人数：2777人"
"607",7,"10.21","1639","三遠","名古屋D",FALSE,TRUE,"人数：2035人"
"608",8,"10.22","1640","三遠","名古屋D",FALSE,TRUE,"人数：1721人"
"609",9,"10.25","1649","三遠","三河",TRUE,FALSE,"人数：2312人"
"610",10,"10.28","1662","三遠","滋賀",TRUE,FALSE,"人数：1113人"
"611",11,"10.29","1663","三遠","滋賀",TRUE,FALSE,"人数：1102人"
"612",12,"11.04","1674","三遠","横浜",FALSE,TRUE,"人数：2616人"
"613",13,"11.05","1675","三遠","横浜",FALSE,TRUE,"人数：2703人"
"614",14,"11.11","1700","三遠","名古屋D",FALSE,TRUE,"人数：1208人"
"615",15,"11.12","1701","三遠","名古屋D",FALSE,TRUE,"人数：2020人"
"616",16,"11.18","1714","三遠","大阪",TRUE,FALSE,"人数：1905人"
"617",17,"11.19","1715","三遠","大阪",TRUE,FALSE,"人数：2087人"
"618",18,"12.02","1726","三遠","栃木",FALSE,TRUE,"人数：2776人"
"619",19,"12.03","1727","三遠","栃木",FALSE,TRUE,"人数：2824人"
"620",20,"12.09","1754","三遠","富山",TRUE,FALSE,"人数：1760人"
"621",21,"12.10","1755","三遠","富山",TRUE,FALSE,"人数：2266人"
"622",22,"12.15","1768","三遠","京都",TRUE,FALSE,"人数：1786人"
"623",23,"12.16","1769","三遠","京都",TRUE,FALSE,"人数：2712人"
"624",24,"12.20","1785","三遠","三河",FALSE,TRUE,"人数：2601人"
"625",25,"12.23","1803","三遠","西宮",FALSE,TRUE,"人数：1702人"
"626",26,"12.24","1804","三遠","西宮",FALSE,TRUE,"人数：1743人"
"627",27,"12.29","1807","三遠","北海道",FALSE,TRUE,"人数：3664人"
"628",28,"12.30","1808","三遠","北海道",FALSE,TRUE,"人数：4931人"
"629",29,"1.20","1833","三遠","SR渋谷",TRUE,FALSE,"人数：1016人"
"630",30,"1.21","1834","三遠","SR渋谷",TRUE,FALSE,"人数：1357人"
"631",31,"1.27","1853","三遠","富山",TRUE,FALSE,"人数：1508人"
"632",32,"1.28","1854","三遠","富山",TRUE,FALSE,"人数：1816人"
"633",33,"2.03","1867","三遠","名古屋D",TRUE,FALSE,"人数：2067人"
"634",34,"2.04","1868","三遠","名古屋D",TRUE,FALSE,"人数：1843人"
"635",35,"2.11","1887","三遠","三河",FALSE,TRUE,"人数：2504人"
"636",36,"2.12","1888","三遠","三河",FALSE,TRUE,"人数：2386人"
"637",37,"2.17","1907","三遠","横浜",TRUE,FALSE,"人数：3565人"
"638",38,"2.18","1908","三遠","横浜",TRUE,FALSE,"人数：1607人"
"639",39,"3.03","1929","三遠","島根",FALSE,TRUE,"人数：2078人"
"640",40,"3.04","1930","三遠","島根",FALSE,TRUE,"人数：2131人"
"641",41,"3.10","1941","三遠","琉球",TRUE,FALSE,"人数：2237人"
"642",42,"3.11","1942","三遠","琉球",TRUE,FALSE,"人数：2113人"
"643",43,"3.17","1959","三遠","新潟",TRUE,FALSE,"人数：1751人"
"644",44,"3.18","1960","三遠","新潟",TRUE,FALSE,"人数：2038人"
"645",45,"3.24","1971","三遠","千葉",FALSE,TRUE,"人数：4512人"
"646",46,"3.25","1972","三遠","千葉",FALSE,TRUE,"人数：5138人"
"647",47,"3.28","1990","三遠","横浜",FALSE,TRUE,"人数：3212人"
"648",48,"3.31","2004","三遠","三河",TRUE,FALSE,"人数：1909人"
"649",49,"4.01","2005","三遠","三河",TRUE,FALSE,"人数：3908人"
"650",50,"4.07","2024","三遠","富山",FALSE,TRUE,"人数：2404人"
"651",51,"4.08","2025","三遠","富山",FALSE,TRUE,"人数：3103人"
"652",52,"4.14","2042","三遠","川崎",TRUE,FALSE,"人数：2824人"
"653",53,"4.15","2043","三遠","川崎",TRUE,FALSE,"人数：3015人"
"654",54,"4.21","2052","三遠","A東京",FALSE,TRUE,"人数：2068人"
"655",55,"4.22","2053","三遠","A東京",FALSE,TRUE,"人数：2806人"
"656",56,"4.28","2076","三遠","新潟",FALSE,TRUE,"人数：3515人"
"657",57,"4.29","2077","三遠","新潟",FALSE,TRUE,"人数：4335人"
"658",58,"5.02","2090","三遠","横浜",TRUE,FALSE,"人数：2768人"
"659",59,"5.05","2103","三遠","西宮",TRUE,FALSE,"人数：1228人"
"660",60,"5.06","2104","三遠","西宮",TRUE,FALSE,"人数：1502人"
"661",1,"9.29","1573","三河","栃木",FALSE,TRUE,"人数：4012人"
"662",2,"9.30","1574","三河","栃木",FALSE,TRUE,"人数：4111人"
"663",3,"10.07","1601","三河","大阪",TRUE,FALSE,"人数：2488人"
"664",4,"10.08","1602","三河","大阪",TRUE,FALSE,"人数：2712人"
"665",5,"10.14","1619","三河","富山",TRUE,FALSE,"人数：2099人"
"666",6,"10.15","1620","三河","富山",TRUE,FALSE,"人数：2524人"
"667",7,"10.21","1633","三河","横浜",FALSE,TRUE,"人数：3506人"
"668",8,"10.22","1634","三河","横浜",FALSE,TRUE,"人数：2851人"
"669",9,"10.25","1649","三河","三遠",FALSE,TRUE,"人数：2312人"
"670",10,"10.28","1664","三河","名古屋D",TRUE,FALSE,"人数：2447人"
"671",11,"10.29","1665","三河","名古屋D",TRUE,FALSE,"人数：2681人"
"672",12,"11.03","1682","三河","大阪",FALSE,TRUE,"人数：2212人"
"673",13,"11.04","1683","三河","大阪",FALSE,TRUE,"人数：2152人"
"674",14,"11.11","1698","三河","新潟",FALSE,TRUE,"人数：3001人"
"675",15,"11.12","1699","三河","新潟",FALSE,TRUE,"人数：3281人"
"676",16,"11.18","1716","三河","横浜",TRUE,FALSE,"人数：2515人"
"677",17,"11.19","1717","三河","横浜",TRUE,FALSE,"人数：3051人"
"678",18,"12.02","1736","三河","A東京",TRUE,FALSE,"人数：3018人"
"679",19,"12.03","1737","三河","A東京",TRUE,FALSE,"人数：3039人"
"680",20,"12.08","1750","三河","川崎",FALSE,TRUE,"人数：2172人"
"681",21,"12.09","1751","三河","川崎",FALSE,TRUE,"人数：2860人"
"682",22,"12.16","1770","三河","新潟",TRUE,FALSE,"人数：2245人"
"683",23,"12.17","1771","三河","新潟",TRUE,FALSE,"人数：2510人"
"684",24,"12.20","1785","三河","三遠",TRUE,FALSE,"人数：2601人"
"685",25,"12.23","1801","三河","京都",FALSE,TRUE,"人数：1960人"
"686",26,"12.24","1802","三河","京都",FALSE,TRUE,"人数：1292人"
"687",27,"12.30","1815","三河","名古屋D",FALSE,TRUE,"人数：3697人"
"688",28,"12.31","1816","三河","名古屋D",FALSE,TRUE,"人数：3050人"
"689",29,"1.20","1835","三河","西宮",TRUE,FALSE,"人数：2753人"
"690",30,"1.21","1836","三河","西宮",TRUE,FALSE,"人数：3102人"
"691",31,"1.27","1851","三河","新潟",FALSE,TRUE,"人数：2227人"
"692",32,"1.28","1852","三河","新潟",FALSE,TRUE,"人数：2772人"
"693",33,"2.03","1869","三河","栃木",TRUE,FALSE,"人数：5327人"
"694",34,"2.04","1870","三河","栃木",TRUE,FALSE,"人数：5089人"
"695",35,"2.11","1887","三河","三遠",TRUE,FALSE,"人数：2504人"
"696",36,"2.12","1888","三河","三遠",TRUE,FALSE,"人数：2386人"
"697",37,"2.17","1909","三河","富山",TRUE,FALSE,"人数：2124人"
"698",38,"2.18","1910","三河","富山",TRUE,FALSE,"人数：2759人"
"699",39,"3.03","1925","三河","滋賀",FALSE,TRUE,"人数：2226人"
"700",40,"3.04","1926","三河","滋賀",FALSE,TRUE,"人数：2628人"
"701",41,"3.11","1943","三河","北海道",TRUE,FALSE,"人数：2807人"
"702",42,"3.12","1944","三河","北海道",TRUE,FALSE,"人数：2553人"
"703",43,"3.17","1955","三河","SR渋谷",FALSE,TRUE,"人数：3209人"
"704",44,"3.18","1956","三河","SR渋谷",FALSE,TRUE,"人数：3369人"
"705",45,"3.24","1975","三河","横浜",FALSE,TRUE,"人数：3237人"
"706",46,"3.25","1976","三河","横浜",FALSE,TRUE,"人数：3653人"
"707",47,"3.28","1992","三河","名古屋D",TRUE,FALSE,"人数：3062人"
"708",48,"3.31","2004","三河","三遠",FALSE,TRUE,"人数：1909人"
"709",49,"4.01","2005","三河","三遠",FALSE,TRUE,"人数：3908人"
"710",50,"4.07","2016","三河","千葉",FALSE,TRUE,"人数：5283人"
"711",51,"4.08","2017","三河","千葉",FALSE,TRUE,"人数：5360人"
"712",52,"4.14","2044","三河","島根",TRUE,FALSE,"人数：2604人"
"713",53,"4.15","2045","三河","島根",TRUE,FALSE,"人数：2721人"
"714",54,"4.21","2058","三河","琉球",TRUE,FALSE,"人数：2601人"
"715",55,"4.22","2059","三河","琉球",TRUE,FALSE,"人数：3669人"
"716",56,"4.28","2078","三河","富山",FALSE,TRUE,"人数：3906人"
"717",57,"4.29","2079","三河","富山",FALSE,TRUE,"人数：4508人"
"718",58,"5.02","2091","三河","名古屋D",FALSE,TRUE,"人数：4413人"
"719",59,"5.05","2105","三河","川崎",TRUE,FALSE,"人数：2951人"
"720",60,"5.06","2106","三河","川崎",TRUE,FALSE,"人数：3045人"
"721",1,"9.29","1575","名古屋D","川崎",FALSE,TRUE,"人数：3304人"
"722",2,"9.30","1576","名古屋D","川崎",FALSE,TRUE,"人数：3897人"
"723",3,"10.07","1603","名古屋D","琉球",TRUE,FALSE,"人数：4529人"
"724",4,"10.08","1604","名古屋D","琉球",TRUE,FALSE,"人数：4508人"
"725",5,"10.14","1615","名古屋D","SR渋谷",FALSE,TRUE,"人数：1857人"
"726",6,"10.15","1616","名古屋D","SR渋谷",FALSE,TRUE,"人数：1919人"
"727",7,"10.21","1639","名古屋D","三遠",TRUE,FALSE,"人数：2035人"
"728",8,"10.22","1640","名古屋D","三遠",TRUE,FALSE,"人数：1721人"
"729",9,"10.25","1650","名古屋D","富山",TRUE,FALSE,"人数：1611人"
"730",10,"10.28","1664","名古屋D","三河",FALSE,TRUE,"人数：2447人"
"731",11,"10.29","1665","名古屋D","三河",FALSE,TRUE,"人数：2681人"
"732",12,"11.03","1678","名古屋D","川崎",TRUE,FALSE,"人数：1638人"
"733",13,"11.04","1679","名古屋D","川崎",TRUE,FALSE,"人数：1901人"
"734",14,"11.11","1700","名古屋D","三遠",TRUE,FALSE,"人数：1208人"
"735",15,"11.12","1701","名古屋D","三遠",TRUE,FALSE,"人数：2020人"
"736",16,"11.18","1724","名古屋D","琉球",FALSE,TRUE,"人数：3632人"
"737",17,"11.19","1725","名古屋D","琉球",FALSE,TRUE,"人数：3521人"
"738",18,"12.02","1738","名古屋D","京都",TRUE,FALSE,"人数：4283人"
"739",19,"12.03","1739","名古屋D","京都",TRUE,FALSE,"人数：4939人"
"740",20,"12.08","1744","名古屋D","北海道",FALSE,TRUE,"人数：2620人"
"741",21,"12.09","1745","名古屋D","北海道",FALSE,TRUE,"人数：4035人"
"742",22,"12.16","1772","名古屋D","島根",TRUE,FALSE,"人数：1527人"
"743",23,"12.17","1773","名古屋D","島根",TRUE,FALSE,"人数：2061人"
"744",24,"12.20","1784","名古屋D","富山",FALSE,TRUE,"人数：2861人"
"745",25,"12.23","1791","名古屋D","千葉",FALSE,TRUE,"人数：4858人"
"746",26,"12.24","1792","名古屋D","千葉",FALSE,TRUE,"人数：5190人"
"747",27,"12.30","1815","名古屋D","三河",TRUE,FALSE,"人数：3697人"
"748",28,"12.31","1816","名古屋D","三河",TRUE,FALSE,"人数：3050人"
"749",29,"1.20","1837","名古屋D","新潟",TRUE,FALSE,"人数：1755人"
"750",30,"1.21","1838","名古屋D","新潟",TRUE,FALSE,"人数：2227人"
"751",31,"1.27","1849","名古屋D","横浜",FALSE,TRUE,"人数：3082人"
"752",32,"1.28","1850","名古屋D","横浜",FALSE,TRUE,"人数：4104人"
"753",33,"2.03","1867","名古屋D","三遠",FALSE,TRUE,"人数：2067人"
"754",34,"2.04","1868","名古屋D","三遠",FALSE,TRUE,"人数：1843人"
"755",35,"2.11","1889","名古屋D","西宮",TRUE,FALSE,"人数：3693人"
"756",36,"2.12","1890","名古屋D","西宮",TRUE,FALSE,"人数：2636人"
"757",37,"2.17","1905","名古屋D","新潟",FALSE,TRUE,"人数：2016人"
"758",38,"2.18","1906","名古屋D","新潟",FALSE,TRUE,"人数：2098人"
"759",39,"3.03","1923","名古屋D","富山",FALSE,TRUE,"人数：2522人"
"760",40,"3.04","1924","名古屋D","富山",FALSE,TRUE,"人数：3010人"
"761",41,"3.10","1933","名古屋D","栃木",FALSE,TRUE,"人数：3592人"
"762",42,"3.11","1934","名古屋D","栃木",FALSE,TRUE,"人数：4144人"
"763",43,"3.17","1961","名古屋D","横浜",TRUE,FALSE,"人数：2480人"
"764",44,"3.18","1962","名古屋D","横浜",TRUE,FALSE,"人数：3214人"
"765",45,"3.24","1979","名古屋D","大阪",TRUE,FALSE,"人数：2078人"
"766",46,"3.25","1980","名古屋D","大阪",TRUE,FALSE,"人数：2102人"
"767",47,"3.28","1992","名古屋D","三河",FALSE,TRUE,"人数：3062人"
"768",48,"3.31","2006","名古屋D","滋賀",TRUE,FALSE,"人数：1981人"
"769",49,"4.01","2007","名古屋D","滋賀",TRUE,FALSE,"人数：2072人"
"770",50,"4.07","2022","名古屋D","新潟",FALSE,TRUE,"人数：2388人"
"771",51,"4.08","2023","名古屋D","新潟",FALSE,TRUE,"人数：2671人"
"772",52,"4.14","2038","名古屋D","A東京",FALSE,TRUE,"人数：2317人"
"773",53,"4.15","2039","名古屋D","A東京",FALSE,TRUE,"人数：2501人"
"774",54,"4.21","2060","名古屋D","富山",TRUE,FALSE,"人数：1536人"
"775",55,"4.22","2061","名古屋D","富山",TRUE,FALSE,"人数：1954人"
"776",56,"4.27","2074","名古屋D","横浜",FALSE,TRUE,"人数：2428人"
"777",57,"4.28","2075","名古屋D","横浜",FALSE,TRUE,"人数：3211人"
"778",58,"5.02","2091","名古屋D","三河",TRUE,FALSE,"人数：4413人"
"779",59,"5.04","2107","名古屋D","栃木",TRUE,FALSE,"人数：3639人"
"780",60,"5.05","2108","名古屋D","栃木",TRUE,FALSE,"人数：3060人"
"781",1,"9.29","1577","滋賀","横浜",FALSE,TRUE,"人数：2863人"
"782",2,"9.30","1578","滋賀","横浜",FALSE,TRUE,"人数：2788人"
"783",3,"10.07","1605","滋賀","川崎",TRUE,FALSE,"人数：2541人"
"784",4,"10.08","1606","滋賀","川崎",TRUE,FALSE,"人数：2309人"
"785",5,"10.14","1625","滋賀","琉球",FALSE,TRUE,"人数：3221人"
"786",6,"10.15","1626","滋賀","琉球",FALSE,TRUE,"人数：3250人"
"787",7,"10.20","1641","滋賀","西宮",FALSE,TRUE,"人数：1435人"
"788",8,"10.21","1642","滋賀","西宮",FALSE,TRUE,"人数：1787人"
"789",9,"10.25","1651","滋賀","大阪",TRUE,FALSE,"人数：1869人"
"790",10,"10.28","1662","滋賀","三遠",FALSE,TRUE,"人数：1113人"
"791",11,"10.29","1663","滋賀","三遠",FALSE,TRUE,"人数：1102人"
"792",12,"11.04","1680","滋賀","京都",TRUE,FALSE,"人数：1983人"
"793",13,"11.05","1681","滋賀","京都",TRUE,FALSE,"人数：2124人"
"794",14,"11.11","1702","滋賀","島根",TRUE,FALSE,"人数：1847人"
"795",15,"11.12","1703","滋賀","島根",TRUE,FALSE,"人数：2103人"
"796",16,"11.20","1718","滋賀","新潟",TRUE,FALSE,"人数：1688人"
"797",17,"11.21","1719","滋賀","新潟",TRUE,FALSE,"人数：1712人"
"798",18,"12.02","1734","滋賀","富山",FALSE,TRUE,"人数：2278人"
"799",19,"12.03","1735","滋賀","富山",FALSE,TRUE,"人数：2602人"
"800",20,"12.08","1756","滋賀","琉球",TRUE,FALSE,"人数：1736人"
"801",21,"12.09","1757","滋賀","琉球",TRUE,FALSE,"人数：2401人"
"802",22,"12.16","1774","滋賀","北海道",TRUE,FALSE,"人数：2161人"
"803",23,"12.17","1775","滋賀","北海道",TRUE,FALSE,"人数：2518人"
"804",24,"12.20","1786","滋賀","大阪",FALSE,TRUE,"人数：1884人"
"805",25,"12.22","1805","滋賀","島根",FALSE,TRUE,"人数：2052人"
"806",26,"12.23","1806","滋賀","島根",FALSE,TRUE,"人数：2568人"
"807",27,"12.29","1817","滋賀","横浜",TRUE,FALSE,"人数：2243人"
"808",28,"12.30","1818","滋賀","横浜",TRUE,FALSE,"人数：2915人"
"809",29,"1.18","1827","滋賀","栃木",FALSE,TRUE,"人数：2802人"
"810",30,"1.19","1828","滋賀","栃木",FALSE,TRUE,"人数：3176人"
"811",31,"1.27","1845","滋賀","A東京",FALSE,TRUE,"人数：2184人"
"812",32,"1.28","1846","滋賀","A東京",FALSE,TRUE,"人数：2095人"
"813",33,"2.03","1871","滋賀","千葉",TRUE,FALSE,"人数：2738人"
"814",34,"2.04","1872","滋賀","千葉",TRUE,FALSE,"人数：3115人"
"815",35,"2.10","1895","滋賀","琉球",FALSE,TRUE,"人数：3451人"
"816",36,"2.11","1896","滋賀","琉球",FALSE,TRUE,"人数：3440人"
"817",37,"2.17","1911","滋賀","大阪",TRUE,FALSE,"人数：1982人"
"818",38,"2.18","1912","滋賀","大阪",TRUE,FALSE,"人数：2527人"
"819",39,"3.03","1925","滋賀","三河",TRUE,FALSE,"人数：2226人"
"820",40,"3.04","1926","滋賀","三河",TRUE,FALSE,"人数：2628人"
"821",41,"3.10","1945","滋賀","京都",FALSE,TRUE,"人数：1192人"
"822",42,"3.11","1946","滋賀","京都",FALSE,TRUE,"人数：1148人"
"823",43,"3.16","1957","滋賀","川崎",FALSE,TRUE,"人数：2805人"
"824",44,"3.17","1958","滋賀","川崎",FALSE,TRUE,"人数：4371人"
"825",45,"3.24","1981","滋賀","西宮",TRUE,FALSE,"人数：1819人"
"826",46,"3.25","1982","滋賀","西宮",TRUE,FALSE,"人数：2055人"
"827",47,"3.28","1995","滋賀","島根",FALSE,TRUE,"人数：1776人"
"828",48,"3.31","2006","滋賀","名古屋D",FALSE,TRUE,"人数：1981人"
"829",49,"4.01","2007","滋賀","名古屋D",FALSE,TRUE,"人数：2072人"
"830",50,"4.07","2026","滋賀","京都",TRUE,FALSE,"人数：3209人"
"831",51,"4.08","2027","滋賀","京都",TRUE,FALSE,"人数：2287人"
"832",52,"4.14","2046","滋賀","SR渋谷",TRUE,FALSE,"人数：1851人"
"833",53,"4.15","2047","滋賀","SR渋谷",TRUE,FALSE,"人数：1904人"
"834",54,"4.21","2064","滋賀","西宮",FALSE,TRUE,"人数：1307人"
"835",55,"4.22","2065","滋賀","西宮",FALSE,TRUE,"人数：1686人"
"836",56,"4.28","2080","滋賀","大阪",FALSE,TRUE,"人数：3407人"
"837",57,"4.29","2081","滋賀","大阪",FALSE,TRUE,"人数：5138人"
"838",58,"5.02","2092","滋賀","島根",TRUE,FALSE,"人数：2277人"
"839",59,"5.05","2109","滋賀","富山",TRUE,FALSE,"人数：3380人"
"840",60,"5.06","2110","滋賀","富山",TRUE,FALSE,"人数：3625人"
"841",1,"9.30","1585","大阪","A東京",TRUE,FALSE,"人数：4532人"
"842",2,"10.01","1586","大阪","A東京",TRUE,FALSE,"人数：4022人"
"843",3,"10.07","1601","大阪","三河",FALSE,TRUE,"人数：2488人"
"844",4,"10.08","1602","大阪","三河",FALSE,TRUE,"人数：2712人"
"845",5,"10.14","1623","大阪","島根",TRUE,FALSE,"人数：1797人"
"846",6,"10.15","1624","大阪","島根",TRUE,FALSE,"人数：2071人"
"847",7,"10.21","1629","大阪","千葉",FALSE,TRUE,"人数：4937人"
"848",8,"10.22","1630","大阪","千葉",FALSE,TRUE,"人数：4833人"
"849",9,"10.25","1651","大阪","滋賀",FALSE,TRUE,"人数：1869人"
"850",10,"10.28","1668","大阪","西宮",TRUE,FALSE,"人数：1868人"
"851",11,"10.29","1669","大阪","西宮",TRUE,FALSE,"人数：2951人"
"852",12,"11.03","1682","大阪","三河",TRUE,FALSE,"人数：2212人"
"853",13,"11.04","1683","大阪","三河",TRUE,FALSE,"人数：2152人"
"854",14,"11.11","1704","大阪","京都",FALSE,TRUE,"人数：1781人"
"855",15,"11.12","1705","大阪","京都",FALSE,TRUE,"人数：2024人"
"856",16,"11.18","1714","大阪","三遠",FALSE,TRUE,"人数：1905人"
"857",17,"11.19","1715","大阪","三遠",FALSE,TRUE,"人数：2087人"
"858",18,"12.01","1740","大阪","西宮",TRUE,FALSE,"人数：2308人"
"859",19,"12.02","1741","大阪","西宮",TRUE,FALSE,"人数：3396人"
"860",20,"12.09","1746","大阪","A東京",FALSE,TRUE,"人数：1480人"
"861",21,"12.10","1747","大阪","A東京",FALSE,TRUE,"人数：1947人"
"862",22,"12.16","1776","大阪","SR渋谷",TRUE,FALSE,"人数：2190人"
"863",23,"12.17","1777","大阪","SR渋谷",TRUE,FALSE,"人数：3373人"
"864",24,"12.20","1786","大阪","滋賀",TRUE,FALSE,"人数：1884人"
"865",25,"12.22","1795","大阪","川崎",FALSE,TRUE,"人数：1806人"
"866",26,"12.23","1796","大阪","川崎",FALSE,TRUE,"人数：2910人"
"867",27,"12.29","1819","大阪","京都",TRUE,FALSE,"人数：2612人"
"868",28,"12.30","1820","大阪","京都",TRUE,FALSE,"人数：3423人"
"869",29,"1.19","1841","大阪","琉球",TRUE,FALSE,"人数：1513人"
"870",30,"1.20","1842","大阪","琉球",TRUE,FALSE,"人数：3354人"
"871",31,"1.27","1859","大阪","島根",FALSE,TRUE,"人数：1840人"
"872",32,"1.28","1860","大阪","島根",FALSE,TRUE,"人数：2321人"
"873",33,"2.04","1873","大阪","西宮",FALSE,TRUE,"人数：2239人"
"874",34,"2.05","1874","大阪","西宮",FALSE,TRUE,"人数：1122人"
"875",35,"2.10","1893","大阪","栃木",TRUE,FALSE,"人数：5591人"
"876",36,"2.11","1894","大阪","栃木",TRUE,FALSE,"人数：6001人"
"877",37,"2.17","1911","大阪","滋賀",FALSE,TRUE,"人数：1982人"
"878",38,"2.18","1912","大阪","滋賀",FALSE,TRUE,"人数：2527人"
"879",39,"3.02","1931","大阪","琉球",FALSE,TRUE,"人数：3131人"
"880",40,"3.03","1932","大阪","琉球",FALSE,TRUE,"人数：3302人"
"881",41,"3.09","1947","大阪","富山",TRUE,FALSE,"人数：2883人"
"882",42,"3.10","1948","大阪","富山",TRUE,FALSE,"人数：2868人"
"883",43,"3.17","1963","大阪","京都",TRUE,FALSE,"人数：1926人"
"884",44,"3.18","1964","大阪","京都",TRUE,FALSE,"人数：2467人"
"885",45,"3.24","1979","大阪","名古屋D",FALSE,TRUE,"人数：2078人"
"886",46,"3.25","1980","大阪","名古屋D",FALSE,TRUE,"人数：2102人"
"887",47,"3.28","1994","大阪","琉球",TRUE,FALSE,"人数：2528人"
"888",48,"3.31","2010","大阪","新潟",TRUE,FALSE,"人数：2849人"
"889",49,"4.01","2011","大阪","新潟",TRUE,FALSE,"人数：3318人"
"890",50,"4.07","2028","大阪","島根",FALSE,TRUE,"人数：2412人"
"891",51,"4.08","2029","大阪","島根",FALSE,TRUE,"人数：2856人"
"892",52,"4.14","2048","大阪","横浜",TRUE,FALSE,"人数：2458人"
"893",53,"4.15","2049","大阪","横浜",TRUE,FALSE,"人数：3129人"
"894",54,"4.21","2050","大阪","北海道",FALSE,TRUE,"人数：1947人"
"895",55,"4.22","2051","大阪","北海道",FALSE,TRUE,"人数：2289人"
"896",56,"4.28","2080","大阪","滋賀",TRUE,FALSE,"人数：3407人"
"897",57,"4.29","2081","大阪","滋賀",TRUE,FALSE,"人数：5138人"
"898",58,"5.02","2094","大阪","琉球",FALSE,TRUE,"人数：3612人"
"899",59,"5.05","2101","大阪","SR渋谷",FALSE,TRUE,"人数：2365人"
"900",60,"5.06","2102","大阪","SR渋谷",FALSE,TRUE,"人数：2706人"
"901",1,"9.30","1583","京都","三遠",TRUE,FALSE,"人数：2324人"
"902",2,"10.01","1584","京都","三遠",TRUE,FALSE,"人数：2427人"
"903",3,"10.07","1593","京都","千葉",FALSE,TRUE,"人数：4871人"
"904",4,"10.08","1594","京都","千葉",FALSE,TRUE,"人数：5163人"
"905",5,"10.13","1621","京都","西宮",TRUE,FALSE,"人数：1437人"
"906",6,"10.14","1622","京都","西宮",TRUE,FALSE,"人数：1483人"
"907",7,"10.21","1637","京都","富山",FALSE,TRUE,"人数：1522人"
"908",8,"10.22","1638","京都","富山",FALSE,TRUE,"人数：1702人"
"909",9,"10.25","1652","京都","琉球",TRUE,FALSE,"人数：1869人"
"910",10,"10.28","1666","京都","島根",TRUE,FALSE,"人数：1295人"
"911",11,"10.29","1667","京都","島根",TRUE,FALSE,"人数：2879人"
"912",12,"11.04","1680","京都","滋賀",FALSE,TRUE,"人数：1983人"
"913",13,"11.05","1681","京都","滋賀",FALSE,TRUE,"人数：2124人"
"914",14,"11.11","1704","京都","大阪",TRUE,FALSE,"人数：1781人"
"915",15,"11.12","1705","京都","大阪",TRUE,FALSE,"人数：2024人"
"916",16,"11.18","1720","京都","千葉",TRUE,FALSE,"人数：1825人"
"917",17,"11.19","1721","京都","千葉",TRUE,FALSE,"人数：2023人"
"918",18,"12.02","1738","京都","名古屋D",FALSE,TRUE,"人数：4283人"
"919",19,"12.03","1739","京都","名古屋D",FALSE,TRUE,"人数：4939人"
"920",20,"12.09","1758","京都","島根",TRUE,FALSE,"人数：1644人"
"921",21,"12.10","1759","京都","島根",TRUE,FALSE,"人数：2402人"
"922",22,"12.15","1768","京都","三遠",FALSE,TRUE,"人数：1786人"
"923",23,"12.16","1769","京都","三遠",FALSE,TRUE,"人数：2712人"
"924",24,"12.20","1788","京都","琉球",FALSE,TRUE,"人数：3706人"
"925",25,"12.23","1801","京都","三河",TRUE,FALSE,"人数：1960人"
"926",26,"12.24","1802","京都","三河",TRUE,FALSE,"人数：1292人"
"927",27,"12.29","1819","京都","大阪",FALSE,TRUE,"人数：2612人"
"928",28,"12.30","1820","京都","大阪",FALSE,TRUE,"人数：3423人"
"929",29,"1.20","1839","京都","A東京",TRUE,FALSE,"人数：1900人"
"930",30,"1.21","1840","京都","A東京",TRUE,FALSE,"人数：2347人"
"931",31,"1.27","1855","京都","SR渋谷",TRUE,FALSE,"人数：1115人"
"932",32,"1.28","1856","京都","SR渋谷",TRUE,FALSE,"人数：1245人"
"933",33,"2.03","1877","京都","琉球",FALSE,TRUE,"人数：3350人"
"934",34,"2.04","1878","京都","琉球",FALSE,TRUE,"人数：3401人"
"935",35,"2.09","1891","京都","新潟",TRUE,FALSE,"人数：1906人"
"936",36,"2.10","1892","京都","新潟",TRUE,FALSE,"人数：1744人"
"937",37,"2.16","1913","京都","西宮",FALSE,TRUE,"人数：1092人"
"938",38,"2.17","1914","京都","西宮",FALSE,TRUE,"人数：2061人"
"939",39,"3.03","1927","京都","栃木",TRUE,FALSE,"人数：3062人"
"940",40,"3.04","1928","京都","栃木",TRUE,FALSE,"人数：3528人"
"941",41,"3.10","1945","京都","滋賀",TRUE,FALSE,"人数：1192人"
"942",42,"3.11","1946","京都","滋賀",TRUE,FALSE,"人数：1148人"
"943",43,"3.17","1963","京都","大阪",FALSE,TRUE,"人数：1926人"
"944",44,"3.18","1964","京都","大阪",FALSE,TRUE,"人数：2467人"
"945",45,"3.24","1983","京都","島根",FALSE,TRUE,"人数：1721人"
"946",46,"3.25","1984","京都","島根",FALSE,TRUE,"人数：1909人"
"947",47,"3.28","1993","京都","西宮",TRUE,FALSE,"人数：1697人"
"948",48,"3.31","2008","京都","琉球",TRUE,FALSE,"人数：2430人"
"949",49,"4.01","2009","京都","琉球",TRUE,FALSE,"人数：4207人"
"950",50,"4.07","2026","京都","滋賀",FALSE,TRUE,"人数：3209人"
"951",51,"4.08","2027","京都","滋賀",FALSE,TRUE,"人数：2287人"
"952",52,"4.14","2032","京都","北海道",FALSE,TRUE,"人数：3622人"
"953",53,"4.15","2033","京都","北海道",FALSE,TRUE,"人数：3810人"
"954",54,"4.21","2062","京都","横浜",TRUE,FALSE,"人数：3537人"
"955",55,"4.22","2063","京都","横浜",TRUE,FALSE,"人数：3042人"
"956",56,"4.27","2072","京都","川崎",FALSE,TRUE,"人数：3122人"
"957",57,"4.28","2073","京都","川崎",FALSE,TRUE,"人数：4456人"
"958",58,"5.02","2093","京都","西宮",FALSE,TRUE,"人数：2893人"
"959",59,"5.05","2099","京都","A東京",FALSE,TRUE,"人数：2760人"
"960",60,"5.06","2100","京都","A東京",FALSE,TRUE,"人数：3221人"
"961",1,"9.30","1587","西宮","千葉",TRUE,FALSE,"人数：2693人"
"962",2,"10.01","1588","西宮","千葉",TRUE,FALSE,"人数：2497人"
"963",3,"10.07","1599","西宮","富山",FALSE,TRUE,"人数：1720人"
"964",4,"10.08","1600","西宮","富山",FALSE,TRUE,"人数：1813人"
"965",5,"10.13","1621","西宮","京都",FALSE,TRUE,"人数：1437人"
"966",6,"10.14","1622","西宮","京都",FALSE,TRUE,"人数：1483人"
"967",7,"10.20","1641","西宮","滋賀",TRUE,FALSE,"人数：1435人"
"968",8,"10.21","1642","西宮","滋賀",TRUE,FALSE,"人数：1787人"
"969",9,"10.25","1653","西宮","島根",TRUE,FALSE,"人数：1518人"
"970",10,"10.28","1668","西宮","大阪",FALSE,TRUE,"人数：1868人"
"971",11,"10.29","1669","西宮","大阪",FALSE,TRUE,"人数：2951人"
"972",12,"11.03","1684","西宮","SR渋谷",TRUE,FALSE,"人数：1404人"
"973",13,"11.04","1685","西宮","SR渋谷",TRUE,FALSE,"人数：1465人"
"974",14,"11.11","1706","西宮","琉球",TRUE,FALSE,"人数：1260人"
"975",15,"11.12","1707","西宮","琉球",TRUE,FALSE,"人数：1408人"
"976",16,"11.18","1722","西宮","栃木",TRUE,FALSE,"人数：2917人"
"977",17,"11.19","1723","西宮","栃木",TRUE,FALSE,"人数：2830人"
"978",18,"12.01","1740","西宮","大阪",FALSE,TRUE,"人数：2308人"
"979",19,"12.02","1741","西宮","大阪",FALSE,TRUE,"人数：3396人"
"980",20,"12.09","1760","西宮","新潟",TRUE,FALSE,"人数：1036人"
"981",21,"12.10","1761","西宮","新潟",TRUE,FALSE,"人数：1196人"
"982",22,"12.16","1778","西宮","琉球",FALSE,TRUE,"人数：3594人"
"983",23,"12.17","1779","西宮","琉球",FALSE,TRUE,"人数：3533人"
"984",24,"12.20","1787","西宮","島根",FALSE,TRUE,"人数：1625人"
"985",25,"12.23","1803","西宮","三遠",TRUE,FALSE,"人数：1702人"
"986",26,"12.24","1804","西宮","三遠",TRUE,FALSE,"人数：1743人"
"987",27,"12.29","1821","西宮","富山",TRUE,FALSE,"人数：1596人"
"988",28,"12.30","1822","西宮","富山",TRUE,FALSE,"人数：2386人"
"989",29,"1.20","1835","西宮","三河",FALSE,TRUE,"人数：2753人"
"990",30,"1.21","1836","西宮","三河",FALSE,TRUE,"人数：3102人"
"991",31,"1.28","1857","西宮","琉球",TRUE,FALSE,"人数：1670人"
"992",32,"1.29","1858","西宮","琉球",TRUE,FALSE,"人数：1152人"
"993",33,"2.04","1873","西宮","大阪",TRUE,FALSE,"人数：2239人"
"994",34,"2.05","1874","西宮","大阪",TRUE,FALSE,"人数：1122人"
"995",35,"2.11","1889","西宮","名古屋D",FALSE,TRUE,"人数：3693人"
"996",36,"2.12","1890","西宮","名古屋D",FALSE,TRUE,"人数：2636人"
"997",37,"2.16","1913","西宮","京都",TRUE,FALSE,"人数：1092人"
"998",38,"2.17","1914","西宮","京都",TRUE,FALSE,"人数：2061人"
"999",39,"3.05","1915","西宮","北海道",FALSE,TRUE,"人数：2833人"
"1000",40,"3.06","1916","西宮","北海道",FALSE,TRUE,"人数：3031人"
"1001",41,"3.09","1937","西宮","川崎",FALSE,TRUE,"人数：1901人"
"1002",42,"3.10","1938","西宮","川崎",FALSE,TRUE,"人数：3469人"
"1003",43,"3.17","1965","西宮","A東京",TRUE,FALSE,"人数：2687人"
"1004",44,"3.18","1966","西宮","A東京",TRUE,FALSE,"人数：3074人"
"1005",45,"3.24","1981","西宮","滋賀",FALSE,TRUE,"人数：1819人"
"1006",46,"3.25","1982","西宮","滋賀",FALSE,TRUE,"人数：2055人"
"1007",47,"3.28","1993","西宮","京都",FALSE,TRUE,"人数：1697人"
"1008",48,"3.31","2012","西宮","島根",TRUE,FALSE,"人数：1941人"
"1009",49,"4.01","2013","西宮","島根",TRUE,FALSE,"人数：2238人"
"1010",50,"4.07","2020","西宮","横浜",FALSE,TRUE,"人数：1889人"
"1011",51,"4.08","2021","西宮","横浜",FALSE,TRUE,"人数：2176人"
"1012",52,"4.14","2036","西宮","千葉",FALSE,TRUE,"人数：4418人"
"1013",53,"4.15","2037","西宮","千葉",FALSE,TRUE,"人数：4722人"
"1014",54,"4.21","2064","西宮","滋賀",TRUE,FALSE,"人数：1307人"
"1015",55,"4.22","2065","西宮","滋賀",TRUE,FALSE,"人数：1686人"
"1016",56,"4.28","2082","西宮","島根",FALSE,TRUE,"人数：1205人"
"1017",57,"4.29","2083","西宮","島根",FALSE,TRUE,"人数：1667人"
"1018",58,"5.02","2093","西宮","京都",TRUE,FALSE,"人数：2893人"
"1019",59,"5.05","2103","西宮","三遠",FALSE,TRUE,"人数：1228人"
"1020",60,"5.06","2104","西宮","三遠",FALSE,TRUE,"人数：1502人"
"1021",1,"9.29","1589","琉球","SR渋谷",TRUE,FALSE,"人数：3621人"
"1022",2,"9.30","1590","琉球","SR渋谷",TRUE,FALSE,"人数：3555人"
"1023",3,"10.07","1603","琉球","名古屋D",FALSE,TRUE,"人数：4529人"
"1024",4,"10.08","1604","琉球","名古屋D",FALSE,TRUE,"人数：4508人"
"1025",5,"10.14","1625","琉球","滋賀",TRUE,FALSE,"人数：3221人"
"1026",6,"10.15","1626","琉球","滋賀",TRUE,FALSE,"人数：3250人"
"1027",7,"10.21","1643","琉球","島根",FALSE,TRUE,"人数：1856人"
"1028",8,"10.22","1644","琉球","島根",FALSE,TRUE,"人数：2008人"
"1029",9,"10.25","1652","琉球","京都",FALSE,TRUE,"人数：1869人"
"1030",10,"10.27","1670","琉球","千葉",TRUE,FALSE,"人数：3476人"
"1031",11,"10.29","1671","琉球","千葉",TRUE,FALSE,"人数：3633人"
"1032",12,"11.04","1688","琉球","北海道",TRUE,FALSE,"人数：2812人"
"1033",13,"11.05","1689","琉球","北海道",TRUE,FALSE,"人数：2787人"
"1034",14,"11.11","1706","琉球","西宮",FALSE,TRUE,"人数：1260人"
"1035",15,"11.12","1707","琉球","西宮",FALSE,TRUE,"人数：1408人"
"1036",16,"11.18","1724","琉球","名古屋D",TRUE,FALSE,"人数：3632人"
"1037",17,"11.19","1725","琉球","名古屋D",TRUE,FALSE,"人数：3521人"
"1038",18,"12.02","1730","琉球","横浜",FALSE,TRUE,"人数：3857人"
"1039",19,"12.03","1731","琉球","横浜",FALSE,TRUE,"人数：4272人"
"1040",20,"12.08","1756","琉球","滋賀",FALSE,TRUE,"人数：1736人"
"1041",21,"12.09","1757","琉球","滋賀",FALSE,TRUE,"人数：2401人"
"1042",22,"12.16","1778","琉球","西宮",TRUE,FALSE,"人数：3594人"
"1043",23,"12.17","1779","琉球","西宮",TRUE,FALSE,"人数：3533人"
"1044",24,"12.20","1788","琉球","京都",TRUE,FALSE,"人数：3706人"
"1045",25,"12.23","1789","琉球","栃木",FALSE,TRUE,"人数：4243人"
"1046",26,"12.24","1790","琉球","栃木",FALSE,TRUE,"人数：4456人"
"1047",27,"1.01","1823","琉球","島根",TRUE,FALSE,"人数：3595人"
"1048",28,"1.02","1824","琉球","島根",TRUE,FALSE,"人数：3655人"
"1049",29,"1.19","1841","琉球","大阪",FALSE,TRUE,"人数：1513人"
"1050",30,"1.20","1842","琉球","大阪",FALSE,TRUE,"人数：3354人"
"1051",31,"1.28","1857","琉球","西宮",FALSE,TRUE,"人数：1670人"
"1052",32,"1.29","1858","琉球","西宮",FALSE,TRUE,"人数：1152人"
"1053",33,"2.03","1877","琉球","京都",TRUE,FALSE,"人数：3350人"
"1054",34,"2.04","1878","琉球","京都",TRUE,FALSE,"人数：3401人"
"1055",35,"2.10","1895","琉球","滋賀",TRUE,FALSE,"人数：3451人"
"1056",36,"2.11","1896","琉球","滋賀",TRUE,FALSE,"人数：3440人"
"1057",37,"2.16","1901","琉球","SR渋谷",FALSE,TRUE,"人数：3195人"
"1058",38,"2.17","1902","琉球","SR渋谷",FALSE,TRUE,"人数：3245人"
"1059",39,"3.02","1931","琉球","大阪",TRUE,FALSE,"人数：3131人"
"1060",40,"3.03","1932","琉球","大阪",TRUE,FALSE,"人数：3302人"
"1061",41,"3.10","1941","琉球","三遠",FALSE,TRUE,"人数：2237人"
"1062",42,"3.11","1942","琉球","三遠",FALSE,TRUE,"人数：2113人"
"1063",43,"3.17","1967","琉球","島根",TRUE,FALSE,"人数：3298人"
"1064",44,"3.18","1968","琉球","島根",TRUE,FALSE,"人数：3301人"
"1065",45,"3.24","1985","琉球","富山",TRUE,FALSE,"人数：2101人"
"1066",46,"3.25","1986","琉球","富山",TRUE,FALSE,"人数：2216人"
"1067",47,"3.28","1994","琉球","大阪",FALSE,TRUE,"人数：2528人"
"1068",48,"3.31","2008","琉球","京都",FALSE,TRUE,"人数：2430人"
"1069",49,"4.01","2009","琉球","京都",FALSE,TRUE,"人数：4207人"
"1070",50,"4.07","2030","琉球","川崎",TRUE,FALSE,"人数：3389人"
"1071",51,"4.08","2031","琉球","川崎",TRUE,FALSE,"人数：3501人"
"1072",52,"4.14","2040","琉球","新潟",FALSE,TRUE,"人数：2716人"
"1073",53,"4.15","2041","琉球","新潟",FALSE,TRUE,"人数：3139人"
"1074",54,"4.21","2058","琉球","三河",FALSE,TRUE,"人数：2601人"
"1075",55,"4.22","2059","琉球","三河",FALSE,TRUE,"人数：3669人"
"1076",56,"4.28","2084","琉球","A東京",TRUE,FALSE,"人数：3701人"
"1077",57,"4.29","2085","琉球","A東京",TRUE,FALSE,"人数：3709人"
"1078",58,"5.02","2094","琉球","大阪",TRUE,FALSE,"人数：3612人"
"1079",59,"5.05","2097","琉球","千葉",FALSE,TRUE,"人数：5521人"
"1080",60,"5.06","2098","琉球","千葉",FALSE,TRUE,"人数：5519人"
