"","1Q.A","2Q.A","3Q.A","4Q.A","F.A","2POINTSFGM.A","2POINTSFGA.A","2POINTSFGR.A","3POINTSFGM.A","3POINTSFGA.A","3POINTSFGR.A","FREE-THROWSM.A","FREE-THROWSA.A","FREE-THROWSR.A","OFFENSIVEREBOUNDS.A","DEFENSIVEREBOUNDS.A","TOTALREBOUNDS.A","ASSIST.A","TURNOVER.A","STEALS.A","BLOCKS.A","FOULS.A","FASTBREAKPOINTS.A","BIGGESTLEAD.A","POINTSINTHEPAINT.A","POINTSFROMTURNOVER.A","SECONDCHANCEPOINTS.A","BIGGESTSCORINGRUN.A","1Q.B","2Q.B","3Q.B","4Q.B","F.B","2POINTSFGM.B","2POINTSFGA.B","2POINTSFGR.B","3POINTSFGM.B","3POINTSFGA.B","3POINTSFGR.B","FREE-THROWSM.B","FREE-THROWSA.B","FREE-THROWSR.B","OFFENSIVEREBOUNDS.B","DEFENSIVEREBOUNDS.B","TOTALREBOUNDS.B","ASSIST.B","TURNOVER.B","STEALS.B","BLOCKS.B","FOULS.B","FASTBREAKPOINTS.B","BIGGESTLEAD.B","POINTSINTHEPAINT.B","POINTSFROMTURNOVER.B","SECONDCHANCEPOINTS.B","BIGGESTSCORINGRUN.B","GAMEIDX","DATE","SHEDULEKEY","TEAM.A","TEAM.B","ISHOME.A","ISHOME.B","EX1.A","EX1.B","EX2.A","EX2.B","EX3.A","EX3.B"
"1","12","13","21","22","68","25","49","51%","2","14","14.3%","12","15","80%","13","26","39","16","20","7","5","20","8","2","44","20","14","8-0(56-62)","16","20","19","19","74","24","47","51.1%","6","18","33.3%","8","16","50%","12","24","36","19","16","15","5","21","10","14","38","20","15","8-0(12-18)",1,"10.06","2986","ñkäCìπ","ëÂç„",TRUE,FALSE,0,0,0,0,0,0
"2","14","19","25","12","70","23","45","51.1%","5","18","27.8%","9","11","81.8%","17","33","50","20","18","9","8","18","8","17","40","14","14","13-0(33-22)","13","16","15","9","53","16","48","33.3%","3","14","21.4%","12","20","60%","13","19","32","13","13","5","2","17","2","3","30","12","10","9-0(33-31)",2,"10.07","2987","ñkäCìπ","ëÂç„",TRUE,FALSE,0,0,0,0,0,0
"3","9","16","21","20","66","19","40","47.5%","7","14","50%","7","14","50%","9","29","38","15","17","6","1","17","2","2","26","6","13","10-0(52-50)","19","16","17","15","67","21","51","41.2%","4","20","20%","13","15","86.7%","18","23","41","13","8","14","1","20","4","17","32","23","14","8-0(38-25)",3,"10.13","3008","ñkäCìπ","SRèaíJ",FALSE,TRUE,0,0,0,0,0,0
"4","18","23","18","17","76","24","51","47.1%","3","13","23.1%","19","26","73.1%","14","30","44","22","7","8","2","17","6","20","40","14","10","13-0(16-20)","16","14","16","11","57","18","41","43.9%","4","23","17.4%","9","14","64.3%","13","27","40","18","13","2","3","24","2","9","22","2","6","9-0(16-7)",4,"10.14","3009","ñkäCìπ","SRèaíJ",FALSE,TRUE,0,0,0,0,0,0
"5","13","16","17","17","63","21","49","42.9%","4","20","20%","9","13","69.2%","9","25","34","17","13","10","0","26","16","4","38","19","12","8-0(19-23)","23","18","22","30","93","26","43","60.5%","8","20","40%","17","26","65.4%","10","36","46","30","15","7","3","16","13","30","42","10","12","11-0(23-41)",5,"10.17","3022","ñkäCìπ","êÁót",TRUE,FALSE,0,0,0,0,0,0
"6","22","17","12","21","72","24","46","52.2%","5","19","26.3%","9","11","81.8%","11","24","35","19","7","2","1","22","5","7","38","14","13","11-0(8-13)","15","18","24","13","70","18","47","38.3%","5","14","35.7%","19","25","76%","13","25","38","13","9","4","4","17","8","10","36","6","6","10-0(61-51)",6,"10.20","3033","ñkäCìπ","ì»ñÿ",FALSE,TRUE,0,0,0,0,0,0
"7","18","16","24","12","70","22","42","52.4%","7","15","46.7%","5","6","83.3%","6","25","31","25","16","3","2","26","2","4","32","10","7","7-0(50-54)","18","21","18","22","79","20","43","46.5%","6","21","28.6%","21","32","65.6%","17","19","36","21","9","9","4","10","10","9","28","16","18","11-0(79-70)",7,"10.21","3034","ñkäCìπ","ì»ñÿ",FALSE,TRUE,0,0,0,0,0,0
"8","24","14","23","17","78","17","42","40.5%","9","25","36%","17","21","81%","12","22","34","21","15","4","1","26","12","3","30","8","11","8-0(64-50)","32","27","28","23","110","29","45","64.4%","10","21","47.6%","22","34","64.7%","12","30","42","34","7","9","4","23","14","32","46","18","19","23-0(51-24)",8,"10.24","3050","ñkäCìπ","êÁót",FALSE,TRUE,0,0,0,0,0,0
"9","23","19","15","15","72","19","43","44.2%","9","18","50%","7","13","53.8%","9","21","30","16","12","2","3","20","2","12","22","5","12","7-0(11-10)","18","16","23","29","86","24","50","48%","6","16","37.5%","20","26","76.9%","15","26","41","18","5","6","2","18","4","14","32","16","16","12-0(55-57)",9,"10.28","3058","ñkäCìπ","ì»ñÿ",TRUE,FALSE,0,0,0,0,0,0
"10","20","14","16","10","60","17","47","36.2%","5","16","31.3%","11","20","55%","14","26","40","17","13","4","1","24","4","7","28","5","9","7-0(7-0)","17","24","21","23","85","22","51","43.1%","8","21","38.1%","17","26","65.4%","17","28","45","20","6","7","3","16","7","26","36","11","19","9-0(44-59)",10,"10.29","3059","ñkäCìπ","ì»ñÿ",TRUE,FALSE,0,0,0,0,0,0
"11","12","17","21","30","80","27","59","45.8%","4","15","26.7%","14","24","58.3%","14","25","39","18","11","10","7","22","19","1","44","21","11","11-0(81-74)","21","17","27","21","86","22","50","44%","9","16","56.3%","15","23","65.2%","11","31","42","27","15","2","1","22","11","21","38","12","11","10-0(38-29)",11,"11.03","3086","ñkäCìπ","éOâì",FALSE,TRUE,0,0,0,0,0,0
"12","27","21","26","14","88","27","54","50%","7","16","43.8%","13","17","76.5%","10","24","34","22","7","8","3","23","2","24","50","15","15","16-0(3-25)","9","19","27","20","75","21","39","53.8%","4","20","20%","21","27","77.8%","12","27","39","13","16","3","0","21","6","0","36","8","9","10-0(67-76)",12,"11.04","3087","ñkäCìπ","éOâì",FALSE,TRUE,0,0,0,0,0,0
"13","10","25","15","22","72","19","42","45.2%","5","21","23.8%","19","22","86.4%","17","20","37","21","16","2","2","20","5","0","28","8","8","7-0(21-32)","26","23","24","18","91","30","51","58.8%","4","11","36.4%","19","22","86.4%","8","23","31","20","6","11","2","17","10","27","48","25","15","7-0(22-41)",13,"11.07","3094","ñkäCìπ","SRèaíJ",TRUE,FALSE,0,0,0,0,0,0
"14","18","5","20","24","67","21","48","43.8%","4","14","28.6%","13","22","59.1%","10","23","33","17","14","10","3","30","12","3","34","16","14","6-0(18-18)","18","17","20","29","84","25","35","71.4%","5","17","29.4%","19","29","65.5%","5","28","33","25","15","7","2","22","13","21","46","12","5","12-0(7-16)",1,"10.06","2988","èHìc","óÆãÖ",TRUE,FALSE,0,0,0,0,0,0
"15","17","10","20","19","66","11","28","39.3%","11","35","31.4%","11","17","64.7%","14","26","40","19","17","6","6","28","5","7","20","16","18","6-0(13-6)","17","24","19","11","71","13","32","40.6%","8","27","29.6%","21","28","75%","15","30","45","15","13","10","4","22","7","16","22","13","12","12-0(17-28)",2,"10.07","2989","èHìc","óÆãÖ",TRUE,FALSE,0,0,0,0,0,0
"16","17","16","17","24","74","20","45","44.4%","5","17","29.4%","19","29","65.5%","17","23","40","18","18","6","2","32","8","0","32","16","20","6-0(33-24)","28","13","24","19","84","23","43","53.5%","4","20","20%","26","35","74.3%","18","25","43","17","16","11","5","25","20","17","46","19","13","10-0(54-38)",3,"10.11","3012","èHìc","êVäÉ",FALSE,TRUE,0,0,0,0,0,0
"17","18","18","28","28","92","21","46","45.7%","8","21","38.1%","26","28","92.9%","13","19","32","18","12","11","3","31","12","2","34","20","13","7-0(16-15)","24","28","21","31","104","26","36","72.2%","8","23","34.8%","28","36","77.8%","8","25","33","29","16","7","3","23","11","16","46","10","8","7-0(14-6)",4,"10.12","3013","èHìc","êVäÉ",FALSE,TRUE,0,0,0,0,0,0
"18","20","16","10","17","63","20","48","41.7%","3","14","21.4%","14","21","66.7%","15","27","42","10","16","12","4","17","5","13","40","14","18","10-0(23-36)","19","5","20","14","58","14","39","35.9%","6","18","33.3%","12","18","66.7%","11","25","36","15","18","10","4","18","6","3","22","16","9","9-0(32-36)",5,"10.17","3024","èHìc","SRèaíJ",FALSE,TRUE,0,0,0,0,0,0
"19","13","20","26","13","72","22","47","46.8%","4","14","28.6%","16","26","61.5%","15","25","40","16","20","12","8","20","22","11","38","21","6","10-0(46-35)","15","18","21","17","71","21","46","45.7%","6","16","37.5%","11","16","68.8%","10","24","34","17","17","11","3","24","8","6","36","19","7","8-0(7-8)",6,"10.20","3031","èHìc","ïüâ™",TRUE,FALSE,0,0,0,0,0,0
"20","19","16","17","21","73","17","41","41.5%","8","22","36.4%","15","18","83.3%","15","29","44","20","15","7","4","21","5","20","34","18","12","17-0(17-0)","7","17","16","13","53","18","43","41.9%","3","17","17.6%","8","16","50%","13","23","36","15","17","11","3","18","10","0","26","18","2","9-0(61-53)",7,"10.21","3032","èHìc","ïüâ™",TRUE,FALSE,0,0,0,0,0,0
"21","13","19","15","27","74","32","56","57.1%","2","11","18.2%","4","7","57.1%","11","26","37","21","15","8","4","22","15","4","62","16","10","6-0(8-4)","21","18","19","19","77","20","41","48.8%","7","26","26.9%","16","20","80%","14","23","37","22","12","4","4","14","2","12","36","10","18","12-0(13-24)",8,"10.24","3049","èHìc","ì»ñÿ",TRUE,FALSE,0,0,0,0,0,0
"22","11","19","13","32","75","27","49","55.1%","4","12","33.3%","9","15","60%","12","21","33","20","28","13","1","28","18","5","50","25","12","5-0(58-39)","13","19","34","24","90","24","37","64.9%","5","15","33.3%","27","36","75%","6","17","23","22","20","10","2","22","12","25","46","32","10","13-0(58-34)",9,"10.27","3064","èHìc","ïxéR",FALSE,TRUE,0,0,0,0,0,0
"23","26","13","17","24","80","25","52","48.1%","6","21","28.6%","12","23","52.2%","16","13","29","23","15","17","2","29","14","16","48","31","11","12-0(12-26)","12","36","30","20","98","27","39","69.2%","6","10","60%","26","33","78.8%","7","28","35","17","22","8","4","21","19","30","48","20","8","22-0(57-39)",10,"10.28","3065","èHìc","ïxéR",FALSE,TRUE,0,0,0,0,0,0
"24","17","20","20","26","83","25","40","62.5%","3","19","15.8%","24","27","88.9%","12","20","32","23","18","6","2","32","8","3","44","9","15","8-0(30-36)","26","24","26","21","97","28","46","60.9%","7","14","50%","20","31","64.5%","11","18","29","23","11","11","4","25","12","20","54","22","11","11-0(17-32)",11,"11.03","3076","èHìc","ñºå√âÆD",TRUE,FALSE,0,0,0,0,0,0
"25","23","11","23","11","68","17","41","41.5%","8","32","25%","10","14","71.4%","15","29","44","20","11","5","3","28","7","11","30","13","10","10-0(13-4)","17","34","18","15","84","17","32","53.1%","11","23","47.8%","17","30","56.7%","3","35","38","27","9","4","2","18","27","20","32","12","4","21-0(34-54)",12,"11.04","3077","èHìc","ñºå√âÆD",TRUE,FALSE,0,0,0,0,0,0
"26","8","17","13","17","55","21","45","46.7%","1","5","20%","10","17","58.8%","8","16","24","14","23","4","4","22","6","0","32","5","9","6-0(36-21)","28","25","24","23","100","28","50","56%","6","15","40%","26","27","96.3%","15","22","37","25","11","11","4","18","12","45","44","33","19","12-0(24-6)",13,"11.07","3096","èHìc","Aìåãû",FALSE,TRUE,0,0,0,0,0,0
"27","15","28","22","14","79","23","48","47.9%","8","27","29.6%","9","15","60%","15","25","40","28","6","11","4","13","10","16","38","27","13","17-0(27-35)","26","12","12","17","67","19","36","52.8%","8","17","47.1%","5","10","50%","4","30","34","25","19","5","4","17","7","15","28","5","4","7-0(22-7)",1,"10.06","3002","ì»ñÿ","ïüâ™",FALSE,TRUE,0,0,0,0,0,0
"28","19","19","25","19","82","20","40","50%","10","30","33.3%","12","16","75%","12","19","31","26","3","8","4","19","8","13","28","20","12","8-0(39-48)","15","21","18","19","73","20","34","58.8%","7","15","46.7%","12","17","70.6%","5","29","34","24","17","2","1","22","5","1","34","3","6","12-0(32-32)",2,"10.07","3003","ì»ñÿ","ïüâ™",FALSE,TRUE,0,0,0,0,0,0
"29","25","26","29","24","104","29","53","54.7%","12","22","54.5%","10","18","55.6%","14","25","39","23","7","8","2","23","14","26","46","23","16","10-0(27-18)","18","18","22","26","84","25","46","54.3%","6","16","37.5%","16","27","59.3%","11","25","36","20","15","5","4","15","10","3","42","5","13","9-0(9-12)",3,"10.12","3004","ì»ñÿ","ïxéR",TRUE,FALSE,0,0,0,0,0,0
"30","16","17","34","18","85","27","56","48.2%","6","16","37.5%","13","22","59.1%","11","24","35","24","4","9","2","20","21","14","44","18","12","8-0(63-52)","18","18","19","25","80","24","44","54.5%","5","21","23.8%","17","23","73.9%","14","29","43","22","12","3","0","19","8","8","34","7","18","12-0(73-75)",4,"10.13","3005","ì»ñÿ","ïxéR",TRUE,FALSE,0,0,0,0,0,0
"31","20","17","16","16","79","28","63","44.4%","3","9","33.3%","14","27","51.9%","18","32","50","17","10","6","3","24","5","8","42","8","11","8-0(69-73)","16","20","19","14","74","18","44","40.9%","8","23","34.8%","14","20","70%","10","30","40","19","9","5","3","21","6","7","24","13","2","7-0(49-43)",5,"10.17","3023","ì»ñÿ","Aìåãû",FALSE,TRUE,10,5,0,0,0,0
"32","15","18","24","13","70","18","47","38.3%","5","14","35.7%","19","25","76%","13","25","38","13","9","4","4","17","8","10","36","6","6","10-0(61-51)","22","17","12","21","72","24","46","52.2%","5","19","26.3%","9","11","81.8%","11","24","35","19","7","2","1","22","5","7","38","14","13","11-0(8-13)",6,"10.20","3033","ì»ñÿ","ñkäCìπ",TRUE,FALSE,0,0,0,0,0,0
"33","18","21","18","22","79","20","43","46.5%","6","21","28.6%","21","32","65.6%","17","19","36","21","9","9","4","10","10","9","28","16","18","11-0(79-70)","18","16","24","12","70","22","42","52.4%","7","15","46.7%","5","6","83.3%","6","25","31","25","16","3","2","26","2","4","32","10","7","7-0(50-54)",7,"10.21","3034","ì»ñÿ","ñkäCìπ",TRUE,FALSE,0,0,0,0,0,0
"34","21","18","19","19","77","20","41","48.8%","7","26","26.9%","16","20","80%","14","23","37","22","12","4","4","14","2","12","36","10","18","12-0(13-24)","13","19","15","27","74","32","56","57.1%","2","11","18.2%","4","7","57.1%","11","26","37","21","15","8","4","22","15","4","62","16","10","6-0(8-4)",8,"10.24","3049","ì»ñÿ","èHìc",FALSE,TRUE,0,0,0,0,0,0
"35","18","16","23","29","86","24","50","48%","6","16","37.5%","20","26","76.9%","15","26","41","18","5","6","2","18","4","14","32","16","16","12-0(55-57)","23","19","15","15","72","19","43","44.2%","9","18","50%","7","13","53.8%","9","21","30","16","12","2","3","20","2","12","22","5","12","7-0(11-10)",9,"10.28","3058","ì»ñÿ","ñkäCìπ",FALSE,TRUE,0,0,0,0,0,0
"36","17","24","21","23","85","22","51","43.1%","8","21","38.1%","17","26","65.4%","17","28","45","20","6","7","3","16","7","26","36","11","19","9-0(44-59)","20","14","16","10","60","17","47","36.2%","5","16","31.3%","11","20","55%","14","26","40","17","13","4","1","24","4","7","28","5","9","7-0(7-0)",10,"10.29","3059","ì»ñÿ","ñkäCìπ",FALSE,TRUE,0,0,0,0,0,0
"37","25","22","14","19","90","24","54","44.4%","10","26","38.5%","12","15","80%","17","17","34","24","8","9","3","15","7","11","36","17","21","6-0(23-14)","21","24","22","13","93","32","49","65.3%","5","11","45.5%","14","19","73.7%","8","26","34","23","16","5","0","17","9","8","46","9","9","7-0(45-45)",11,"11.03","3078","ì»ñÿ","é†âÍ",TRUE,FALSE,10,13,0,0,0,0
"38","30","25","25","18","98","25","39","64.1%","12","25","48%","12","15","80%","10","29","39","28","8","8","4","16","9","46","42","13","8","20-0(30-6)","6","17","17","21","61","17","44","38.6%","6","15","40%","9","16","56.3%","10","19","29","15","13","4","2","18","2","0","30","5","8","9-0(98-61)",12,"11.04","3079","ì»ñÿ","é†âÍ",TRUE,FALSE,0,0,0,0,0,0
"39","18","17","17","21","73","21","45","46.7%","7","21","33.3%","10","13","76.9%","11","23","34","18","10","13","1","18","15","12","38","20","6","15-0(73-61)","13","15","18","15","61","19","35","54.3%","5","16","31.3%","8","12","66.7%","6","26","32","18","20","0","0","18","7","5","32","6","4","8-0(40-36)",13,"11.07","3095","ì»ñÿ","êÁót",TRUE,FALSE,0,0,0,0,0,0
"40","14","24","11","22","71","24","49","49%","6","18","33.3%","5","5","100%","9","30","39","19","9","2","5","20","3","4","28","8","13","6-0(61-61)","13","26","13","21","73","27","52","51.9%","2","13","15.4%","13","17","76.5%","8","28","36","17","7","5","4","8","10","7","32","11","8","8-0(23-16)",1,"10.06","2992","SRèaíJ","Aìåãû",FALSE,TRUE,0,0,0,0,0,0
"41","18","23","22","16","79","23","41","56.1%","8","21","38.1%","9","15","60%","5","21","26","15","7","6","2","21","7","6","36","10","6","9-0(54-60)","17","23","22","25","87","24","42","57.1%","9","19","47.4%","12","15","80%","6","29","35","19","8","4","1","19","2","12","26","13","8","11-0(81-70)",2,"10.07","2993","SRèaíJ","Aìåãû",FALSE,TRUE,0,0,0,0,0,0
"42","19","16","17","15","67","21","51","41.2%","4","20","20%","13","15","86.7%","18","23","41","13","8","14","1","20","4","17","32","23","14","8-0(38-25)","9","16","21","20","66","19","40","47.5%","7","14","50%","7","14","50%","9","29","38","15","17","6","1","17","2","2","26","6","13","10-0(52-50)",3,"10.13","3008","SRèaíJ","ñkäCìπ",TRUE,FALSE,0,0,0,0,0,0
"43","16","14","16","11","57","18","41","43.9%","4","23","17.4%","9","14","64.3%","13","27","40","18","13","2","3","24","2","9","22","2","6","9-0(16-7)","18","23","18","17","76","24","51","47.1%","3","13","23.1%","19","26","73.1%","14","30","44","22","7","8","2","17","6","20","40","14","10","13-0(16-20)",4,"10.14","3009","SRèaíJ","ñkäCìπ",TRUE,FALSE,0,0,0,0,0,0
"44","19","5","20","14","58","14","39","35.9%","6","18","33.3%","12","18","66.7%","11","25","36","15","18","10","4","18","6","3","22","16","9","9-0(32-36)","20","16","10","17","63","20","48","41.7%","3","14","21.4%","14","21","66.7%","15","27","42","10","16","12","4","17","5","13","40","14","18","10-0(23-36)",5,"10.17","3024","SRèaíJ","èHìc",TRUE,FALSE,0,0,0,0,0,0
"45","10","20","17","17","64","18","42","42.9%","4","24","16.7%","16","20","80%","9","31","40","15","6","5","2","18","8","2","20","11","4","5-0(29-20)","20","16","29","9","74","21","46","45.7%","6","15","40%","14","22","63.6%","7","34","41","18","8","3","1","17","4","21","34","4","5","15-0(58-37)",6,"10.20","3045","SRèaíJ","éOâÕ",FALSE,TRUE,0,0,0,0,0,0
"46","18","8","20","25","71","15","41","36.6%","9","18","50%","14","16","87.5%","6","22","28","15","7","5","2","20","6","3","16","10","5","11-0(72-65)","17","20","17","22","76","21","47","44.7%","6","11","54.5%","16","21","76.2%","10","30","40","15","10","3","2","12","4","18","30","4","10","11-0(39-26)",7,"10.21","3046","SRèaíJ","éOâÕ",FALSE,TRUE,0,0,0,0,0,0
"47","17","15","20","9","61","19","50","38%","5","14","35.7%","8","13","61.5%","7","27","34","15","6","6","5","21","4","10","32","6","5","9-0(9-2)","14","16","14","18","62","18","48","37.5%","3","13","23.1%","17","21","81%","12","34","46","17","8","2","3","13","6","2","20","3","12","7-0(61-62)",8,"10.24","3051","SRèaíJ","Aìåãû",TRUE,FALSE,0,0,0,0,0,0
"48","21","21","12","25","79","29","54","53.7%","5","20","25%","6","10","60%","8","29","37","23","10","4","4","27","6","11","50","4","4","7-0(30-22)","19","17","21","27","84","22","50","44%","5","14","35.7%","25","32","78.1%","10","31","41","11","9","7","1","12","6","8","36","7","12","6-0(51-52)",9,"10.27","3060","SRèaíJ","â°ïl",TRUE,FALSE,0,0,0,0,0,0
"49","17","19","16","25","77","24","40","60%","3","25","12%","20","25","80%","15","32","47","24","13","7","1","16","13","5","30","13","7","10-0(62-59)","26","25","6","16","73","20","45","44.4%","10","27","37%","3","7","42.9%","12","25","37","20","14","6","3","25","10","22","30","11","8","11-0(24-46)",10,"10.28","3061","SRèaíJ","â°ïl",TRUE,FALSE,0,0,0,0,0,0
"50","21","22","17","17","83","25","47","53.2%","6","19","31.6%","15","15","100%","8","32","40","21","15","5","0","23","12","12","38","14","9","8-0(48-60)","19","20","18","20","85","22","42","52.4%","8","27","29.6%","17","26","65.4%","12","25","37","21","9","8","3","13","4","3","34","13","12","11-0(59-60)",11,"11.03","3080","SRèaíJ","êÁót",FALSE,TRUE,6,8,0,0,0,0
"51","23","8","24","15","70","14","34","41.2%","10","20","50%","12","13","92.3%","5","21","26","14","15","6","2","22","6","7","18","19","4","7-0(42-38)","21","21","12","24","78","17","30","56.7%","9","23","39.1%","17","22","77.3%","10","24","34","18","15","8","2","16","0","11","28","13","11","11-0(37-27)",12,"11.04","3081","SRèaíJ","êÁót",FALSE,TRUE,0,0,0,0,0,0
"52","26","23","24","18","91","30","51","58.8%","4","11","36.4%","19","22","86.4%","8","23","31","20","6","11","2","17","10","27","48","25","15","7-0(22-41)","10","25","15","22","72","19","42","45.2%","5","21","23.8%","19","22","86.4%","17","20","37","21","16","2","2","20","5","0","28","8","8","7-0(21-32)",13,"11.07","3094","SRèaíJ","ñkäCìπ",FALSE,TRUE,0,0,0,0,0,0
"53","13","26","13","21","73","27","52","51.9%","2","13","15.4%","13","17","76.5%","8","28","36","17","7","5","4","8","10","7","32","11","8","8-0(23-16)","14","24","11","22","71","24","49","49%","6","18","33.3%","5","5","100%","9","30","39","19","9","2","5","20","3","4","28","8","13","6-0(61-61)",1,"10.06","2992","Aìåãû","SRèaíJ",TRUE,FALSE,0,0,0,0,0,0
"54","17","23","22","25","87","24","42","57.1%","9","19","47.4%","12","15","80%","6","29","35","19","8","4","1","19","2","12","26","13","8","11-0(81-70)","18","23","22","16","79","23","41","56.1%","8","21","38.1%","9","15","60%","5","21","26","15","7","6","2","21","7","6","36","10","6","9-0(54-60)",2,"10.07","2993","Aìåãû","SRèaíJ",TRUE,FALSE,0,0,0,0,0,0
"55","17","12","21","27","77","25","52","48.1%","5","15","33.3%","12","14","85.7%","12","26","38","16","11","7","4","12","8","10","28","14","11","13-0(44-50)","13","21","14","21","69","26","48","54.2%","2","13","15.4%","11","13","84.6%","8","24","32","10","12","5","3","13","7","7","48","8","10","8-0(28-23)",3,"10.13","3014","Aìåãû","éOâÕ",FALSE,TRUE,0,0,0,0,0,0
"56","10","18","24","13","65","21","44","47.7%","4","17","23.5%","11","17","64.7%","9","34","43","14","11","8","3","14","11","20","34","15","6","8-0(33-48)","14","10","11","20","55","13","37","35.1%","7","20","35%","8","12","66.7%","3","27","30","10","10","7","1","14","2","7","22","9","8","11-0(53-62)",4,"10.14","3015","Aìåãû","éOâÕ",FALSE,TRUE,0,0,0,0,0,0
"57","16","20","19","14","74","18","44","40.9%","8","23","34.8%","14","20","70%","10","30","40","19","9","5","3","21","6","7","24","13","2","7-0(49-43)","20","17","16","16","79","28","63","44.4%","3","9","33.3%","14","27","51.9%","18","32","50","17","10","6","3","24","5","8","42","8","11","8-0(69-73)",5,"10.17","3023","Aìåãû","ì»ñÿ",TRUE,FALSE,5,10,0,0,0,0
"58","23","13","27","26","89","28","52","53.8%","8","23","34.8%","9","11","81.8%","12","30","42","23","5","7","2","19","9","22","46","15","9","9-0(85-65)","17","19","20","11","67","21","41","51.2%","3","20","15%","16","20","80%","7","27","34","15","10","3","4","9","5","2","38","4","3","11-0(34-36)",6,"10.20","3037","Aìåãû","êÏçË",TRUE,FALSE,0,0,0,0,0,0
"59","18","18","15","15","66","25","56","44.6%","4","14","28.6%","4","7","57.1%","11","33","44","15","10","11","6","15","23","23","38","21","8","9-0(64-41)","12","8","16","10","46","20","53","37.7%","0","8","0%","6","10","60%","10","31","41","9","15","6","6","11","4","2","28","9","8","6-0(38-26)",7,"10.21","3038","Aìåãû","êÏçË",TRUE,FALSE,0,0,0,0,0,0
"60","14","16","14","18","62","18","48","37.5%","3","13","23.1%","17","21","81%","12","34","46","17","8","2","3","13","6","2","20","3","12","7-0(61-62)","17","15","20","9","61","19","50","38%","5","14","35.7%","8","13","61.5%","7","27","34","15","6","6","5","21","4","10","32","6","5","9-0(9-2)",8,"10.24","3051","Aìåãû","SRèaíJ",FALSE,TRUE,0,0,0,0,0,0
"61","24","13","15","25","77","27","56","48.2%","5","15","33.3%","8","9","88.9%","16","27","43","19","8","6","1","20","10","15","38","15","18","8-0(3-12)","11","11","28","17","67","20","35","57.1%","6","20","30%","9","14","64.3%","7","24","31","15","12","5","5","10","2","0","32","7","7","9-0(31-37)",9,"10.27","3070","Aìåãû","ãûìs",FALSE,TRUE,0,0,0,0,0,0
"62","15","13","16","26","70","24","48","50%","6","20","30%","4","8","50%","13","18","31","14","9","9","1","17","13","2","36","16","19","10-0(68-59)","25","20","19","15","79","20","34","58.8%","10","19","52.6%","9","10","90%","4","26","30","22","12","4","0","11","2","24","30","12","3","12-0(52-28)",10,"10.28","3071","Aìåãû","ãûìs",FALSE,TRUE,0,0,0,0,0,0
"63","10","17","12","14","53","17","45","37.8%","2","16","12.5%","13","17","76.5%","8","23","31","11","5","5","3","10","4","0","16","11","6","9-0(27-41)","26","15","14","12","67","20","44","45.5%","8","16","50%","3","3","100%","9","36","45","24","12","3","3","18","6","23","20","11","2","12-0(8-26)",11,"11.02","3082","Aìåãû","óÆãÖ",TRUE,FALSE,0,0,0,0,0,0
"64","15","19","13","22","69","23","40","57.5%","4","19","21.1%","11","15","73.3%","9","27","36","20","11","0","1","19","0","5","30","6","8","7-0(12-13)","18","13","24","20","75","18","34","52.9%","10","26","38.5%","9","11","81.8%","5","25","30","17","7","7","2","18","2","10","26","9","5","6-0(5-13)",12,"11.03","3083","Aìåãû","óÆãÖ",TRUE,FALSE,0,0,0,0,0,0
"65","28","25","24","23","100","28","50","56%","6","15","40%","26","27","96.3%","15","22","37","25","11","11","4","18","12","45","44","33","19","12-0(24-6)","8","17","13","17","55","21","45","46.7%","1","5","20%","10","17","58.8%","8","16","24","14","23","4","4","22","6","0","32","5","9","6-0(36-21)",13,"11.07","3096","Aìåãû","èHìc",TRUE,FALSE,0,0,0,0,0,0
"66","11","22","22","17","72","21","40","52.5%","4","22","18.2%","18","21","85.7%","12","23","35","15","16","10","3","14","12","6","40","13","10","11-0(24-18)","16","14","28","23","81","25","44","56.8%","6","16","37.5%","13","16","81.3%","7","25","32","24","16","8","2","17","19","16","44","18","11","11-0(61-77)",1,"10.04","2990","êÁót","êÏçË",TRUE,FALSE,0,0,0,0,0,0
"67","20","14","14","18","66","16","38","42.1%","7","27","25.9%","13","18","72.2%","12","23","35","13","9","8","3","18","5","21","28","10","13","9-0(19-9)","11","11","24","22","68","15","27","55.6%","10","26","38.5%","8","15","53.3%","7","31","38","21","18","4","3","20","6","2","30","5","4","13-0(39-40)",2,"10.06","2991","êÁót","êÏçË",TRUE,FALSE,0,0,0,0,0,0
"68","14","14","19","23","70","21","45","46.7%","4","15","26.7%","16","21","76.2%","12","25","37","11","11","9","4","13","5","13","32","21","13","13-0(66-53)","21","12","18","9","60","20","45","44.4%","5","15","33.3%","5","8","62.5%","9","25","34","16","16","6","4","19","12","10","34","7","3","6-0(38-45)",3,"10.13","3006","êÁót","éOâì",TRUE,FALSE,0,0,0,0,0,0
"69","27","18","21","7","73","24","53","45.3%","7","15","46.7%","4","7","57.1%","10","33","43","14","11","7","4","14","9","27","34","19","9","19-0(31-14)","14","13","12","17","56","20","37","54.1%","3","20","15%","7","12","58.3%","6","28","34","14","16","9","3","12","7","5","34","13","8","8-0(68-50)",4,"10.14","3007","êÁót","éOâì",TRUE,FALSE,0,0,0,0,0,0
"70","23","18","22","30","93","26","43","60.5%","8","20","40%","17","26","65.4%","10","36","46","30","15","7","3","16","13","30","42","10","12","11-0(23-41)","13","16","17","17","63","21","49","42.9%","4","20","20%","9","13","69.2%","9","25","34","17","13","10","0","26","16","4","38","19","12","8-0(19-23)",5,"10.17","3022","êÁót","ñkäCìπ",FALSE,TRUE,0,0,0,0,0,0
"71","25","27","24","22","98","24","46","52.2%","13","26","50%","11","18","61.1%","12","28","40","26","9","7","5","16","17","13","32","10","11","9-0(27-19)","19","23","24","24","90","24","42","57.1%","9","26","34.6%","15","21","71.4%","8","26","34","25","10","4","2","16","7","5","42","12","9","9-0(76-74)",6,"10.20","3035","êÁót","êVäÉ",TRUE,FALSE,0,0,0,0,0,0
"72","30","17","23","24","94","27","44","61.4%","10","27","37%","10","19","52.6%","15","23","38","23","7","8","2","14","15","11","40","18","22","7-0(70-61)","22","24","17","24","87","22","41","53.7%","11","24","45.8%","10","15","66.7%","12","21","33","14","14","5","4","18","8","0","44","3","15","5-0(25-19)",7,"10.21","3036","êÁót","êVäÉ",TRUE,FALSE,0,0,0,0,0,0
"73","32","27","28","23","110","29","45","64.4%","10","21","47.6%","22","34","64.7%","12","30","42","34","7","9","4","23","14","32","46","18","19","23-0(51-24)","24","14","23","17","78","17","42","40.5%","9","25","36%","17","21","81%","12","22","34","21","15","4","1","26","12","3","30","8","11","8-0(64-50)",8,"10.24","3050","êÁót","ñkäCìπ",TRUE,FALSE,0,0,0,0,0,0
"74","19","15","22","24","80","23","45","51.1%","10","22","45.5%","4","7","57.1%","10","32","42","16","12","7","7","20","13","11","36","9","7","13-0(52-63)","16","20","16","17","69","18","42","42.9%","8","30","26.7%","9","17","52.9%","15","25","40","11","9","10","0","12","9","6","32","7","11","7-0(7-3)",9,"10.27","3072","êÁót","ëÂç„",FALSE,TRUE,0,0,0,0,0,0
"75","20","11","29","17","77","22","43","51.2%","8","20","40%","9","12","75%","13","28","41","25","12","6","3","20","11","18","36","11","13","11-0(34-40)","16","18","11","18","63","20","37","54.1%","3","22","13.6%","14","22","63.6%","12","21","33","16","10","9","3","13","12","5","28","13","11","8-0(32-27)",10,"10.28","3073","êÁót","ëÂç„",FALSE,TRUE,0,0,0,0,0,0
"76","19","20","18","20","85","22","42","52.4%","8","27","29.6%","17","26","65.4%","12","25","37","21","9","8","3","13","4","3","34","13","12","11-0(59-60)","21","22","17","17","83","25","47","53.2%","6","19","31.6%","15","15","100%","8","32","40","21","15","5","0","23","12","12","38","14","9","8-0(48-60)",11,"11.03","3080","êÁót","SRèaíJ",TRUE,FALSE,8,6,0,0,0,0
"77","21","21","12","24","78","17","30","56.7%","9","23","39.1%","17","22","77.3%","10","24","34","18","15","8","2","16","0","11","28","13","11","11-0(37-27)","23","8","24","15","70","14","34","41.2%","10","20","50%","12","13","92.3%","5","21","26","14","15","6","2","22","6","7","18","19","4","7-0(42-38)",12,"11.04","3081","êÁót","SRèaíJ",TRUE,FALSE,0,0,0,0,0,0
"78","13","15","18","15","61","19","35","54.3%","5","16","31.3%","8","12","66.7%","6","26","32","18","20","0","0","18","7","5","32","6","4","8-0(40-36)","18","17","17","21","73","21","45","46.7%","7","21","33.3%","10","13","76.9%","11","23","34","18","10","13","1","18","15","12","38","20","6","15-0(73-61)",13,"11.07","3095","êÁót","ì»ñÿ",FALSE,TRUE,0,0,0,0,0,0
"79","27","15","22","14","78","15","34","44.1%","12","32","37.5%","12","20","60%","10","30","40","13","8","6","2","12","6","20","24","11","13","13-0(42-61)","19","13","14","27","73","23","45","51.1%","5","22","22.7%","12","13","92.3%","9","33","42","22","7","2","4","20","0","2","34","11","14","9-0(53-64)",1,"10.06","3000","êVäÉ","é†âÍ",FALSE,TRUE,0,0,0,0,0,0
"80","11","16","26","18","71","17","41","41.5%","7","25","28%","16","18","88.9%","8","27","35","14","12","7","3","14","14","5","32","14","4","11-0(54-45)","23","20","16","16","75","23","43","53.5%","8","26","30.8%","5","8","62.5%","12","31","43","25","15","6","5","17","11","22","20","14","11","12-0(35-13)",2,"10.07","3001","êVäÉ","é†âÍ",FALSE,TRUE,0,0,0,0,0,0
"81","28","13","24","19","84","23","43","53.5%","4","20","20%","26","35","74.3%","18","25","43","17","16","11","5","25","20","17","46","19","13","10-0(54-38)","17","16","17","24","74","20","45","44.4%","5","17","29.4%","19","29","65.5%","17","23","40","18","18","6","2","32","8","0","32","16","20","6-0(33-24)",3,"10.11","3012","êVäÉ","èHìc",TRUE,FALSE,0,0,0,0,0,0
"82","24","28","21","31","104","26","36","72.2%","8","23","34.8%","28","36","77.8%","8","25","33","29","16","7","3","23","11","16","46","10","8","7-0(14-6)","18","18","28","28","92","21","46","45.7%","8","21","38.1%","26","28","92.9%","13","19","32","18","12","11","3","31","12","2","34","20","13","7-0(16-15)",4,"10.12","3013","êVäÉ","èHìc",TRUE,FALSE,0,0,0,0,0,0
"83","16","18","10","17","61","18","45","40%","6","22","27.3%","7","10","70%","11","30","41","16","7","7","1","8","3","13","32","5","10","9-0(29-21)","17","8","12","11","48","18","40","45%","2","19","10.5%","6","7","85.7%","9","33","42","13","13","5","4","12","6","6","24","9","4","7-0(3-9)",5,"10.17","3027","êVäÉ","éOâì",TRUE,FALSE,0,0,0,0,0,0
"84","19","23","24","24","90","24","42","57.1%","9","26","34.6%","15","21","71.4%","8","26","34","25","10","4","2","16","7","5","42","12","9","9-0(76-74)","25","27","24","22","98","24","46","52.2%","13","26","50%","11","18","61.1%","12","28","40","26","9","7","5","16","17","13","32","10","11","9-0(27-19)",6,"10.20","3035","êVäÉ","êÁót",FALSE,TRUE,0,0,0,0,0,0
"85","22","24","17","24","87","22","41","53.7%","11","24","45.8%","10","15","66.7%","12","21","33","14","14","5","4","18","8","0","44","3","15","5-0(25-19)","30","17","23","24","94","27","44","61.4%","10","27","37%","10","19","52.6%","15","23","38","23","7","8","2","14","15","11","40","18","22","7-0(70-61)",7,"10.21","3036","êVäÉ","êÁót",FALSE,TRUE,0,0,0,0,0,0
"86","25","20","18","25","88","19","26","73.1%","11","27","40.7%","17","21","81%","7","28","35","23","15","3","0","19","2","18","30","3","9","8-0(4-10)","20","12","19","21","72","27","46","58.7%","2","15","13.3%","12","19","63.2%","7","15","22","22","7","11","2","19","7","2","36","20","8","6-0(45-54)",8,"10.24","3053","êVäÉ","â°ïl",FALSE,TRUE,0,0,0,0,0,0
"87","22","12","23","20","77","19","40","47.5%","9","24","37.5%","12","16","75%","9","33","42","16","9","5","2","14","7","25","36","10","11","7-0(36-21)","8","13","20","13","54","14","35","40%","7","24","29.2%","5","10","50%","6","29","35","14","10","3","1","19","5","0","20","5","6","5-0(22-13)",9,"10.27","3062","êVäÉ","éOâì",TRUE,FALSE,0,0,0,0,0,0
"88","13","18","20","21","72","25","44","56.8%","3","18","16.7%","13","14","92.9%","4","31","35","14","8","2","2","11","6","0","40","0","3","11-0(17-21)","21","19","29","22","91","26","43","60.5%","11","27","40.7%","6","10","60%","5","30","35","26","3","6","0","13","13","27","38","13","4","11-0(0-11)",10,"10.28","3063","êVäÉ","éOâì",TRUE,FALSE,0,0,0,0,0,0
"89","18","23","19","19","79","18","37","48.6%","9","26","34.6%","16","20","80%","12","26","38","21","9","7","3","16","12","9","34","13","15","6-0(22-30)","15","17","27","13","72","22","40","55%","7","27","25.9%","7","10","70%","12","25","37","19","12","4","2","19","6","2","22","7","15","6-0(40-43)",11,"11.03","3084","êVäÉ","â°ïl",FALSE,TRUE,0,0,0,0,0,0
"90","27","16","27","17","87","27","42","64.3%","8","25","32%","9","11","81.8%","7","33","40","25","10","6","4","15","10","25","46","15","8","17-0(46-65)","18","19","14","12","63","16","42","38.1%","7","19","36.8%","10","16","62.5%","6","25","31","18","13","9","2","15","17","5","28","15","4","9-0(33-31)",12,"11.04","3085","êVäÉ","â°ïl",FALSE,TRUE,0,0,0,0,0,0
"91","24","16","13","23","76","19","27","70.4%","9","32","28.1%","11","12","91.7%","9","28","37","15","6","4","2","8","3","13","32","7","12","11-0(68-62)","14","18","19","19","70","26","55","47.3%","5","17","29.4%","3","5","60%","15","22","37","12","6","3","2","14","4","5","36","8","19","7-0(40-34)",13,"11.07","3098","êVäÉ","éOâÕ",TRUE,FALSE,0,0,0,0,0,0
"92","26","28","23","17","94","31","55","56.4%","5","17","29.4%","17","21","81%","16","31","47","21","9","5","3","15","11","20","56","12","20","8-0(10-4)","24","15","23","20","82","23","54","42.6%","10","23","43.5%","6","10","60%","14","22","36","15","8","3","3","16","19","2","34","8","17","6-0(57-45)",1,"10.06","2994","ïxéR","â°ïl",TRUE,FALSE,0,0,0,0,0,0
"93","34","27","23","17","101","30","48","62.5%","8","20","40%","17","22","77.3%","11","31","42","25","8","6","1","14","19","38","50","11","15","11-0(13-2)","12","18","21","26","77","32","65","49.2%","2","13","15.4%","7","9","77.8%","15","20","35","20","8","6","5","19","17","0","52","9","14","7-0(93-69)",2,"10.07","2995","ïxéR","â°ïl",TRUE,FALSE,0,0,0,0,0,0
"94","18","18","22","26","84","25","46","54.3%","6","16","37.5%","16","27","59.3%","11","25","36","20","15","5","4","15","10","3","42","5","13","9-0(9-12)","25","26","29","24","104","29","53","54.7%","12","22","54.5%","10","18","55.6%","14","25","39","23","7","8","2","23","14","26","46","23","16","10-0(27-18)",3,"10.12","3004","ïxéR","ì»ñÿ",FALSE,TRUE,0,0,0,0,0,0
"95","18","18","19","25","80","24","44","54.5%","5","21","23.8%","17","23","73.9%","14","29","43","22","12","3","0","19","8","8","34","7","18","12-0(73-75)","16","17","34","18","85","27","56","48.2%","6","16","37.5%","13","22","59.1%","11","24","35","24","4","9","2","20","21","14","44","18","12","8-0(63-52)",4,"10.13","3005","ïxéR","ì»ñÿ",FALSE,TRUE,0,0,0,0,0,0
"96","26","11","29","22","88","28","45","62.2%","6","15","40%","14","21","66.7%","8","31","39","28","14","8","1","14","16","12","48","10","9","10-0(14-22)","16","18","29","21","84","24","47","51.1%","9","24","37.5%","9","14","64.3%","10","20","30","22","11","10","6","17","16","8","34","19","9","9-0(32-32)",5,"10.17","3026","ïxéR","â°ïl",FALSE,TRUE,0,0,0,0,0,0
"97","15","29","22","24","90","24","55","43.6%","9","20","45%","15","20","75%","19","29","48","29","10","9","2","15","9","22","44","14","14","13-0(42-34)","26","11","22","12","71","14","27","51.9%","11","37","29.7%","10","14","71.4%","11","25","36","19","15","6","4","17","19","14","20","15","10","9-0(10-23)",6,"10.20","3041","ïxéR","ãûìs",TRUE,FALSE,0,0,0,0,0,0
"98","27","19","25","24","95","29","54","53.7%","10","18","55.6%","7","9","77.8%","13","30","43","22","10","9","2","18","12","33","52","25","17","12-0(85-54)","12","21","18","13","64","16","31","51.6%","6","26","23.1%","14","20","70%","7","21","28","15","13","6","1","13","4","0","26","5","4","7-0(67-51)",7,"10.21","3042","ïxéR","ãûìs",TRUE,FALSE,0,0,0,0,0,0
"99","15","12","26","18","71","24","41","58.5%","2","15","13.3%","17","27","63%","10","16","26","11","9","1","0","12","0","0","34","8","11","10-0(75-61)","25","23","27","19","94","35","50","70%","5","16","31.3%","9","16","56.3%","11","26","37","17","5","5","3","20","8","27","58","12","13","10-0(35-17)",8,"10.24","3054","ïxéR","éOâÕ",FALSE,TRUE,0,0,0,0,0,0
"100","13","19","34","24","90","24","37","64.9%","5","15","33.3%","27","36","75%","6","17","23","22","20","10","2","22","12","25","46","32","10","13-0(58-34)","11","19","13","32","75","27","49","55.1%","4","12","33.3%","9","15","60%","12","21","33","20","28","13","1","28","18","5","50","25","12","5-0(58-39)",9,"10.27","3064","ïxéR","èHìc",TRUE,FALSE,0,0,0,0,0,0
"101","12","36","30","20","98","27","39","69.2%","6","10","60%","26","33","78.8%","7","28","35","17","22","8","4","21","19","30","48","20","8","22-0(57-39)","26","13","17","24","80","25","52","48.1%","6","21","28.6%","12","23","52.2%","16","13","29","23","15","17","2","29","14","16","48","31","11","12-0(12-26)",10,"10.28","3065","ïxéR","èHìc",TRUE,FALSE,0,0,0,0,0,0
"102","15","24","13","26","78","22","49","44.9%","7","18","38.9%","13","15","86.7%","9","27","36","21","7","6","1","9","10","0","34","14","8","8-0(67-63)","26","17","18","22","83","16","40","40%","14","30","46.7%","9","10","90%","13","29","42","22","8","3","2","13","4","14","18","12","9","7-0(7-0)",11,"11.03","3088","ïxéR","éOâÕ",FALSE,TRUE,0,0,0,0,0,0
"103","11","19","19","23","72","23","52","44.2%","7","20","35%","5","8","62.5%","12","21","33","19","5","6","3","11","8","3","32","6","10","7-0(74-61)","18","19","29","25","91","21","44","47.7%","15","23","65.2%","4","7","57.1%","12","30","42","24","8","4","6","12","13","20","36","8","12","8-0(63-45)",12,"11.04","3089","ïxéR","éOâÕ",FALSE,TRUE,0,0,0,0,0,0
"104","17","22","16","23","78","28","54","51.9%","4","15","26.7%","10","12","83.3%","9","25","34","20","10","7","3","10","17","5","50","10","8","8-0(15-12)","23","13","32","19","87","28","45","62.2%","9","26","34.6%","4","7","57.1%","8","28","36","29","12","5","3","13","12","17","50","11","13","12-0(43-50)",13,"11.07","3099","ïxéR","êÏçË",TRUE,FALSE,0,0,0,0,0,0
"105","24","15","23","20","82","23","54","42.6%","10","23","43.5%","6","10","60%","14","22","36","15","8","3","3","16","19","2","34","8","17","6-0(57-45)","26","28","23","17","94","31","55","56.4%","5","17","29.4%","17","21","81%","16","31","47","21","9","5","3","15","11","20","56","12","20","8-0(10-4)",1,"10.06","2994","â°ïl","ïxéR",FALSE,TRUE,0,0,0,0,0,0
"106","12","18","21","26","77","32","65","49.2%","2","13","15.4%","7","9","77.8%","15","20","35","20","8","6","5","19","17","0","52","9","14","7-0(93-69)","34","27","23","17","101","30","48","62.5%","8","20","40%","17","22","77.3%","11","31","42","25","8","6","1","14","19","38","50","11","15","11-0(13-2)",2,"10.07","2995","â°ïl","ïxéR",FALSE,TRUE,0,0,0,0,0,0
"107","10","26","17","27","80","24","43","55.8%","9","24","37.5%","5","11","45.5%","11","27","38","22","11","8","2","17","12","0","38","16","8","13-0(43-36)","31","14","21","18","84","22","34","64.7%","11","33","33.3%","7","10","70%","8","25","33","24","11","4","5","12","9","25","34","16","10","21-0(35-10)",3,"10.12","3016","â°ïl","ãûìs",FALSE,TRUE,0,0,0,0,0,0
"108","18","20","22","21","81","22","44","50%","10","28","35.7%","7","8","87.5%","15","22","37","20","10","5","2","18","12","3","30","11","12","7-0(76-75)","19","25","17","26","87","21","30","70%","11","28","39.3%","12","14","85.7%","5","25","30","27","11","6","3","15","0","9","34","5","5","9-0(19-13)",4,"10.13","3017","â°ïl","ãûìs",FALSE,TRUE,0,0,0,0,0,0
"109","16","18","29","21","84","24","47","51.1%","9","24","37.5%","9","14","64.3%","10","20","30","22","11","10","6","17","16","8","34","19","9","9-0(32-32)","26","11","29","22","88","28","45","62.2%","6","15","40%","14","21","66.7%","8","31","39","28","14","8","1","14","16","12","48","10","9","10-0(14-22)",5,"10.17","3026","â°ïl","ïxéR",TRUE,FALSE,0,0,0,0,0,0
"110","18","19","22","21","80","19","41","46.3%","10","20","50%","12","13","92.3%","8","25","33","24","12","8","2","14","12","12","32","13","10","12-0(14-2)","18","21","19","18","76","22","44","50%","8","33","24.2%","8","10","80%","22","21","43","26","13","7","4","18","7","4","32","6","9","7-0(14-9)",6,"10.20","3039","â°ïl","é†âÍ",TRUE,FALSE,0,0,0,0,0,0
"111","11","12","24","25","72","24","48","50%","2","15","13.3%","18","28","64.3%","14","15","29","12","6","14","0","14","10","2","40","26","14","9-0(56-66)","23","14","26","7","70","17","25","68%","10","22","45.5%","6","11","54.5%","6","28","34","22","24","2","2","23","4","24","24","5","8","8-0(5-16)",7,"10.21","3040","â°ïl","é†âÍ",TRUE,FALSE,0,0,0,0,0,0
"112","20","12","19","21","72","27","46","58.7%","2","15","13.3%","12","19","63.2%","7","15","22","22","7","11","2","19","7","2","36","20","8","6-0(45-54)","25","20","18","25","88","19","26","73.1%","11","27","40.7%","17","21","81%","7","28","35","23","15","3","0","19","2","18","30","3","9","8-0(4-10)",8,"10.24","3053","â°ïl","êVäÉ",TRUE,FALSE,0,0,0,0,0,0
"113","19","17","21","27","84","22","50","44%","5","14","35.7%","25","32","78.1%","10","31","41","11","9","7","1","12","6","8","36","7","12","6-0(51-52)","21","21","12","25","79","29","54","53.7%","5","20","25%","6","10","60%","8","29","37","23","10","4","4","27","6","11","50","4","4","7-0(30-22)",9,"10.27","3060","â°ïl","SRèaíJ",FALSE,TRUE,0,0,0,0,0,0
"114","26","25","6","16","73","20","45","44.4%","10","27","37%","3","7","42.9%","12","25","37","20","14","6","3","25","10","22","30","11","8","11-0(24-46)","17","19","16","25","77","24","40","60%","3","25","12%","20","25","80%","15","32","47","24","13","7","1","16","13","5","30","13","7","10-0(62-59)",10,"10.28","3061","â°ïl","SRèaíJ",FALSE,TRUE,0,0,0,0,0,0
"115","15","17","27","13","72","22","40","55%","7","27","25.9%","7","10","70%","12","25","37","19","12","4","2","19","6","2","22","7","15","6-0(40-43)","18","23","19","19","79","18","37","48.6%","9","26","34.6%","16","20","80%","12","26","38","21","9","7","3","16","12","9","34","13","15","6-0(22-30)",11,"11.03","3084","â°ïl","êVäÉ",TRUE,FALSE,0,0,0,0,0,0
"116","18","19","14","12","63","16","42","38.1%","7","19","36.8%","10","16","62.5%","6","25","31","18","13","9","2","15","17","5","28","15","4","9-0(33-31)","27","16","27","17","87","27","42","64.3%","8","25","32%","9","11","81.8%","7","33","40","25","10","6","4","15","10","25","46","15","8","17-0(46-65)",12,"11.04","3085","â°ïl","êVäÉ",TRUE,FALSE,0,0,0,0,0,0
"117","29","12","23","26","90","29","60","48.3%","6","20","30%","14","22","63.6%","16","20","36","22","6","11","1","17","11","9","46","12","16","8-0(24-16)","26","25","20","26","97","31","46","67.4%","9","21","42.9%","8","12","66.7%","8","33","41","28","15","3","5","14","19","14","56","7","11","9-0(32-37)",13,"11.07","3097","â°ïl","éOâì",TRUE,FALSE,0,0,0,0,0,0
"118","16","14","28","23","81","25","44","56.8%","6","16","37.5%","13","16","81.3%","7","25","32","24","16","8","2","17","19","16","44","18","11","11-0(61-77)","11","22","22","17","72","21","40","52.5%","4","22","18.2%","18","21","85.7%","12","23","35","15","16","10","3","14","12","6","40","13","10","11-0(24-18)",1,"10.04","2990","êÏçË","êÁót",FALSE,TRUE,0,0,0,0,0,0
"119","11","11","24","22","68","15","27","55.6%","10","26","38.5%","8","15","53.3%","7","31","38","21","18","4","3","20","6","2","30","5","4","13-0(39-40)","20","14","14","18","66","16","38","42.1%","7","27","25.9%","13","18","72.2%","12","23","35","13","9","8","3","18","5","21","28","10","13","9-0(19-9)",2,"10.06","2991","êÏçË","êÁót",FALSE,TRUE,0,0,0,0,0,0
"120","6","25","24","21","76","23","46","50%","5","19","26.3%","15","23","65.2%","10","29","39","21","10","10","4","15","15","15","40","8","13","16-0(22-23)","21","8","18","17","64","22","46","47.8%","4","22","18.2%","8","10","80%","13","28","41","12","16","6","4","21","6","17","36","13","10","10-0(0-10)",3,"10.12","3010","êÏçË","é†âÍ",TRUE,FALSE,0,0,0,0,0,0
"121","10","24","18","16","68","19","41","46.3%","4","20","20%","18","28","64.3%","12","25","37","22","9","3","3","21","2","2","32","3","11","8-0(8-8)","14","23","23","20","80","22","45","48.9%","6","19","31.6%","18","22","81.8%","12","31","43","21","7","6","2","22","14","15","32","10","16","8-0(0-8)",4,"10.13","3011","êÏçË","é†âÍ",TRUE,FALSE,0,0,0,0,0,0
"122","15","18","12","24","69","22","45","48.9%","3","14","21.4%","16","20","80%","8","33","41","18","11","7","3","7","14","12","40","10","6","11-0(58-53)","13","8","28","11","60","20","51","39.2%","5","18","27.8%","5","5","100%","10","28","38","17","11","7","6","20","0","6","24","11","6","11-0(38-41)",5,"10.17","3025","êÏçË","éOâÕ",TRUE,FALSE,0,0,0,0,0,0
"123","17","19","20","11","67","21","41","51.2%","3","20","15%","16","20","80%","7","27","34","15","10","3","4","9","5","2","38","4","3","11-0(34-36)","23","13","27","26","89","28","52","53.8%","8","23","34.8%","9","11","81.8%","12","30","42","23","5","7","2","19","9","22","46","15","9","9-0(85-65)",6,"10.20","3037","êÏçË","Aìåãû",FALSE,TRUE,0,0,0,0,0,0
"124","12","8","16","10","46","20","53","37.7%","0","8","0%","6","10","60%","10","31","41","9","15","6","6","11","4","2","28","9","8","6-0(38-26)","18","18","15","15","66","25","56","44.6%","4","14","28.6%","4","7","57.1%","11","33","44","15","10","11","6","15","23","23","38","21","8","9-0(64-41)",7,"10.21","3038","êÏçË","Aìåãû",FALSE,TRUE,0,0,0,0,0,0
"125","10","17","16","13","56","17","43","39.5%","3","20","15%","13","18","72.2%","9","26","35","10","13","9","1","7","0","7","28","16","3","7-0(21-14)","8","15","24","18","65","26","54","48.1%","3","11","27.3%","4","5","80%","8","38","46","17","17","5","0","16","10","14","44","15","8","8-0(43-55)",8,"10.24","3052","êÏçË","éOâì",TRUE,FALSE,0,0,0,0,0,0
"126","6","19","14","21","60","21","48","43.8%","3","15","20%","9","11","81.8%","8","23","31","11","7","8","0","13","8","0","40","15","8","13-0(31-19)","29","5","17","17","68","18","31","58.1%","8","27","29.6%","8","12","66.7%","10","31","41","14","14","3","1","16","8","25","28","9","7","13-0(27-5)",9,"10.26","3074","êÏçË","óÆãÖ",FALSE,TRUE,0,0,0,0,0,0
"127","23","16","24","12","75","21","37","56.8%","8","21","38.1%","9","12","75%","4","30","34","19","8","4","1","10","2","12","36","10","5","17-0(49-61)","16","28","9","19","72","20","46","43.5%","8","22","36.4%","8","10","80%","11","27","38","20","7","8","2","14","7","6","32","10","14","8-0(44-39)",10,"10.27","3075","êÏçË","óÆãÖ",FALSE,TRUE,0,0,0,0,0,0
"128","24","21","19","16","80","33","51","64.7%","2","10","20%","8","12","66.7%","7","26","33","22","13","11","0","15","3","16","46","20","7","8-0(49-60)","24","17","11","27","79","29","48","60.4%","3","19","15.8%","12","18","66.7%","13","20","33","12","14","8","4","15","8","4","50","14","13","9-0(67-74)",11,"11.03","3090","êÏçË","ëÂç„",FALSE,TRUE,0,0,0,0,0,0
"129","15","21","21","26","83","25","43","58.1%","8","15","53.3%","9","15","60%","8","27","35","15","14","6","1","10","2","7","44","14","11","10-0(75-82)","22","18","20","20","80","22","42","52.4%","11","31","35.5%","3","4","75%","13","19","32","25","9","8","4","17","10","10","32","15","11","9-0(11-4)",12,"11.04","3091","êÏçË","ëÂç„",FALSE,TRUE,0,0,0,0,0,0
"130","23","13","32","19","87","28","45","62.2%","9","26","34.6%","4","7","57.1%","8","28","36","29","12","5","3","13","12","17","50","11","13","12-0(43-50)","17","22","16","23","78","28","54","51.9%","4","15","26.7%","10","12","83.3%","9","25","34","20","10","7","3","10","17","5","50","10","8","8-0(15-12)",13,"11.07","3099","êÏçË","ïxéR",FALSE,TRUE,0,0,0,0,0,0
"131","22","21","17","17","77","21","47","44.7%","9","22","40.9%","8","12","66.7%","14","26","40","23","8","11","1","15","11","18","38","21","9","9-0(22-9)","9","25","20","10","64","20","42","47.6%","5","14","35.7%","9","11","81.8%","5","25","30","11","15","4","5","15","4","2","34","5","3","11-0(41-34)",1,"10.06","2996","éOâì","ãûìs",TRUE,FALSE,0,0,0,0,0,0
"132","25","16","21","26","88","30","50","60%","7","15","46.7%","7","9","77.8%","10","25","35","19","14","4","1","24","8","7","52","10","9","7-0(19-13)","22","23","22","26","93","23","38","60.5%","9","21","42.9%","20","28","71.4%","6","20","26","18","8","7","4","13","15","8","42","15","8","8-0(82-89)",2,"10.07","2997","éOâì","ãûìs",TRUE,FALSE,0,0,0,0,0,0
"133","21","12","18","9","60","20","45","44.4%","5","15","33.3%","5","8","62.5%","9","25","34","16","16","6","4","19","12","10","34","7","3","6-0(38-45)","14","14","19","23","70","21","45","46.7%","4","15","26.7%","16","21","76.2%","12","25","37","11","11","9","4","13","5","13","32","21","13","13-0(66-53)",3,"10.13","3006","éOâì","êÁót",FALSE,TRUE,0,0,0,0,0,0
"134","14","13","12","17","56","20","37","54.1%","3","20","15%","7","12","58.3%","6","28","34","14","16","9","3","12","7","5","34","13","8","8-0(68-50)","27","18","21","7","73","24","53","45.3%","7","15","46.7%","4","7","57.1%","10","33","43","14","11","7","4","14","9","27","34","19","9","19-0(31-14)",4,"10.14","3007","éOâì","êÁót",FALSE,TRUE,0,0,0,0,0,0
"135","17","8","12","11","48","18","40","45%","2","19","10.5%","6","7","85.7%","9","33","42","13","13","5","4","12","6","6","24","9","4","7-0(3-9)","16","18","10","17","61","18","45","40%","6","22","27.3%","7","10","70%","11","30","41","16","7","7","1","8","3","13","32","5","10","9-0(29-21)",5,"10.17","3027","éOâì","êVäÉ",FALSE,TRUE,0,0,0,0,0,0
"136","23","15","12","13","63","24","52","46.2%","3","16","18.8%","6","9","66.7%","11","16","27","19","8","7","0","23","6","5","38","10","7","8-0(13-8)","22","18","30","26","96","29","45","64.4%","7","18","38.9%","17","20","85%","11","33","44","24","9","6","3","16","10","33","32","10","10","12-0(42-59)",6,"10.20","3043","éOâì","óÆãÖ",TRUE,FALSE,0,0,0,0,0,0
"137","17","10","13","20","60","25","52","48.1%","1","10","10%","7","13","53.8%","9","27","36","12","15","1","3","21","2","3","38","3","9","6-0(46-69)","26","19","22","24","91","27","51","52.9%","7","21","33.3%","16","19","84.2%","12","29","41","17","7","6","1","20","7","32","38","17","13","8-0(13-26)",7,"10.21","3044","éOâì","óÆãÖ",TRUE,FALSE,0,0,0,0,0,0
"138","8","15","24","18","65","26","54","48.1%","3","11","27.3%","4","5","80%","8","38","46","17","17","5","0","16","10","14","44","15","8","8-0(43-55)","10","17","16","13","56","17","43","39.5%","3","20","15%","13","18","72.2%","9","26","35","10","13","9","1","7","0","7","28","16","3","7-0(21-14)",8,"10.24","3052","éOâì","êÏçË",FALSE,TRUE,0,0,0,0,0,0
"139","8","13","20","13","54","14","35","40%","7","24","29.2%","5","10","50%","6","29","35","14","10","3","1","19","5","0","20","5","6","5-0(22-13)","22","12","23","20","77","19","40","47.5%","9","24","37.5%","12","16","75%","9","33","42","16","9","5","2","14","7","25","36","10","11","7-0(36-21)",9,"10.27","3062","éOâì","êVäÉ",FALSE,TRUE,0,0,0,0,0,0
"140","21","19","29","22","91","26","43","60.5%","11","27","40.7%","6","10","60%","5","30","35","26","3","6","0","13","13","27","38","13","4","11-0(0-11)","13","18","20","21","72","25","44","56.8%","3","18","16.7%","13","14","92.9%","4","31","35","14","8","2","2","11","6","0","40","0","3","11-0(17-21)",10,"10.28","3063","éOâì","êVäÉ",FALSE,TRUE,0,0,0,0,0,0
"141","21","17","27","21","86","22","50","44%","9","16","56.3%","15","23","65.2%","11","31","42","27","15","2","1","22","11","21","38","12","11","10-0(38-29)","12","17","21","30","80","27","59","45.8%","4","15","26.7%","14","24","58.3%","14","25","39","18","11","10","7","22","19","1","44","21","11","11-0(81-74)",11,"11.03","3086","éOâì","ñkäCìπ",TRUE,FALSE,0,0,0,0,0,0
"142","9","19","27","20","75","21","39","53.8%","4","20","20%","21","27","77.8%","12","27","39","13","16","3","0","21","6","0","36","8","9","10-0(67-76)","27","21","26","14","88","27","54","50%","7","16","43.8%","13","17","76.5%","10","24","34","22","7","8","3","23","2","24","50","15","15","16-0(3-25)",12,"11.04","3087","éOâì","ñkäCìπ",TRUE,FALSE,0,0,0,0,0,0
"143","26","25","20","26","97","31","46","67.4%","9","21","42.9%","8","12","66.7%","8","33","41","28","15","3","5","14","19","14","56","7","11","9-0(32-37)","29","12","23","26","90","29","60","48.3%","6","20","30%","14","22","63.6%","16","20","36","22","6","11","1","17","11","9","46","12","16","8-0(24-16)",13,"11.07","3097","éOâì","â°ïl",FALSE,TRUE,0,0,0,0,0,0
"144","22","11","22","20","75","25","53","47.2%","5","16","31.3%","10","19","52.6%","16","23","39","16","9","5","2","19","6","2","42","11","14","6-0(45-43)","22","19","17","22","80","22","37","59.5%","6","20","30%","18","25","72%","9","28","37","15","11","3","0","16","4","12","32","6","11","10-0(39-27)",1,"10.06","2998","éOâÕ","ñºå√âÆD",FALSE,TRUE,0,0,0,0,0,0
"145","13","21","28","31","93","23","45","51.1%","12","24","50%","11","13","84.6%","12","29","41","20","14","5","1","24","6","0","30","14","10","13-0(90-84)","25","30","23","18","96","16","36","44.4%","15","26","57.7%","19","28","67.9%","7","22","29","25","9","9","3","19","14","25","24","22","4","9-0(14-2)",2,"10.07","2999","éOâÕ","ñºå√âÆD",FALSE,TRUE,0,0,0,0,0,0
"146","13","21","14","21","69","26","48","54.2%","2","13","15.4%","11","13","84.6%","8","24","32","10","12","5","3","13","7","7","48","8","10","8-0(28-23)","17","12","21","27","77","25","52","48.1%","5","15","33.3%","12","14","85.7%","12","26","38","16","11","7","4","12","8","10","28","14","11","13-0(44-50)",3,"10.13","3014","éOâÕ","Aìåãû",TRUE,FALSE,0,0,0,0,0,0
"147","14","10","11","20","55","13","37","35.1%","7","20","35%","8","12","66.7%","3","27","30","10","10","7","1","14","2","7","22","9","8","11-0(53-62)","10","18","24","13","65","21","44","47.7%","4","17","23.5%","11","17","64.7%","9","34","43","14","11","8","3","14","11","20","34","15","6","8-0(33-48)",4,"10.14","3015","éOâÕ","Aìåãû",TRUE,FALSE,0,0,0,0,0,0
"148","13","8","28","11","60","20","51","39.2%","5","18","27.8%","5","5","100%","10","28","38","17","11","7","6","20","0","6","24","11","6","11-0(38-41)","15","18","12","24","69","22","45","48.9%","3","14","21.4%","16","20","80%","8","33","41","18","11","7","3","7","14","12","40","10","6","11-0(58-53)",5,"10.17","3025","éOâÕ","êÏçË",FALSE,TRUE,0,0,0,0,0,0
"149","20","16","29","9","74","21","46","45.7%","6","15","40%","14","22","63.6%","7","34","41","18","8","3","1","17","4","21","34","4","5","15-0(58-37)","10","20","17","17","64","18","42","42.9%","4","24","16.7%","16","20","80%","9","31","40","15","6","5","2","18","8","2","20","11","4","5-0(29-20)",6,"10.20","3045","éOâÕ","SRèaíJ",TRUE,FALSE,0,0,0,0,0,0
"150","17","20","17","22","76","21","47","44.7%","6","11","54.5%","16","21","76.2%","10","30","40","15","10","3","2","12","4","18","30","4","10","11-0(39-26)","18","8","20","25","71","15","41","36.6%","9","18","50%","14","16","87.5%","6","22","28","15","7","5","2","20","6","3","16","10","5","11-0(72-65)",7,"10.21","3046","éOâÕ","SRèaíJ",TRUE,FALSE,0,0,0,0,0,0
"151","25","23","27","19","94","35","50","70%","5","16","31.3%","9","16","56.3%","11","26","37","17","5","5","3","20","8","27","58","12","13","10-0(35-17)","15","12","26","18","71","24","41","58.5%","2","15","13.3%","17","27","63%","10","16","26","11","9","1","0","12","0","0","34","8","11","10-0(75-61)",8,"10.24","3054","éOâÕ","ïxéR",TRUE,FALSE,0,0,0,0,0,0
"152","17","19","20","21","77","25","51","49%","7","19","36.8%","6","8","75%","8","28","36","17","6","6","1","11","3","30","32","16","9","10-0(20-34)","18","6","11","21","56","21","49","42.9%","3","17","17.6%","5","8","62.5%","11","30","41","21","12","3","3","9","5","1","28","5","13","7-0(45-68)",9,"10.29","3068","éOâÕ","é†âÍ",FALSE,TRUE,0,0,0,0,0,0
"153","20","8","23","27","78","18","41","43.9%","9","22","40.9%","15","20","75%","13","23","36","24","8","4","3","15","6","15","30","12","21","7-0(10-15)","14","14","16","31","75","19","44","43.2%","9","24","37.5%","10","12","83.3%","16","22","38","20","11","5","5","20","4","3","20","9","18","8-0(25-23)",10,"10.30","3069","éOâÕ","é†âÍ",FALSE,TRUE,0,0,0,0,0,0
"154","26","17","18","22","83","16","40","40%","14","30","46.7%","9","10","90%","13","29","42","22","8","3","2","13","4","14","18","12","9","7-0(7-0)","15","24","13","26","78","22","49","44.9%","7","18","38.9%","13","15","86.7%","9","27","36","21","7","6","1","9","10","0","34","14","8","8-0(67-63)",11,"11.03","3088","éOâÕ","ïxéR",TRUE,FALSE,0,0,0,0,0,0
"155","18","19","29","25","91","21","44","47.7%","15","23","65.2%","4","7","57.1%","12","30","42","24","8","4","6","12","13","20","36","8","12","8-0(63-45)","11","19","19","23","72","23","52","44.2%","7","20","35%","5","8","62.5%","12","21","33","19","5","6","3","11","8","3","32","6","10","7-0(74-61)",12,"11.04","3089","éOâÕ","ïxéR",TRUE,FALSE,0,0,0,0,0,0
"156","14","18","19","19","70","26","55","47.3%","5","17","29.4%","3","5","60%","15","22","37","12","6","3","2","14","4","5","36","8","19","7-0(40-34)","24","16","13","23","76","19","27","70.4%","9","32","28.1%","11","12","91.7%","9","28","37","15","6","4","2","8","3","13","32","7","12","11-0(68-62)",13,"11.07","3098","éOâÕ","êVäÉ",FALSE,TRUE,0,0,0,0,0,0
"157","22","19","17","22","80","22","37","59.5%","6","20","30%","18","25","72%","9","28","37","15","11","3","0","16","4","12","32","6","11","10-0(39-27)","22","11","22","20","75","25","53","47.2%","5","16","31.3%","10","19","52.6%","16","23","39","16","9","5","2","19","6","2","42","11","14","6-0(45-43)",1,"10.06","2998","ñºå√âÆD","éOâÕ",TRUE,FALSE,0,0,0,0,0,0
"158","25","30","23","18","96","16","36","44.4%","15","26","57.7%","19","28","67.9%","7","22","29","25","9","9","3","19","14","25","24","22","4","9-0(14-2)","13","21","28","31","93","23","45","51.1%","12","24","50%","11","13","84.6%","12","29","41","20","14","5","1","24","6","0","30","14","10","13-0(90-84)",2,"10.07","2999","ñºå√âÆD","éOâÕ",TRUE,FALSE,0,0,0,0,0,0
"159","17","24","22","24","87","23","37","62.2%","11","32","34.4%","8","15","53.3%","11","17","28","24","4","6","1","13","11","3","32","15","12","10-0(49-51)","20","25","20","23","88","24","43","55.8%","11","21","52.4%","7","9","77.8%","12","26","38","21","11","2","2","18","8","10","38","8","15","13-0(13-3)",3,"10.12","3020","ñºå√âÆD","óÆãÖ",FALSE,TRUE,0,0,0,0,0,0
"160","14","24","12","18","68","17","39","43.6%","8","19","42.1%","10","12","83.3%","5","24","29","19","8","5","2","16","5","0","30","7","5","7-0(11-9)","21","21","22","15","79","22","43","51.2%","9","24","37.5%","8","11","72.7%","14","28","42","23","8","4","2","19","5","16","32","15","9","8-0(60-45)",4,"10.13","3021","ñºå√âÆD","óÆãÖ",FALSE,TRUE,0,0,0,0,0,0
"161","29","16","24","20","89","19","40","47.5%","12","21","57.1%","15","21","71.4%","10","28","38","18","11","6","2","11","6","25","30","10","8","8-0(11-2)","17","14","21","24","76","25","55","45.5%","6","20","30%","8","10","80%","16","24","40","17","11","6","2","17","5","0","42","14","19","8-0(69-55)",5,"10.17","3028","ñºå√âÆD","ïüâ™",TRUE,FALSE,0,0,0,0,0,0
"162","15","28","20","13","76","25","47","53.2%","8","18","44.4%","2","3","66.7%","2","31","33","19","9","7","1","16","9","19","38","24","4","9-0(31-46)","15","16","18","14","63","17","37","45.9%","6","19","31.6%","11","18","61.1%","5","31","36","16","14","5","1","12","4","2","24","0","8","11-0(17-15)",6,"10.20","3047","ñºå√âÆD","ëÂç„",FALSE,TRUE,0,0,0,0,0,0
"163","22","21","16","21","80","19","42","45.2%","10","24","41.7%","12","14","85.7%","8","30","38","16","7","6","3","15","1","14","28","14","9","9-0(11-19)","13","19","21","17","70","23","52","44.2%","5","18","27.8%","9","12","75%","13","30","43","17","10","4","4","16","6","1","38","6","9","6-0(22-25)",7,"10.21","3048","ñºå√âÆD","ëÂç„",FALSE,TRUE,0,0,0,0,0,0
"164","18","16","25","25","84","17","39","43.6%","10","22","45.5%","20","23","87%","6","26","32","20","6","6","1","13","12","14","30","16","8","9-0(27-29)","23","16","13","25","77","27","52","51.9%","6","15","40%","5","9","55.6%","9","27","36","20","11","2","2","19","6","9","34","7","6","9-0(38-32)",8,"10.24","3055","ñºå√âÆD","é†âÍ",FALSE,TRUE,0,0,0,0,0,0
"165","33","24","15","18","90","18","27","66.7%","13","39","33.3%","15","18","83.3%","10","29","39","22","9","4","1","20","13","27","30","4","8","12-0(52-29)","21","10","24","23","78","29","54","53.7%","3","19","15.8%","11","13","84.6%","13","25","38","17","8","5","1","21","2","5","54","9","18","13-0(81-73)",9,"10.27","3066","ñºå√âÆD","ïüâ™",TRUE,FALSE,0,0,0,0,0,0
"166","21","12","30","28","91","16","35","45.7%","14","33","42.4%","17","20","85%","12","25","37","23","11","9","0","22","12","9","26","12","13","10-0(13-8)","18","24","20","26","88","23","38","60.5%","8","19","42.1%","18","23","78.3%","3","25","28","19","13","4","4","19","9","10","44","13","4","10-0(33-42)",10,"10.28","3067","ñºå√âÆD","ïüâ™",TRUE,FALSE,0,0,0,0,0,0
"167","26","24","26","21","97","28","46","60.9%","7","14","50%","20","31","64.5%","11","18","29","23","11","11","4","25","12","20","54","22","11","11-0(17-32)","17","20","20","26","83","25","40","62.5%","3","19","15.8%","24","27","88.9%","12","20","32","23","18","6","2","32","8","3","44","9","15","8-0(30-36)",11,"11.03","3076","ñºå√âÆD","èHìc",FALSE,TRUE,0,0,0,0,0,0
"168","17","34","18","15","84","17","32","53.1%","11","23","47.8%","17","30","56.7%","3","35","38","27","9","4","2","18","27","20","32","12","4","21-0(34-54)","23","11","23","11","68","17","41","41.5%","8","32","25%","10","14","71.4%","15","29","44","20","11","5","3","28","7","11","30","13","10","10-0(13-4)",12,"11.04","3077","ñºå√âÆD","èHìc",FALSE,TRUE,0,0,0,0,0,0
"169","16","18","21","17","72","21","42","50%","7","24","29.2%","9","11","81.8%","14","26","40","20","11","8","6","17","3","24","34","23","19","13-0(68-44)","18","13","13","12","56","20","50","40%","2","14","14.3%","10","14","71.4%","17","23","40","16","16","6","3","14","2","7","28","7","7","6-0(0-6)",13,"11.07","3100","ñºå√âÆD","é†âÍ",TRUE,FALSE,0,0,0,0,0,0
"170","19","13","14","27","73","23","45","51.1%","5","22","22.7%","12","13","92.3%","9","33","42","22","7","2","4","20","0","2","34","11","14","9-0(53-64)","27","15","22","14","78","15","34","44.1%","12","32","37.5%","12","20","60%","10","30","40","13","8","6","2","12","6","20","24","11","13","13-0(42-61)",1,"10.06","3000","é†âÍ","êVäÉ",TRUE,FALSE,0,0,0,0,0,0
"171","23","20","16","16","75","23","43","53.5%","8","26","30.8%","5","8","62.5%","12","31","43","25","15","6","5","17","11","22","20","14","11","12-0(35-13)","11","16","26","18","71","17","41","41.5%","7","25","28%","16","18","88.9%","8","27","35","14","12","7","3","14","14","5","32","14","4","11-0(54-45)",2,"10.07","3001","é†âÍ","êVäÉ",TRUE,FALSE,0,0,0,0,0,0
"172","21","8","18","17","64","22","46","47.8%","4","22","18.2%","8","10","80%","13","28","41","12","16","6","4","21","6","17","36","13","10","10-0(0-10)","6","25","24","21","76","23","46","50%","5","19","26.3%","15","23","65.2%","10","29","39","21","10","10","4","15","15","15","40","8","13","16-0(22-23)",3,"10.12","3010","é†âÍ","êÏçË",FALSE,TRUE,0,0,0,0,0,0
"173","14","23","23","20","80","22","45","48.9%","6","19","31.6%","18","22","81.8%","12","31","43","21","7","6","2","22","14","15","32","10","16","8-0(0-8)","10","24","18","16","68","19","41","46.3%","4","20","20%","18","28","64.3%","12","25","37","22","9","3","3","21","2","2","32","3","11","8-0(8-8)",4,"10.13","3011","é†âÍ","êÏçË",FALSE,TRUE,0,0,0,0,0,0
"174","15","16","15","14","60","22","56","39.3%","3","16","18.8%","7","10","70%","18","23","41","18","8","11","2","14","7","10","26","16","10","13-0(19-12)","12","20","12","20","64","18","37","48.6%","7","19","36.8%","7","12","58.3%","9","29","38","20","13","5","4","8","14","9","28","9","4","11-0(46-55)",5,"10.17","3029","é†âÍ","ëÂç„",TRUE,FALSE,0,0,0,0,0,0
"175","18","21","19","18","76","22","44","50%","8","33","24.2%","8","10","80%","22","21","43","26","13","7","4","18","7","4","32","6","9","7-0(14-9)","18","19","22","21","80","19","41","46.3%","10","20","50%","12","13","92.3%","8","25","33","24","12","8","2","14","12","12","32","13","10","12-0(14-2)",6,"10.20","3039","é†âÍ","â°ïl",FALSE,TRUE,0,0,0,0,0,0
"176","23","14","26","7","70","17","25","68%","10","22","45.5%","6","11","54.5%","6","28","34","22","24","2","2","23","4","24","24","5","8","8-0(5-16)","11","12","24","25","72","24","48","50%","2","15","13.3%","18","28","64.3%","14","15","29","12","6","14","0","14","10","2","40","26","14","9-0(56-66)",7,"10.21","3040","é†âÍ","â°ïl",FALSE,TRUE,0,0,0,0,0,0
"177","23","16","13","25","77","27","52","51.9%","6","15","40%","5","9","55.6%","9","27","36","20","11","2","2","19","6","9","34","7","6","9-0(38-32)","18","16","25","25","84","17","39","43.6%","10","22","45.5%","20","23","87%","6","26","32","20","6","6","1","13","12","14","30","16","8","9-0(27-29)",8,"10.24","3055","é†âÍ","ñºå√âÆD",TRUE,FALSE,0,0,0,0,0,0
"178","18","6","11","21","56","21","49","42.9%","3","17","17.6%","5","8","62.5%","11","30","41","21","12","3","3","9","5","1","28","5","13","7-0(45-68)","17","19","20","21","77","25","51","49%","7","19","36.8%","6","8","75%","8","28","36","17","6","6","1","11","3","30","32","16","9","10-0(20-34)",9,"10.29","3068","é†âÍ","éOâÕ",TRUE,FALSE,0,0,0,0,0,0
"179","14","14","16","31","75","19","44","43.2%","9","24","37.5%","10","12","83.3%","16","22","38","20","11","5","5","20","4","3","20","9","18","8-0(25-23)","20","8","23","27","78","18","41","43.9%","9","22","40.9%","15","20","75%","13","23","36","24","8","4","3","15","6","15","30","12","21","7-0(10-15)",10,"10.30","3069","é†âÍ","éOâÕ",TRUE,FALSE,0,0,0,0,0,0
"180","21","24","22","13","93","32","49","65.3%","5","11","45.5%","14","19","73.7%","8","26","34","23","16","5","0","17","9","8","46","9","9","7-0(45-45)","25","22","14","19","90","24","54","44.4%","10","26","38.5%","12","15","80%","17","17","34","24","8","9","3","15","7","11","36","17","21","6-0(23-14)",11,"11.03","3078","é†âÍ","ì»ñÿ",FALSE,TRUE,13,10,0,0,0,0
"181","6","17","17","21","61","17","44","38.6%","6","15","40%","9","16","56.3%","10","19","29","15","13","4","2","18","2","0","30","5","8","9-0(98-61)","30","25","25","18","98","25","39","64.1%","12","25","48%","12","15","80%","10","29","39","28","8","8","4","16","9","46","42","13","8","20-0(30-6)",12,"11.04","3079","é†âÍ","ì»ñÿ",FALSE,TRUE,0,0,0,0,0,0
"182","18","13","13","12","56","20","50","40%","2","14","14.3%","10","14","71.4%","17","23","40","16","16","6","3","14","2","7","28","7","7","6-0(0-6)","16","18","21","17","72","21","42","50%","7","24","29.2%","9","11","81.8%","14","26","40","20","11","8","6","17","3","24","34","23","19","13-0(68-44)",13,"11.07","3100","é†âÍ","ñºå√âÆD",FALSE,TRUE,0,0,0,0,0,0
"183","16","20","19","19","74","24","47","51.1%","6","18","33.3%","8","16","50%","12","24","36","19","16","15","5","21","10","14","38","20","15","8-0(12-18)","12","13","21","22","68","25","49","51%","2","14","14.3%","12","15","80%","13","26","39","16","20","7","5","20","8","2","44","20","14","8-0(56-62)",1,"10.06","2986","ëÂç„","ñkäCìπ",FALSE,TRUE,0,0,0,0,0,0
"184","13","16","15","9","53","16","48","33.3%","3","14","21.4%","12","20","60%","13","19","32","13","13","5","2","17","2","3","30","12","10","9-0(33-31)","14","19","25","12","70","23","45","51.1%","5","18","27.8%","9","11","81.8%","17","33","50","20","18","9","8","18","8","17","40","14","14","13-0(33-22)",2,"10.07","2987","ëÂç„","ñkäCìπ",FALSE,TRUE,0,0,0,0,0,0
"185","13","19","18","23","73","18","42","42.9%","9","25","36%","10","20","50%","14","26","40","20","8","8","1","14","11","18","28","21","15","13-0(32-25)","12","16","11","17","56","19","39","48.7%","5","18","27.8%","3","7","42.9%","9","29","38","11","20","6","5","19","0","6","26","4","10","11-0(19-25)",3,"10.12","3018","ëÂç„","ïüâ™",TRUE,FALSE,0,0,0,0,0,0
"186","16","17","27","29","89","18","34","52.9%","16","34","47.1%","5","8","62.5%","10","26","36","29","11","9","4","18","19","24","32","15","3","10-0(46-31)","15","14","16","20","65","20","46","43.5%","4","12","33.3%","13","16","81.3%","10","24","34","19","16","8","4","16","8","3","36","12","5","7-0(16-19)",4,"10.13","3019","ëÂç„","ïüâ™",TRUE,FALSE,0,0,0,0,0,0
"187","12","20","12","20","64","18","37","48.6%","7","19","36.8%","7","12","58.3%","9","29","38","20","13","5","4","8","14","9","28","9","4","11-0(46-55)","15","16","15","14","60","22","56","39.3%","3","16","18.8%","7","10","70%","18","23","41","18","8","11","2","14","7","10","26","16","10","13-0(19-12)",5,"10.17","3029","ëÂç„","é†âÍ",FALSE,TRUE,0,0,0,0,0,0
"188","15","16","18","14","63","17","37","45.9%","6","19","31.6%","11","18","61.1%","5","31","36","16","14","5","1","12","4","2","24","0","8","11-0(17-15)","15","28","20","13","76","25","47","53.2%","8","18","44.4%","2","3","66.7%","2","31","33","19","9","7","1","16","9","19","38","24","4","9-0(31-46)",6,"10.20","3047","ëÂç„","ñºå√âÆD",TRUE,FALSE,0,0,0,0,0,0
"189","13","19","21","17","70","23","52","44.2%","5","18","27.8%","9","12","75%","13","30","43","17","10","4","4","16","6","1","38","6","9","6-0(22-25)","22","21","16","21","80","19","42","45.2%","10","24","41.7%","12","14","85.7%","8","30","38","16","7","6","3","15","1","14","28","14","9","9-0(11-19)",7,"10.21","3048","ëÂç„","ñºå√âÆD",TRUE,FALSE,0,0,0,0,0,0
"190","9","12","14","13","48","12","33","36.4%","6","24","25%","6","10","60%","8","23","31","11","14","8","0","11","4","0","18","2","7","10-0(19-17)","19","21","21","20","81","18","38","47.4%","13","28","46.4%","6","9","66.7%","14","34","48","21","12","7","3","15","8","33","30","11","15","17-0(39-19)",8,"10.24","3057","ëÂç„","óÆãÖ",FALSE,TRUE,0,0,0,0,0,0
"191","16","20","16","17","69","18","42","42.9%","8","30","26.7%","9","17","52.9%","15","25","40","11","9","10","0","12","9","6","32","7","11","7-0(7-3)","19","15","22","24","80","23","45","51.1%","10","22","45.5%","4","7","57.1%","10","32","42","16","12","7","7","20","13","11","36","9","7","13-0(52-63)",9,"10.27","3072","ëÂç„","êÁót",TRUE,FALSE,0,0,0,0,0,0
"192","16","18","11","18","63","20","37","54.1%","3","22","13.6%","14","22","63.6%","12","21","33","16","10","9","3","13","12","5","28","13","11","8-0(32-27)","20","11","29","17","77","22","43","51.2%","8","20","40%","9","12","75%","13","28","41","25","12","6","3","20","11","18","36","11","13","11-0(34-40)",10,"10.28","3073","ëÂç„","êÁót",TRUE,FALSE,0,0,0,0,0,0
"193","24","17","11","27","79","29","48","60.4%","3","19","15.8%","12","18","66.7%","13","20","33","12","14","8","4","15","8","4","50","14","13","9-0(67-74)","24","21","19","16","80","33","51","64.7%","2","10","20%","8","12","66.7%","7","26","33","22","13","11","0","15","3","16","46","20","7","8-0(49-60)",11,"11.03","3090","ëÂç„","êÏçË",TRUE,FALSE,0,0,0,0,0,0
"194","22","18","20","20","80","22","42","52.4%","11","31","35.5%","3","4","75%","13","19","32","25","9","8","4","17","10","10","32","15","11","9-0(11-4)","15","21","21","26","83","25","43","58.1%","8","15","53.3%","9","15","60%","8","27","35","15","14","6","1","10","2","7","44","14","11","10-0(75-82)",12,"11.04","3091","ëÂç„","êÏçË",TRUE,FALSE,0,0,0,0,0,0
"195","19","14","13","19","65","21","40","52.5%","4","20","20%","11","19","57.9%","7","31","38","15","15","4","3","17","10","6","24","9","12","7-0(17-16)","21","16","19","22","78","26","48","54.2%","4","15","26.7%","14","20","70%","6","30","36","24","11","10","3","15","7","19","40","12","6","11-0(43-33)",13,"11.07","3101","ëÂç„","ãûìs",FALSE,TRUE,0,0,0,0,0,0
"196","9","25","20","10","64","20","42","47.6%","5","14","35.7%","9","11","81.8%","5","25","30","11","15","4","5","15","4","2","34","5","3","11-0(41-34)","22","21","17","17","77","21","47","44.7%","9","22","40.9%","8","12","66.7%","14","26","40","23","8","11","1","15","11","18","38","21","9","9-0(22-9)",1,"10.06","2996","ãûìs","éOâì",FALSE,TRUE,0,0,0,0,0,0
"197","22","23","22","26","93","23","38","60.5%","9","21","42.9%","20","28","71.4%","6","20","26","18","8","7","4","13","15","8","42","15","8","8-0(82-89)","25","16","21","26","88","30","50","60%","7","15","46.7%","7","9","77.8%","10","25","35","19","14","4","1","24","8","7","52","10","9","7-0(19-13)",2,"10.07","2997","ãûìs","éOâì",FALSE,TRUE,0,0,0,0,0,0
"198","31","14","21","18","84","22","34","64.7%","11","33","33.3%","7","10","70%","8","25","33","24","11","4","5","12","9","25","34","16","10","21-0(35-10)","10","26","17","27","80","24","43","55.8%","9","24","37.5%","5","11","45.5%","11","27","38","22","11","8","2","17","12","0","38","16","8","13-0(43-36)",3,"10.12","3016","ãûìs","â°ïl",TRUE,FALSE,0,0,0,0,0,0
"199","19","25","17","26","87","21","30","70%","11","28","39.3%","12","14","85.7%","5","25","30","27","11","6","3","15","0","9","34","5","5","9-0(19-13)","18","20","22","21","81","22","44","50%","10","28","35.7%","7","8","87.5%","15","22","37","20","10","5","2","18","12","3","30","11","12","7-0(76-75)",4,"10.13","3017","ãûìs","â°ïl",TRUE,FALSE,0,0,0,0,0,0
"200","18","22","28","26","94","23","34","67.6%","9","27","33.3%","21","25","84%","4","22","26","24","10","11","4","20","6","6","34","12","6","9-0(52-53)","23","25","22","19","89","22","39","56.4%","9","24","37.5%","18","19","94.7%","10","28","38","23","15","7","4","20","6","10","34","16","9","7-0(33-40)",5,"10.17","3030","ãûìs","óÆãÖ",TRUE,FALSE,0,0,0,0,0,0
"201","26","11","22","12","71","14","27","51.9%","11","37","29.7%","10","14","71.4%","11","25","36","19","15","6","4","17","19","14","20","15","10","9-0(10-23)","15","29","22","24","90","24","55","43.6%","9","20","45%","15","20","75%","19","29","48","29","10","9","2","15","9","22","44","14","14","13-0(42-34)",6,"10.20","3041","ãûìs","ïxéR",FALSE,TRUE,0,0,0,0,0,0
"202","12","21","18","13","64","16","31","51.6%","6","26","23.1%","14","20","70%","7","21","28","15","13","6","1","13","4","0","26","5","4","7-0(67-51)","27","19","25","24","95","29","54","53.7%","10","18","55.6%","7","9","77.8%","13","30","43","22","10","9","2","18","12","33","52","25","17","12-0(85-54)",7,"10.21","3042","ãûìs","ïxéR",FALSE,TRUE,0,0,0,0,0,0
"203","23","24","13","21","81","18","36","50%","11","28","39.3%","12","13","92.3%","6","23","29","22","13","10","1","16","12","11","24","26","5","7-0(32-37)","21","19","15","17","72","20","37","54.1%","6","17","35.3%","14","21","66.7%","9","29","38","22","21","10","1","13","4","3","30","13","9","5-0(23-23)",8,"10.24","3056","ãûìs","ïüâ™",FALSE,TRUE,0,0,0,0,0,0
"204","11","11","28","17","67","20","35","57.1%","6","20","30%","9","14","64.3%","7","24","31","15","12","5","5","10","2","0","32","7","7","9-0(31-37)","24","13","15","25","77","27","56","48.2%","5","15","33.3%","8","9","88.9%","16","27","43","19","8","6","1","20","10","15","38","15","18","8-0(3-12)",9,"10.27","3070","ãûìs","Aìåãû",TRUE,FALSE,0,0,0,0,0,0
"205","25","20","19","15","79","20","34","58.8%","10","19","52.6%","9","10","90%","4","26","30","22","12","4","0","11","2","24","30","12","3","12-0(52-28)","15","13","16","26","70","24","48","50%","6","20","30%","4","8","50%","13","18","31","14","9","9","1","17","13","2","36","16","19","10-0(68-59)",10,"10.28","3071","ãûìs","Aìåãû",TRUE,FALSE,0,0,0,0,0,0
"206","26","11","22","24","98","21","43","48.8%","10","39","25.6%","26","41","63.4%","21","26","47","17","6","9","1","21","9","17","36","24","28","15-0(38-48)","15","23","21","24","95","25","53","47.2%","8","15","53.3%","21","32","65.6%","12","36","48","18","16","5","2","29","10","11","34","7","17","10-0(38-33)",11,"11.02","3092","ãûìs","ïüâ™",FALSE,TRUE,15,12,0,0,0,0
"207","9","12","15","11","47","12","42","28.6%","5","23","21.7%","8","11","72.7%","9","19","28","7","10","5","1","13","2","0","22","2","8","5-0(63-26)","26","28","27","19","100","25","40","62.5%","13","31","41.9%","11","15","73.3%","14","40","54","28","8","6","2","17","8","54","40","15","23","19-0(63-21)",12,"11.03","3093","ãûìs","ïüâ™",FALSE,TRUE,0,0,0,0,0,0
"208","21","16","19","22","78","26","48","54.2%","4","15","26.7%","14","20","70%","6","30","36","24","11","10","3","15","7","19","40","12","6","11-0(43-33)","19","14","13","19","65","21","40","52.5%","4","20","20%","11","19","57.9%","7","31","38","15","15","4","3","17","10","6","24","9","12","7-0(17-16)",13,"11.07","3101","ãûìs","ëÂç„",TRUE,FALSE,0,0,0,0,0,0
"209","26","12","12","17","67","19","36","52.8%","8","17","47.1%","5","10","50%","4","30","34","25","19","5","4","17","7","15","28","5","4","7-0(22-7)","15","28","22","14","79","23","48","47.9%","8","27","29.6%","9","15","60%","15","25","40","28","6","11","4","13","10","16","38","27","13","17-0(27-35)",1,"10.06","3002","ïüâ™","ì»ñÿ",TRUE,FALSE,0,0,0,0,0,0
"210","15","21","18","19","73","20","34","58.8%","7","15","46.7%","12","17","70.6%","5","29","34","24","17","2","1","22","5","1","34","3","6","12-0(32-32)","19","19","25","19","82","20","40","50%","10","30","33.3%","12","16","75%","12","19","31","26","3","8","4","19","8","13","28","20","12","8-0(39-48)",2,"10.07","3003","ïüâ™","ì»ñÿ",TRUE,FALSE,0,0,0,0,0,0
"211","12","16","11","17","56","19","39","48.7%","5","18","27.8%","3","7","42.9%","9","29","38","11","20","6","5","19","0","6","26","4","10","11-0(19-25)","13","19","18","23","73","18","42","42.9%","9","25","36%","10","20","50%","14","26","40","20","8","8","1","14","11","18","28","21","15","13-0(32-25)",3,"10.12","3018","ïüâ™","ëÂç„",FALSE,TRUE,0,0,0,0,0,0
"212","15","14","16","20","65","20","46","43.5%","4","12","33.3%","13","16","81.3%","10","24","34","19","16","8","4","16","8","3","36","12","5","7-0(16-19)","16","17","27","29","89","18","34","52.9%","16","34","47.1%","5","8","62.5%","10","26","36","29","11","9","4","18","19","24","32","15","3","10-0(46-31)",4,"10.13","3019","ïüâ™","ëÂç„",FALSE,TRUE,0,0,0,0,0,0
"213","17","14","21","24","76","25","55","45.5%","6","20","30%","8","10","80%","16","24","40","17","11","6","2","17","5","0","42","14","19","8-0(69-55)","29","16","24","20","89","19","40","47.5%","12","21","57.1%","15","21","71.4%","10","28","38","18","11","6","2","11","6","25","30","10","8","8-0(11-2)",5,"10.17","3028","ïüâ™","ñºå√âÆD",FALSE,TRUE,0,0,0,0,0,0
"214","15","18","21","17","71","21","46","45.7%","6","16","37.5%","11","16","68.8%","10","24","34","17","17","11","3","24","8","6","36","19","7","8-0(7-8)","13","20","26","13","72","22","47","46.8%","4","14","28.6%","16","26","61.5%","15","25","40","16","20","12","8","20","22","11","38","21","6","10-0(46-35)",6,"10.20","3031","ïüâ™","èHìc",FALSE,TRUE,0,0,0,0,0,0
"215","7","17","16","13","53","18","43","41.9%","3","17","17.6%","8","16","50%","13","23","36","15","17","11","3","18","10","0","26","18","2","9-0(61-53)","19","16","17","21","73","17","41","41.5%","8","22","36.4%","15","18","83.3%","15","29","44","20","15","7","4","21","5","20","34","18","12","17-0(17-0)",7,"10.21","3032","ïüâ™","èHìc",FALSE,TRUE,0,0,0,0,0,0
"216","21","19","15","17","72","20","37","54.1%","6","17","35.3%","14","21","66.7%","9","29","38","22","21","10","1","13","4","3","30","13","9","5-0(23-23)","23","24","13","21","81","18","36","50%","11","28","39.3%","12","13","92.3%","6","23","29","22","13","10","1","16","12","11","24","26","5","7-0(32-37)",8,"10.24","3056","ïüâ™","ãûìs",TRUE,FALSE,0,0,0,0,0,0
"217","21","10","24","23","78","29","54","53.7%","3","19","15.8%","11","13","84.6%","13","25","38","17","8","5","1","21","2","5","54","9","18","13-0(81-73)","33","24","15","18","90","18","27","66.7%","13","39","33.3%","15","18","83.3%","10","29","39","22","9","4","1","20","13","27","30","4","8","12-0(52-29)",9,"10.27","3066","ïüâ™","ñºå√âÆD",FALSE,TRUE,0,0,0,0,0,0
"218","18","24","20","26","88","23","38","60.5%","8","19","42.1%","18","23","78.3%","3","25","28","19","13","4","4","19","9","10","44","13","4","10-0(33-42)","21","12","30","28","91","16","35","45.7%","14","33","42.4%","17","20","85%","12","25","37","23","11","9","0","22","12","9","26","12","13","10-0(13-8)",10,"10.28","3067","ïüâ™","ñºå√âÆD",FALSE,TRUE,0,0,0,0,0,0
"219","15","23","21","24","95","25","53","47.2%","8","15","53.3%","21","32","65.6%","12","36","48","18","16","5","2","29","10","11","34","7","17","10-0(38-33)","26","11","22","24","98","21","43","48.8%","10","39","25.6%","26","41","63.4%","21","26","47","17","6","9","1","21","9","17","36","24","28","15-0(38-48)",11,"11.02","3092","ïüâ™","ãûìs",TRUE,FALSE,12,15,0,0,0,0
"220","26","28","27","19","100","25","40","62.5%","13","31","41.9%","11","15","73.3%","14","40","54","28","8","6","2","17","8","54","40","15","23","19-0(63-21)","9","12","15","11","47","12","42","28.6%","5","23","21.7%","8","11","72.7%","9","19","28","7","10","5","1","13","2","0","22","2","8","5-0(63-26)",12,"11.03","3093","ïüâ™","ãûìs",TRUE,FALSE,0,0,0,0,0,0
"221","25","15","21","16","77","22","43","51.2%","7","20","35%","12","17","70.6%","12","30","42","20","14","5","3","18","2","23","24","12","15","15-0(4-17)","10","19","13","31","73","21","44","47.7%","6","28","21.4%","13","18","72.2%","13","23","36","23","6","9","1","22","12","2","34","10","14","9-0(51-63)",13,"11.07","3102","ïüâ™","óÆãÖ",FALSE,TRUE,0,0,0,0,0,0
"222","18","17","20","29","84","25","35","71.4%","5","17","29.4%","19","29","65.5%","5","28","33","25","15","7","2","22","13","21","46","12","5","12-0(7-16)","18","5","20","24","67","21","48","43.8%","4","14","28.6%","13","22","59.1%","10","23","33","17","14","10","3","30","12","3","34","16","14","6-0(18-18)",1,"10.06","2988","óÆãÖ","èHìc",FALSE,TRUE,0,0,0,0,0,0
"223","17","24","19","11","71","13","32","40.6%","8","27","29.6%","21","28","75%","15","30","45","15","13","10","4","22","7","16","22","13","12","12-0(17-28)","17","10","20","19","66","11","28","39.3%","11","35","31.4%","11","17","64.7%","14","26","40","19","17","6","6","28","5","7","20","16","18","6-0(13-6)",2,"10.07","2989","óÆãÖ","èHìc",FALSE,TRUE,0,0,0,0,0,0
"224","20","25","20","23","88","24","43","55.8%","11","21","52.4%","7","9","77.8%","12","26","38","21","11","2","2","18","8","10","38","8","15","13-0(13-3)","17","24","22","24","87","23","37","62.2%","11","32","34.4%","8","15","53.3%","11","17","28","24","4","6","1","13","11","3","32","15","12","10-0(49-51)",3,"10.12","3020","óÆãÖ","ñºå√âÆD",TRUE,FALSE,0,0,0,0,0,0
"225","21","21","22","15","79","22","43","51.2%","9","24","37.5%","8","11","72.7%","14","28","42","23","8","4","2","19","5","16","32","15","9","8-0(60-45)","14","24","12","18","68","17","39","43.6%","8","19","42.1%","10","12","83.3%","5","24","29","19","8","5","2","16","5","0","30","7","5","7-0(11-9)",4,"10.13","3021","óÆãÖ","ñºå√âÆD",TRUE,FALSE,0,0,0,0,0,0
"226","23","25","22","19","89","22","39","56.4%","9","24","37.5%","18","19","94.7%","10","28","38","23","15","7","4","20","6","10","34","16","9","7-0(33-40)","18","22","28","26","94","23","34","67.6%","9","27","33.3%","21","25","84%","4","22","26","24","10","11","4","20","6","6","34","12","6","9-0(52-53)",5,"10.17","3030","óÆãÖ","ãûìs",FALSE,TRUE,0,0,0,0,0,0
"227","22","18","30","26","96","29","45","64.4%","7","18","38.9%","17","20","85%","11","33","44","24","9","6","3","16","10","33","32","10","10","12-0(42-59)","23","15","12","13","63","24","52","46.2%","3","16","18.8%","6","9","66.7%","11","16","27","19","8","7","0","23","6","5","38","10","7","8-0(13-8)",6,"10.20","3043","óÆãÖ","éOâì",FALSE,TRUE,0,0,0,0,0,0
"228","26","19","22","24","91","27","51","52.9%","7","21","33.3%","16","19","84.2%","12","29","41","17","7","6","1","20","7","32","38","17","13","8-0(13-26)","17","10","13","20","60","25","52","48.1%","1","10","10%","7","13","53.8%","9","27","36","12","15","1","3","21","2","3","38","3","9","6-0(46-69)",7,"10.21","3044","óÆãÖ","éOâì",FALSE,TRUE,0,0,0,0,0,0
"229","19","21","21","20","81","18","38","47.4%","13","28","46.4%","6","9","66.7%","14","34","48","21","12","7","3","15","8","33","30","11","15","17-0(39-19)","9","12","14","13","48","12","33","36.4%","6","24","25%","6","10","60%","8","23","31","11","14","8","0","11","4","0","18","2","7","10-0(19-17)",8,"10.24","3057","óÆãÖ","ëÂç„",TRUE,FALSE,0,0,0,0,0,0
"230","29","5","17","17","68","18","31","58.1%","8","27","29.6%","8","12","66.7%","10","31","41","14","14","3","1","16","8","25","28","9","7","13-0(27-5)","6","19","14","21","60","21","48","43.8%","3","15","20%","9","11","81.8%","8","23","31","11","7","8","0","13","8","0","40","15","8","13-0(31-19)",9,"10.26","3074","óÆãÖ","êÏçË",TRUE,FALSE,0,0,0,0,0,0
"231","16","28","9","19","72","20","46","43.5%","8","22","36.4%","8","10","80%","11","27","38","20","7","8","2","14","7","6","32","10","14","8-0(44-39)","23","16","24","12","75","21","37","56.8%","8","21","38.1%","9","12","75%","4","30","34","19","8","4","1","10","2","12","36","10","5","17-0(49-61)",10,"10.27","3075","óÆãÖ","êÏçË",TRUE,FALSE,0,0,0,0,0,0
"232","26","15","14","12","67","20","44","45.5%","8","16","50%","3","3","100%","9","36","45","24","12","3","3","18","6","23","20","11","2","12-0(8-26)","10","17","12","14","53","17","45","37.8%","2","16","12.5%","13","17","76.5%","8","23","31","11","5","5","3","10","4","0","16","11","6","9-0(27-41)",11,"11.02","3082","óÆãÖ","Aìåãû",FALSE,TRUE,0,0,0,0,0,0
"233","18","13","24","20","75","18","34","52.9%","10","26","38.5%","9","11","81.8%","5","25","30","17","7","7","2","18","2","10","26","9","5","6-0(5-13)","15","19","13","22","69","23","40","57.5%","4","19","21.1%","11","15","73.3%","9","27","36","20","11","0","1","19","0","5","30","6","8","7-0(12-13)",12,"11.03","3083","óÆãÖ","Aìåãû",FALSE,TRUE,0,0,0,0,0,0
"234","10","19","13","31","73","21","44","47.7%","6","28","21.4%","13","18","72.2%","13","23","36","23","6","9","1","22","12","2","34","10","14","9-0(51-63)","25","15","21","16","77","22","43","51.2%","7","20","35%","12","17","70.6%","12","30","42","20","14","5","3","18","2","23","24","12","15","15-0(4-17)",13,"11.07","3102","óÆãÖ","ïüâ™",TRUE,FALSE,0,0,0,0,0,0
