"Seq","League","Area","Team","Name","Position_Raw","School","Hometown","Birthday_Raw","Birthday","Height_Raw","Height","Weight_Raw","Weight","Nationality","PlayerId","Position"
"1","B1","東地区","北海道","関野 剛平","ポジション / SG/SF","東海大学","北海道","1994年8月1日","1994-08-01","183cm",183,"80kg",80,"日本",10850,"SG/SF"
"2","B1","東地区","北海道","山本 柊輔","ポジション / PG","筑波大学","静岡県","1993年11月4日","1993-11-04","176cm",176,"74kg",74,"日本",8614,"PG"
"3","B1","東地区","北海道","牧 全","ポジション / SG","ソノマ州立大学","愛知県","1992年6月16日","1992-06-16","188cm",188,"86kg",86,"日本",8506,"SG"
"4","B1","東地区","北海道","多嶋 朝飛","ポジション / PG","東海大学","北海道","1988年10月8日","1988-10-08","173cm",173,"71kg",71,"日本",8507,"PG"
"5","B1","東地区","北海道","折茂 武彦","ポジション / SG","日本大学","埼玉県","1970年5月14日","1970-05-14","190cm",190,"77kg",77,"日本",8508,"SG"
"6","B1","東地区","北海道","市岡 ショーン","ポジション / PF","サンディエゴ・ミラマー大学","アメリカ合衆国","1991年4月3日","1991-04-03","198cm",198,"96kg",96,"日本",8597,"PF"
"7","B1","東地区","北海道","桜井 良太","ポジション / SF","愛知学泉大学","三重県","1983年3月13日","1983-03-13","194cm",194,"85kg",85,"日本",8509,"SF"
"8","B1","東地区","北海道","デイビッド・ドブラス","ポジション / C","バルセロナ大学","スペイン","1981年8月6日","1981-08-06","206cm",206,"130kg",130,"スペイン",18396,"C"
"9","B1","東地区","北海道","マーク・トラソリーニ","ポジション / PF/C","サンタクララ大学","アメリカ","1990年6月21日","1990-06-21","206cm",206,"109kg",109,"アメリカ合衆国",12595,"PF/C"
"10","B1","東地区","北海道","川邉 亮平","ポジション / SF","白鴎大学","富山県","1995年3月12日","1995-03-12","188cm",188,"85kg",85,"日本",10880,"SF"
"11","B1","東地区","北海道","野口 大介","ポジション / PF","日本体育大学","北海道","1983年5月26日","1983-05-26","196cm",196,"90kg",90,"日本",8512,"PF"
"12","B1","東地区","北海道","松島 良豪","ポジション / PG","国士舘大学","沖縄県","1992年2月3日","1992-02-03","185cm",185,"78kg",78,"日本",8513,"PG"
"13","B1","東地区","秋田","野本 建吾","ポジション / SF/PF","青山学院大学","兵庫県","1992年4月25日","1992-04-25","200cm",200,"99kg",99,"日本",8486,"SF/PF"
"14","B1","東地区","秋田","下山 大地","ポジション / SG","岩手大学","青森県","1989年8月8日","1989-08-08","182cm",182,"80kg",80,"日本",8542,"SG"
"15","B1","東地区","秋田","白濱 僚祐","ポジション / SF","白鴎大学","佐賀県","1991年8月29日","1991-08-29","189cm",189,"85kg",85,"日本",8734,"SF"
"16","B1","東地区","秋田","成田 正弘","ポジション / PG","拓殖大学","愛知県","1994年4月13日","1994-04-13","174cm",174,"72kg",72,"日本",10845,"PG"
"17","B1","東地区","秋田","下山 貴裕","ポジション / PF","関東学院大学","青森県","1992年2月2日","1992-02-02","192cm",192,"92kg",92,"日本",8544,"PF"
"18","B1","東地区","秋田","中山 拓哉","ポジション / PG/SG","東海大学","神奈川県","1994年7月24日","1994-07-24","182cm",182,"82kg",82,"日本",10848,"PG/SG"
"19","B1","東地区","秋田","保岡 龍斗","ポジション / SG","江戸川大学","埼玉県","1995年4月27日","1995-04-27","188cm",188,"87kg",87,"日本",10878,"SG"
"20","B1","東地区","秋田","ニカ・ウィリアムス","ポジション / C","パシフィック大学","セントヴィンセント・グレナディーン","1987年7月9日","1987-07-09","203cm",203,"111kg",111,"セントビンセント・グレナディーン",9345,"C"
"21","B1","東地区","秋田","俊野 達彦","ポジション / PG/SG","大阪商業大学","愛媛県","1988年1月18日","1988-01-18","185cm",185,"80kg",80,"日本",8598,"PG/SG"
"22","B1","東地区","秋田","小野寺 祥太","ポジション / PG","盛岡南高等学校","岩手県","1994年11月6日","1994-11-06","183cm",183,"84kg",84,"日本",8756,"PG"
"23","B1","東地区","秋田","ジャスティン・キーナン","ポジション / PF/C","フェリス州立大学","米国","1988年5月2日","1988-05-02","201cm",201,"120kg",120,"アメリカ合衆国",18172,"PF/C"
"24","B1","東地区","秋田","カディーム・コールビー","ポジション / PF/C","ウィチタ州立大学","バハマ","1989年11月8日","1989-11-08","206cm",206,"114kg",114,"バハマ",12459,"PF/C"
"25","B1","東地区","秋田","谷口 大智","ポジション / PF/C","サウスイースタン・オクラホマ州立大学","奈良県","1990年4月15日","1990-04-15","201cm",201,"105kg",105,"日本",8470,"PF/C"
"26","B1","東地区","栃木","田臥 勇太","ポジション / PG","ブリガムヤング大学ハワイ校","神奈川県","1980年10月5日","1980-10-05","173cm",173,"76kg",76,"日本",8650,"PG"
"27","B1","東地区","栃木","ジェフ・ギブス","ポジション / PF/C","オターバイン大学","アメリカ合衆国","1980年8月4日","1980-08-04","188cm",188,"110kg",110,"アメリカ合衆国",8835,"PF/C"
"28","B1","東地区","栃木","遠藤 祐亮","ポジション / PG/SG","大東文化大学","千葉県","1989年10月19日","1989-10-19","185cm",185,"88kg",88,"日本",8497,"PG/SG"
"29","B1","東地区","栃木","竹内 公輔","ポジション / PF/C","慶應義塾大学","大阪府","1985年1月29日","1985-01-29","206cm",206,"100kg",100,"日本",8726,"PF/C"
"30","B1","東地区","栃木","田原 隆徳","ポジション / SG","札幌大学","北海道","1994年4月25日","1994-04-25","181cm",181,"81kg",81,"日本",10297,"SG"
"31","B1","東地区","栃木","アンドリュー・ネイミック","ポジション / C","ミシガン州立大学","アメリカ合衆国","1985年2月18日","1985-02-18","208cm",208,"113kg",113,"アメリカ合衆国",9035,"C"
"32","B1","東地区","栃木","渡邉 裕規","ポジション / PG","青山学院大学","神奈川県","1988年3月22日","1988-03-22","180cm",180,"78kg",78,"日本",8499,"PG"
"33","B1","東地区","栃木","鵤 誠司","ポジション / PG","青山学院大学","福岡県","1994年1月8日","1994-01-08","184cm",184,"96kg",96,"日本",8529,"PG"
"34","B1","東地区","栃木","橋本 晃佑","ポジション / PF/C","東海大学","栃木県","1993年5月6日","1993-05-06","203cm",203,"107kg",107,"日本",8496,"PF/C"
"35","B1","東地区","栃木","ライアン・ロシター","ポジション / PF/C","シエナ大学","アメリカ合衆国","1989年9月14日","1989-09-14","206cm",206,"107kg",107,"アメリカ合衆国",8649,"PF/C"
"36","B1","東地区","栃木","栗原 貴宏","ポジション / SF","日本大学","福島県","1987年11月6日","1987-11-06","192cm",192,"88kg",88,"日本",8485,"SF"
"37","B1","東地区","栃木","エリック・ロバーツ","ポジション / SG","ヘンドリックス大学","東京都","1995年6月7日","1995-06-07","193cm",193,"110kg",110,"日本",18452,"SG"
"38","B1","東地区","栃木","山崎 稜","ポジション / SG","タコマ・コミュニティ大学","埼玉県","1992年9月25日","1992-09-25","182cm",182,"80kg",80,"日本",8504,"SG"
"39","B1","東地区","栃木","喜多川 修平","ポジション / SF","専修大学","神奈川県","1985年10月1日","1985-10-01","185cm",185,"85kg",85,"日本",8657,"SF"
"40","B1","東地区","SR渋谷","満原 優樹","ポジション / PF/C","東海大学","神奈川県","1989年12月27日","1989-12-27","198cm",198,"110kg",110,"日本",8662,"PF/C"
"41","B1","東地区","SR渋谷","清水 太志郎","ポジション / PG/SG","筑波大学","宮崎県","1981年8月6日","1981-08-06","183cm",183,"85kg",85,"日本",8730,"PG/SG"
"42","B1","東地区","SR渋谷","秋葉 真司","ポジション / SG","明治大学","山形県","1993年9月10日","1993-09-10","185cm",185,"84kg",84,"日本",8554,"SG"
"43","B1","東地区","SR渋谷","ファイ サンバ","ポジション / C","天理大学","セネガル","1987年4月25日","1987-04-25","205cm",205,"105kg",105,"日本",8784,"C"
"44","B1","東地区","SR渋谷","ロバート・サクレ","ポジション / C","ゴンザガ大学","アメリカ合衆国ルイジアナ州バトンルージュ","1989年6月6日","1989-06-06","213cm",213,"118kg",118,"カナダ / アメリカ合衆国",10819,"C"
"45","B1","東地区","SR渋谷","伊藤 駿","ポジション / PG","青山学院大学","宮城県","1990年2月14日","1990-02-14","174cm",174,"75kg",75,"日本",8446,"PG"
"46","B1","東地区","SR渋谷","ベンドラメ 礼生","ポジション / PG","東海大学","福岡県","1993年11月14日","1993-11-14","183cm",183,"83kg",83,"日本",8447,"PG"
"47","B1","東地区","SR渋谷","マーカリ・サンダース・フリソン","ポジション / C","カリフォルニア大学バークレー校","アメリカ合衆国オレゴン州ポートランド","1988年6月15日","1988-06-15","203cm",203,"120kg",120,"アメリカ合衆国",9372,"C"
"48","B1","東地区","SR渋谷","杉浦 佑成","ポジション / SF","筑波大学","東京都","1995年6月24日","1995-06-24","196cm",196,"95kg",95,"日本",10820,"SF"
"49","B1","東地区","SR渋谷","長谷川 智也","ポジション / SG","法政大学","新潟県","1989年4月22日","1989-04-22","185cm",185,"80kg",80,"日本",8594,"SG"
"50","B1","東地区","SR渋谷","広瀬 健太","ポジション / SF","青山学院","島根県","1985年7月11日","1985-07-11","193cm",193,"90kg",90,"日本",8450,"SF"
"51","B1","東地区","SR渋谷","山内 盛久","ポジション / PG/SG","尚学院国際ビジネスアカデミー","沖縄県","1990年3月23日","1990-03-23","175cm",175,"75kg",75,"日本",8658,"PG/SG"
"52","B1","東地区","SR渋谷","ライアン・ケリー","ポジション / SF/PF","デューク大学","アメリカ合衆国ニューヨーク州カーメル","1991年4月9日","1991-04-09","211cm",211,"104kg",104,"アメリカ合衆国",18398,"SF/PF"
"53","B1","東地区","A東京","小島 元基","ポジション / PG","東海大学","茨城県","1994年2月19日","1994-02-19","181cm",181,"84kg",84,"日本",8456,"PG"
"54","B1","東地区","A東京","齋藤 拓実","ポジション / PG","明治大学","神奈川県","1995年8月11日","1995-08-11","171cm",171,"66kg",66,"日本",14301,"PG"
"55","B1","東地区","A東京","安藤 誓哉","ポジション / PG","明治大学","東京都","1992年7月15日","1992-07-15","181cm",181,"80kg",80,"日本",8467,"PG"
"56","B1","東地区","A東京","馬場 雄大","ポジション / SF","筑波大学","富山県","1995年11月7日","1995-11-07","198cm",198,"90kg",90,"日本",12577,"SF"
"57","B1","東地区","A東京","正中 岳城","ポジション / SG","青山学院大学","兵庫県","1984年9月15日","1984-09-15","180cm",180,"78kg",78,"日本",9029,"SG"
"58","B1","東地区","A東京","ザック・バランスキー","ポジション / SF/PF","東海大学","アメリカ合衆国","1992年12月18日","1992-12-18","193cm",193,"100kg",100,"見做し日本人",9031,"SF/PF"
"59","B1","東地区","A東京","菊地 祥平","ポジション / SF","日本大学","山形県","1984年8月27日","1984-08-27","191cm",191,"93kg",93,"日本",9032,"SF"
"60","B1","東地区","A東京","竹内 譲次","ポジション / PF/C","東海大学","大阪府","1985年1月29日","1985-01-29","207cm",207,"98kg",98,"日本",9033,"PF/C"
"61","B1","東地区","A東京","田中 大貴","ポジション / SG","東海大学","長崎県","1991年9月3日","1991-09-03","192cm",192,"93kg",93,"日本",9037,"SG"
"62","B1","東地区","A東京","ジャワッド・ウィリアムズ","ポジション / PF","ノースカロライナ大学","アメリカ合衆国","1983年2月19日","1983-02-19","204cm",204,"101kg",101,"アメリカ合衆国",12580,"PF"
"63","B1","東地区","A東京","ミルコ・ビエリツァ","ポジション / PF","ハイアースクールオブモダンビジネス","セルビア","1984年6月4日","1984-06-04","207cm",207,"112kg",112,"セルビア",18397,"PF"
"64","B1","東地区","A東京","アレックス・カーク","ポジション / C","ニューメキシコ大学","アメリカ合衆国","1991年11月14日","1991-11-14","211cm",211,"114kg",114,"アメリカ合衆国",12582,"C"
"65","B1","東地区","千葉","ジョシュ・ダンカン","ポジション / PF","ザビエル大学","アメリカ合衆国","1986年5月12日","1986-05-12","205cm",205,"111kg",111,"アメリカ合衆国",18440,"PF"
"66","B1","東地区","千葉","富樫 勇樹","ポジション / PG","モントロス・クリスチャン高校","新潟県","1993年7月30日","1993-07-30","167cm",167,"65kg",65,"日本",9055,"PG"
"67","B1","東地区","千葉","マイケル・パーカー","ポジション / PF","エバーグリーン州立大学","アメリカ合衆国","1981年12月5日","1981-12-05","200cm",200,"102kg",102,"日本",8579,"PF"
"68","B1","東地区","千葉","田口 成浩","ポジション / SG","富士大学","秋田県","1990年3月25日","1990-03-25","184cm",184,"84kg",84,"日本",8468,"SG"
"69","B1","東地区","千葉","トレイ・ジョーンズ","ポジション / SF","マイアミ大学","アメリカ合衆国","1990年8月27日","1990-08-27","196cm",196,"98kg",98,"アメリカ合衆国",18441,"SF"
"70","B1","東地区","千葉","大宮 宏正","ポジション / PF","専修大学","栃木県","1983年9月4日","1983-09-04","197cm",197,"99kg",99,"日本",8653,"PF"
"71","B1","東地区","千葉","アキ・チェンバース","ポジション / SF","カリフォルニア大学マーセド校","東京都","1990年9月19日","1990-09-19","190cm",190,"85kg",85,"日本",8448,"SF"
"72","B1","東地区","千葉","西村 文男","ポジション / PG","東海大学","三重県","1986年9月24日","1986-09-24","177cm",177,"70kg",70,"見做し日本人",8580,"PG"
"73","B1","東地区","千葉","藤永 佳昭","ポジション / PG","東海大学","兵庫県","1992年4月10日","1992-04-10","173cm",173,"73kg",73,"日本",8736,"PG"
"74","B1","東地区","千葉","ギャビン・エドワーズ","ポジション / PF","コネチカット大学","アメリカ合衆国","1988年1月15日","1988-01-15","206cm",206,"110kg",110,"アメリカ合衆国",8593,"PF"
"75","B1","東地区","千葉","石井 講祐","ポジション / SG","東海大学","千葉県","1987年9月29日","1987-09-29","182cm",182,"83kg",83,"日本",8583,"SG"
"76","B1","東地区","千葉","原 修太","ポジション / SG/SF","国士舘大学","千葉県","1993年12月17日","1993-12-17","187cm",187,"88kg",88,"日本",8584,"SG/SF"
"77","B1","東地区","千葉","小野 龍猛","ポジション / SF/PF","中央大学","東京都","1988年1月6日","1988-01-06","197cm",197,"96kg",96,"日本",8585,"SF/PF"
"78","B1","中地区","新潟","山口 祐希","ポジション / PG","ファイファー大学","東京都","1986年11月25日","1986-11-25","165cm",165,"67kg",67,"日本",8641,"PG"
"79","B1","中地区","新潟","柏木 真介","ポジション / PG","中央大学","北海道","1981年12月22日","1981-12-22","183cm",183,"83kg",83,"日本",8588,"PG"
"80","B1","中地区","新潟","五十嵐 圭","ポジション / PG","中央大学","新潟県","1980年5月7日","1980-05-07","180cm",180,"70kg",70,"日本",8645,"PG"
"81","B1","中地区","新潟","鵜澤 潤","ポジション / PF","日本体育大学","千葉県","1981年10月28日","1981-10-28","196cm",196,"103kg",103,"日本",8515,"PF"
"82","B1","中地区","新潟","石井 峻平","ポジション / SG/SF","駒澤大学","新潟県","1995年7月13日","1995-07-13","187cm",187,"80kg",80,"日本",15757,"SG/SF"
"83","B1","中地区","新潟","渡辺 竜之佑","ポジション / PG/SG","専修大学","沖縄県","1994年8月24日","1994-08-24","189cm",189,"90kg",90,"日本",9329,"PG/SG"
"84","B1","中地区","新潟","森井 健太","ポジション / PG","早稲田大学","石川県","1995年9月22日","1995-09-22","178cm",178,"77kg",77,"日本",10851,"PG"
"85","B1","中地区","新潟","上江田 勇樹","ポジション / SG/SF","日本大学","沖縄県","1987年6月17日","1987-06-17","193cm",193,"87kg",87,"日本",8581,"SG/SF"
"86","B1","中地区","新潟","池田 雄一","ポジション / SF","東海大学","新潟県","1983年7月13日","1983-07-13","191cm",191,"93kg",93,"日本",8476,"SF"
"87","B1","中地区","新潟","ラモント・ハミルトン","ポジション / PF/C","セント・ジョーンズ大学","アメリカ","1984年4月6日","1984-04-06","208cm",208,"124kg",124,"アメリカ合衆国",9384,"PF/C"
"88","B1","中地区","新潟","ダバンテ・ガードナー","ポジション / C","マーケット大学","アメリカ","1991年9月2日","1991-09-02","203cm",203,"132kg",132,"アメリカ合衆国",9040,"C"
"89","B1","中地区","富山","レオ・ライオンズ","ポジション / PF","ミズーリ大学コロンビア校","アメリカ合衆国","1987年5月24日","1987-05-24","206cm",206,"115kg",115,"アメリカ合衆国",10897,"PF"
"90","B1","中地区","富山","関口 サムエル","ポジション / SG","","千葉県","1995年5月7日","1995-05-07","190cm",190,"85kg",85,"日本",18178,"SG"
"91","B1","中地区","富山","船生 誠也","ポジション / SF","青山学院大学","福島県","1993年12月15日","1993-12-15","190cm",190,"85kg",85,"日本",8737,"SF"
"92","B1","中地区","富山","阿部 友和","ポジション / PG","大東文化大学","福岡県","1985年9月2日","1985-09-02","180cm",180,"80kg",80,"日本",8578,"PG"
"93","B1","中地区","富山","山田 大治","ポジション / PF","日本大学","大阪府","1981年6月8日","1981-06-08","200cm",200,"105kg",105,"日本",8768,"PF"
"94","B1","中地区","富山","水戸 健史","ポジション / SG","近畿大学","富山県","1985年4月23日","1985-04-23","185cm",185,"75kg",75,"日本",8501,"SG"
"95","B1","中地区","富山","宇都 直輝","ポジション / PG","専修大学","愛知県","1991年6月11日","1991-06-11","191cm",191,"80kg",80,"日本",8503,"PG"
"96","B1","中地区","富山","比留木 謙司","ポジション / PF","サンディエゴ・シティ・カレッジ","東京都","1985年7月19日","1985-07-19","196cm",196,"94kg",94,"日本",9423,"PF"
"97","B1","中地区","富山","大塚 裕土","ポジション / SG/SF","東海大学","北海道","1987年8月23日","1987-08-23","188cm",188,"82kg",82,"日本",8449,"SG/SF"
"98","B1","中地区","富山","葛原 大智","ポジション / SG","大東文化大学","愛媛県","1996年2月5日","1996-02-05","187cm",187,"84kg",84,"日本",15818,"SG"
"99","B1","中地区","富山","青野 文彦","ポジション / C","青山学院大学","愛媛県","1978年10月20日","1978-10-20","210cm",210,"120kg",120,"日本",9318,"C"
"100","B1","中地区","富山","ジョシュア・スミス","ポジション / C","ジョージタウン大学","アメリカ合衆国","1992年5月14日","1992-05-14","208cm",208,"138kg",138,"アメリカ合衆国",12633,"C"
"101","B1","中地区","横浜","細谷 将司","ポジション / PG","関東学院大学","神奈川県","1989年10月2日","1989-10-02","173cm",173,"72kg",72,"日本",8712,"PG"
"102","B1","中地区","横浜","川村 卓也","ポジション / SG","盛岡南高校","岩手県","1986年4月24日","1986-04-24","193cm",193,"92kg",92,"日本",8721,"SG"
"103","B1","中地区","横浜","高島 一貴","ポジション / SG","早稲田大学","茨城県","1984年2月25日","1984-02-25","190cm",190,"85kg",85,"日本",8719,"SG"
"104","B1","中地区","横浜","湊谷 安玲久司朱","ポジション / SG","青山学院大学","青森県","1988年8月31日","1988-08-31","191cm",191,"88kg",88,"日本",8713,"SG"
"105","B1","中地区","横浜","中村 太地","ポジション / PG","法政大学","山口県","1997年6月29日","1997-06-29","190cm",190,"83kg",83,"日本",10821,"PG"
"106","B1","中地区","横浜","橋本 尚明","ポジション / SG","近畿大学","愛媛県","1992年9月21日","1992-09-21","182cm",182,"75kg",75,"日本",8684,"SG"
"107","B1","中地区","横浜","アマンゼ・エゲケゼ","ポジション / SF","ベルモント大学","アメリカ合衆国","1995年12月3日","1995-12-03","203cm",203,"100kg",100,"アメリカ合衆国",18168,"SF"
"108","B1","中地区","横浜","ハンター・コート","ポジション / PG","Yokota High School","東京都","1999年4月5日","1999-04-05","188cm",188,"70kg",70,"日本",12637,"PG"
"109","B1","中地区","横浜","ジャボン・マックレア","ポジション / PF/C","ニューヨーク州立大学バッファロー校","アメリカ合衆国","1992年10月5日","1992-10-05","206cm",206,"113kg",113,"アメリカ合衆国",18459,"PF/C"
"110","B1","中地区","横浜","田渡 凌","ポジション / PG","ドミニカン大学カリフォルニア校","東京都","1993年6月29日","1993-06-29","180cm",180,"80kg",80,"日本",12454,"PG"
"111","B1","中地区","横浜","竹田 謙","ポジション / SG","青山学院大学","神奈川県","1978年10月5日","1978-10-05","188cm",188,"80kg",80,"日本",8720,"SG"
"112","B1","中地区","横浜","エドワード・モリス","ポジション / PF","ピッツバーグ州立大学","アメリカ合衆国","1984年5月4日","1984-05-04","203cm",203,"98kg",98,"日本",9259,"PF"
"113","B1","中地区","横浜","チャールズ・ガルシア","ポジション / PF","シアトル大学","アメリカ合衆国","1988年10月13日","1988-10-13","208cm",208,"104kg",104,"アメリカ合衆国",18169,"PF"
"114","B1","中地区","横浜","小原 翼","ポジション / PF","筑波大学","神奈川県","1994年7月27日","1994-07-27","198cm",198,"97kg",97,"日本",10873,"PF"
"115","B1","中地区","川崎","藤井 祐眞","ポジション / PG/SG","拓殖大学","島根県","1991年12月23日","1991-12-23","178cm",178,"75kg",75,"日本",8482,"PG/SG"
"116","B1","中地区","川崎","林 翔太郎","ポジション / SF","東海大学九州","北海道","1995年9月13日","1995-09-13","195cm",195,"83kg",83,"日本",15816,"SF"
"117","B1","中地区","川崎","青木 保憲","ポジション / PG","筑波大学","静岡県","1995年6月23日","1995-06-23","181cm",181,"85kg",85,"日本",15817,"PG"
"118","B1","中地区","川崎","篠山 竜青","ポジション / PG","日本大学","神奈川県","1988年7月20日","1988-07-20","178cm",178,"78kg",78,"日本",8484,"PG"
"119","B1","中地区","川崎","辻 直人","ポジション / SG","青山学院大学","大阪府","1989年9月8日","1989-09-08","185cm",185,"82kg",82,"日本",8487,"SG"
"120","B1","中地区","川崎","谷口 光貴","ポジション / SG/SF","中央大学","奈良県","1992年12月18日","1992-12-18","187cm",187,"85kg",85,"日本",8488,"SG/SF"
"121","B1","中地区","川崎","鎌田 裕也","ポジション / PF/C","大東文化大学","福島県","1990年5月11日","1990-05-11","197cm",197,"111kg",111,"日本",8489,"PF/C"
"122","B1","中地区","川崎","バーノン・マクリン","ポジション / PF/C","フロリダ大学","アメリカ","1986年9月25日","1986-09-25","208cm",208,"104kg",104,"アメリカ合衆国",18426,"PF/C"
"123","B1","中地区","川崎","ニック・ファジーカス","ポジション / C","ネバダ大学","アメリカ","1985年6月17日","1985-06-17","210cm",210,"111kg",111,"帰化",8490,"C"
"124","B1","中地区","川崎","バンバ ・ジュフ","ポジション / SF/PF","拓殖大学","セネガル共和国","1993年9月30日","1993-09-30","198cm",198,"95kg",95,"セネガル",12591,"SF/PF"
"125","B1","中地区","川崎","シェーン・エドワーズ","ポジション / SF/PF","アーカンソー大学リトルロック校","アメリカ","1987年5月31日","1987-05-31","201cm",201,"100kg",100,"アメリカ合衆国",18427,"SF/PF"
"126","B1","中地区","川崎","長谷川 技","ポジション / SF","拓殖大学","岩手県","1989年7月21日","1989-07-21","190cm",190,"90kg",90,"日本",8492,"SF"
"127","B1","中地区","三遠","ロバート・ドジャー","ポジション / PF","メンフィス大学","アメリカ","1985年11月26日","1985-11-26","206cm",206,"102kg",102,"アメリカ合衆国",9354,"PF"
"128","B1","中地区","三遠","寺園 脩斗","ポジション / PG","東海大学","宮崎県","1994年6月28日","1994-06-28","171cm",171,"70kg",70,"日本",18148,"PG"
"129","B1","中地区","三遠","川嶋 勇人","ポジション / SG","関西学院大学","京都府","1990年5月15日","1990-05-15","186cm",186,"86kg",86,"日本",8727,"SG"
"130","B1","中地区","三遠","長谷川 智伸","ポジション / SG/SF","拓殖大学","島根県","1990年11月9日","1990-11-09","183cm",183,"84kg",84,"日本",8577,"SG/SF"
"131","B1","中地区","三遠","渡邊 翔太","ポジション / PG","関西学院大学","兵庫県","1993年6月26日","1993-06-26","180cm",180,"70kg",70,"日本",8552,"PG"
"132","B1","中地区","三遠","太田 敦也","ポジション / C","日本大学","愛知県","1984年6月4日","1984-06-04","206cm",206,"112kg",112,"日本",8565,"C"
"133","B1","中地区","三遠","岡田 慎吾","ポジション / SG","國學院大學","群馬県","1983年9月12日","1983-09-12","188cm",188,"83kg",83,"日本",8567,"SG"
"134","B1","中地区","三遠","ダシルバ　ヒサシ","ポジション / SG","浜松学院高校","静岡県","1999年5月31日","1999-05-31","187cm",187,"92kg",92,"日本",15849,"SG"
"135","B1","中地区","三遠","鈴木 達也","ポジション / PG","拓殖大学","東京都","1991年3月30日","1991-03-30","169cm",169,"67kg",67,"日本",8568,"PG"
"136","B1","中地区","三遠","菅野 翔太","ポジション / SF","東北学院大学","福島県","1992年1月12日","1992-01-12","190cm",190,"88kg",88,"日本",8677,"SF"
"137","B1","中地区","三遠","シャキール・モリス","ポジション / C","ウィチタ州立大学","アメリカ","1994年2月23日","1994-02-23","203cm",203,"120kg",120,"アメリカ合衆国",18444,"C"
"138","B1","中地区","三遠","ウィリアム・マクドナルド","ポジション / C","サウスフロリダ大学","アメリカ","1979年10月5日","1979-10-05","206cm",206,"120kg",120,"アメリカ合衆国",12663,"C"
"139","B1","中地区","三遠","田渡 修人","ポジション / SG","筑波大学","東京都","1990年1月6日","1990-01-06","185cm",185,"79kg",79,"日本",8571,"SG"
"140","B1","中地区","三河","ジェームズ・サザランド","ポジション / SF","シラキュース大学","アメリカ","1990年4月28日","1990-04-28","203cm",203,"100kg",100,"アメリカ合衆国",18436,"SF"
"141","B1","中地区","三河","狩俣 昌也","ポジション / PG","国際武道大学","沖縄県","1988年4月28日","1988-04-28","178cm",178,"75kg",75,"日本",8590,"PG"
"142","B1","中地区","三河","アイザック・バッツ","ポジション / C","アパラチアン州立大学","アメリカ","1989年5月28日","1989-05-28","208cm",208,"133kg",133,"アメリカ合衆国",8591,"C"
"143","B1","中地区","三河","村上 直","ポジション / PG","同志社大学","大阪府","1986年12月4日","1986-12-04","178cm",178,"72kg",72,"日本",8457,"PG"
"144","B1","中地区","三河","森川 正明","ポジション / SF","愛知学泉大学","福井県","1992年3月7日","1992-03-07","191cm",191,"89kg",89,"日本",9405,"SF"
"145","B1","中地区","三河","西川 貴之","ポジション / SF","明治大学","北海道","1992年1月14日","1992-01-14","196cm",196,"90kg",90,"日本",8510,"SF"
"146","B1","中地区","三河","金丸 晃輔","ポジション / SG/SF","明治大学","福岡県","1989年3月8日","1989-03-08","192cm",192,"88kg",88,"日本",8592,"SG/SF"
"147","B1","中地区","三河","松井 啓十郎","ポジション / SG","コロンビア大学","東京都","1985年10月16日","1985-10-16","188cm",188,"83kg",83,"日本",9034,"SG"
"148","B1","中地区","三河","加藤 寿一","ポジション / SG","法政大学","神奈川県","1993年10月5日","1993-10-05","191cm",191,"86kg",86,"日本",8595,"SG"
"149","B1","中地区","三河","桜木 ジェイアール","ポジション / PF","UCLA","アメリカ","1976年10月30日","1976-10-30","203cm",203,"105kg",105,"帰化",8596,"PF"
"150","B1","中地区","三河","グラント・ジェレット","ポジション / PF","アリゾナ大学","アメリカ","1993年7月8日","1993-07-08","208cm",208,"100kg",100,"アメリカ合衆国",18430,"PF"
"151","B1","中地区","三河","生原 秀将","ポジション / PG","筑波大学","徳島県","1994年5月24日","1994-05-24","180cm",180,"80kg",80,"日本",10822,"PG"
"152","B1","西地区","名古屋D","小林 遥太","ポジション / PG","青山学院大学","新潟県","1991年9月12日","1991-09-12","178cm",178,"77kg",77,"日本",8462,"PG"
"153","B1","西地区","名古屋D","マーキース・カミングス","ポジション / PF","ケネソー州立大学","アメリカ合衆国","1988年12月21日","1988-12-21","192cm",192,"104kg",104,"アメリカ合衆国",18166,"PF"
"154","B1","西地区","名古屋D","満田 丈太郎","ポジション / SG/SF","筑波大学","神奈川県","1994年4月18日","1994-04-18","188cm",188,"83kg",83,"日本",10844,"SG/SF"
"155","B1","西地区","名古屋D","菊池 真人","ポジション / PF","日本大学東北高等学校","福島県","1989年6月18日","1989-06-18","191cm",191,"94kg",94,"日本",8479,"PF"
"156","B1","西地区","名古屋D","張本 天傑","ポジション / SF/PF","青山学院大学","愛知県","1992年1月8日","1992-01-08","197cm",197,"100kg",100,"日本",8738,"SF/PF"
"157","B1","西地区","名古屋D","安藤 周人","ポジション / SG","青山学院大学","三重県","1994年6月13日","1994-06-13","190cm",190,"89kg",89,"日本",10815,"SG"
"158","B1","西地区","名古屋D","中東 泰斗","ポジション / SG","明治大学","奈良県","1992年6月18日","1992-06-18","191cm",191,"80kg",80,"日本",8516,"SG"
"159","B1","西地区","名古屋D","笠井 康平","ポジション / PG","青山学院大学","香川県","1993年8月12日","1993-08-12","175cm",175,"75kg",75,"日本",18167,"PG"
"160","B1","西地区","名古屋D","中務 敏宏","ポジション / SG/SF","筑波大学","大阪府","1986年4月18日","1986-04-18","188cm",188,"85kg",85,"日本",8739,"SG/SF"
"161","B1","西地区","名古屋D","笹山 貴哉","ポジション / PG","筑波大学","三重県","1993年2月15日","1993-02-15","180cm",180,"77kg",77,"日本",8517,"PG"
"162","B1","西地区","名古屋D","ジャスティン・バーレル","ポジション / PF/C","セント・ジョーンズ大学","アメリカ合衆国","1988年4月18日","1988-04-18","204cm",204,"111kg",111,"アメリカ合衆国",9383,"PF/C"
"163","B1","西地区","名古屋D","クレイグ・ブラッキンズ","ポジション / PF/C","アイオワ州立大学","アメリカ合衆国","1987年10月9日","1987-10-09","208cm",208,"116kg",116,"アメリカ合衆国",10817,"PF/C"
"164","B1","西地区","滋賀","西 裕太郎","ポジション / PG","エルカミノカレッジ","アメリカ合衆国","1992年5月3日","1992-05-03","176cm",176,"70kg",70,"日本",9321,"PG"
"165","B1","西地区","滋賀","二ノ宮 康平","ポジション / PG","慶應義塾大学","埼玉県","1988年8月1日","1988-08-01","173cm",173,"70kg",70,"日本",9030,"PG"
"166","B1","西地区","滋賀","紺野 ニズベット 翔","ポジション / SG/SF","サウスイーストコミュニティ大学","ニュージーランド","1997年8月28日","1997-08-28","196cm",196,"92kg",92,"ニュージーランド",18171,"SG/SF"
"167","B1","西地区","滋賀","樋口 大倫","ポジション / PF","専修大学","愛知県","1990年8月13日","1990-08-13","193cm",193,"104kg",104,"日本",8465,"PF"
"168","B1","西地区","滋賀","高橋 耕陽","ポジション / SG/SF","日本大学","北海道","1994年6月16日","1994-06-16","192cm",192,"80kg",80,"日本",10818,"SG/SF"
"169","B1","西地区","滋賀","荒尾 岳","ポジション / PF","青山学院大学","富山県","1987年1月15日","1987-01-15","198cm",198,"105kg",105,"日本",8582,"PF"
"170","B1","西地区","滋賀","ガニ・ラワル","ポジション / PF/C","ジョージア工科大学","アメリカ合衆国","1988年11月7日","1988-11-07","206cm",206,"106kg",106,"アメリカ合衆国",18431,"PF/C"
"171","B1","西地区","滋賀","狩野 祐介","ポジション / SG","東海大学","福岡県","1990年4月18日","1990-04-18","184cm",184,"80kg",80,"日本",8463,"SG"
"172","B1","西地区","滋賀","伊藤 大司","ポジション / PG","ポートランド大学","三重県","1986年12月22日","1986-12-22","184cm",184,"77kg",77,"日本",9039,"PG"
"173","B1","西地区","滋賀","ディオール・フィッシャー","ポジション / PF/C","ウェストバージニア大学","アメリカ合衆国","1981年10月12日","1981-10-12","211cm",211,"116kg",116,"アメリカ合衆国",12585,"PF/C"
"174","B1","西地区","滋賀","鹿野 洵生","ポジション / SF","筑波大学","埼玉県","1988年1月18日","1988-01-18","192cm",192,"82kg",82,"日本",8569,"SF"
"175","B1","西地区","大阪","今野 翔太","ポジション / SF","大阪学院大学","大阪府","1985年3月29日","1985-03-29","183cm",183,"82kg",82,"日本",8680,"SF"
"176","B1","西地区","大阪","長野 誠史","ポジション / PG","東海大九州","石川県","1995年7月7日","1995-07-07","175cm",175,"75kg",75,"日本",18399,"PG"
"177","B1","西地区","大阪","藤高 宗一郎","ポジション / SF","関西大学","大阪府","1991年10月11日","1991-10-11","190cm",190,"90kg",90,"日本",8451,"SF"
"178","B1","西地区","大阪","ファイ パプ 月瑠","ポジション / PF/C","関東学院大学","セネガル","1987年6月22日","1987-06-22","200cm",200,"101kg",101,"日本",18150,"PF/C"
"179","B1","西地区","大阪","根来 新之助","ポジション / SF/PF","天理大学","大阪府","1987年8月19日","1987-08-19","195cm",195,"95kg",95,"日本",8688,"SF/PF"
"180","B1","西地区","大阪","木下 博之","ポジション / PG/SG","日本体育大学","大阪府","1980年2月18日","1980-02-18","177cm",177,"71kg",71,"日本",8689,"PG/SG"
"181","B1","西地区","大阪","合田 怜","ポジション / PG/SG","大阪学院大学","大阪府","1993年8月31日","1993-08-31","183cm",183,"77kg",77,"日本",8690,"PG/SG"
"182","B1","西地区","大阪","エグゼビア・ギブソン","ポジション / PF/C","フロリダ州立大学","アメリカ合衆国","1988年11月3日","1988-11-03","210cm",210,"127kg",127,"アメリカ合衆国",9062,"PF/C"
"183","B1","西地区","大阪","熊谷 尚也","ポジション / SF/PF","日本体育大学","福岡県","1990年11月16日","1990-11-16","195cm",195,"90kg",90,"日本",8498,"SF/PF"
"184","B1","西地区","大阪","畠山 俊樹","ポジション / PG","青山学院大学","宮城県","1991年6月18日","1991-06-18","170cm",170,"73kg",73,"日本",8643,"PG"
"185","B1","西地区","大阪","ジョシュ・ハレルソン","ポジション / PF/C","ケンタッキー大学","アメリカ合衆国","1989年2月12日","1989-02-12","208cm",208,"125kg",125,"アメリカ合衆国",9063,"PF/C"
"186","B1","西地区","京都","伊藤 達哉","ポジション / PG","東海大学","千葉県","1994年11月26日","1994-11-26","173cm",173,"74kg",74,"日本",10849,"PG"
"187","B1","西地区","京都","晴山 ケビン","ポジション / SF","東海大学","岩手県","1993年1月14日","1993-01-14","191cm",191,"93kg",93,"日本",8483,"SF"
"188","B1","西地区","京都","綿貫　瞬","ポジション / PG","神奈川大学","神奈川県","1987年11月2日","1987-11-02","178cm",178,"70kg",70,"日本",8681,"PG"
"189","B1","西地区","京都","岡田　優介","ポジション / SG","青山学院大学","東京都","1984年9月17日","1984-09-17","185cm",185,"81kg",81,"日本",8729,"SG"
"190","B1","西地区","京都","近 忍","ポジション / SF","日本大","新潟県","1987年2月1日","1987-02-01","190cm",190,"80kg",80,"日本",9341,"SF"
"191","B1","西地区","京都","岸田 篤生","ポジション / PG","大阪体育大学","鳥取県","1997年10月28日","1997-10-28","175cm",175,"73kg",73,"日本",18461,"PG"
"192","B1","西地区","京都","ジュリアン・マブンガ","ポジション / PF","マイアミ大学","ジンバブエ","1990年1月24日","1990-01-24","203cm",203,"116kg",116,"ジンバブエ",8709,"PF"
"193","B1","西地区","京都","内海 慎吾","ポジション / SG","東海大学","北海道","1984年4月28日","1984-04-28","188cm",188,"88kg",88,"日本",8459,"SG"
"194","B1","西地区","京都","頓宮 裕人","ポジション / PF/C","東海大学","滋賀県","1994年1月19日","1994-01-19","198cm",198,"100kg",100,"日本",10262,"PF/C"
"195","B1","西地区","京都","デイヴィッド・サイモン","ポジション / C","パデュー大学","アメリカ","1982年8月9日","1982-08-09","208cm",208,"116kg",116,"アメリカ合衆国",18460,"C"
"196","B1","西地区","京都","片岡 大晴","ポジション / SG","白鴎大学","宮城県","1985年12月24日","1985-12-24","184cm",184,"80kg",80,"日本",8481,"SG"
"197","B1","西地区","福岡","遥 天翼","ポジション / SF","東海大学","中国","1988年10月6日","1988-10-06","194cm",194,"95kg",95,"見做し日本人",8642,"SF"
"198","B1","西地区","福岡","山下 泰弘","ポジション / PG","明治大学","福岡県","1986年5月19日","1986-05-19","187cm",187,"81kg",81,"日本",9310,"PG"
"199","B1","西地区","福岡","小林 大祐","ポジション / SG","慶應義塾大学","福岡県","1987年6月24日","1987-06-24","189cm",189,"88kg",88,"日本",9311,"SG"
"200","B1","西地区","福岡","薦田 拓也","ポジション / SF","福岡大学","福岡県","1987年7月15日","1987-07-15","190cm",190,"88kg",88,"日本",9313,"SF"
"201","B1","西地区","福岡","波多野 和也","ポジション / SF/PF","専修大学","ブラジル","1982年4月19日","1982-04-19","195cm",195,"95kg",95,"日本",9328,"SF/PF"
"202","B1","西地区","福岡","エリック・ジェイコブセン","ポジション / PF/C","アリゾナ州立大学","アメリカ","1994年6月2日","1994-06-02","208cm",208,"108kg",108,"アメリカ合衆国",12634,"PF/C"
"203","B1","西地区","福岡","津山 尚大","ポジション / PG","福岡大学附属大濠高校","沖縄県","1996年4月16日","1996-04-16","180cm",180,"79kg",79,"日本",8654,"PG"
"204","B1","西地区","福岡","青木 ブレイク","ポジション / PF/C","ニューヨーク市立大学シティカレッジ","アメリカ合衆国","1993年11月13日","1993-11-13","202cm",202,"95kg",95,"日本",10885,"PF/C"
"205","B1","西地区","福岡","ベンジャミン・ローソン","ポジション / C","ウェスタンケンタッキー大学","イギリス","1995年6月12日","1995-06-12","216cm",216,"104kg",104,"ジョージア",18442,"C"
"206","B1","西地区","福岡","石谷 聡","ポジション / PG","福岡大学","福岡県","1985年6月19日","1985-06-19","177cm",177,"73kg",73,"日本",9317,"PG"
"207","B1","西地区","福岡","城宝 匡史","ポジション / SG","大阪商業大学","北海道","1982年4月24日","1982-04-24","183cm",183,"83kg",83,"日本",8731,"SG"
"208","B1","西地区","福岡","デクスター・ピットマン","ポジション / C","テキサス大学","アメリカ合衆国","1988年3月2日","1988-03-02","211cm",211,"132kg",132,"アメリカ合衆国",10265,"C"
"209","B1","西地区","福岡","加納 誠也","ポジション / SF/PF","筑波大学","愛知県","1989年4月9日","1989-04-09","196cm",196,"95kg",95,"日本",9319,"SF/PF"
"210","B1","西地区","琉球","石崎 巧","ポジション / PG/SG","東海大学","福井県","1984年7月6日","1984-07-06","188cm",188,"87kg",87,"日本",8514,"PG/SG"
"211","B1","西地区","琉球","橋本 竜馬","ポジション / PG","青山学院大学","福岡県","1988年5月11日","1988-05-11","178cm",178,"81kg",81,"日本",8587,"PG"
"212","B1","西地区","琉球","並里 成","ポジション / PG","福岡第一高校","沖縄県","1989年8月7日","1989-08-07","172cm",172,"72kg",72,"日本",9489,"PG"
"213","B1","西地区","琉球","金城　茂之","ポジション / SG/SF","大東文化大学","沖縄県","1984年11月23日","1984-11-23","185cm",185,"80kg",80,"日本",8652,"SG/SF"
"214","B1","西地区","琉球","須田 侑太郎","ポジション / SG/SF","東海大学","北海道","1992年1月3日","1992-01-03","187cm",187,"87kg",87,"日本",8494,"SG/SF"
"215","B1","西地区","琉球","ジェフ・エアーズ","ポジション / PF","アリゾナ州立大学","アメリカ","1987年4月29日","1987-04-29","206cm",206,"109kg",109,"アメリカ合衆国",10886,"PF"
"216","B1","西地区","琉球","岸本 隆一","ポジション / PG/SG","大東文化大学","沖縄県","1990年5月17日","1990-05-17","176cm",176,"75kg",75,"日本",8655,"PG/SG"
"217","B1","西地区","琉球","寒竹 隼人","ポジション / SF/PF","拓殖大学","福岡県","1986年8月1日","1986-08-01","194cm",194,"85kg",85,"日本",8840,"SF/PF"
"218","B1","西地区","琉球","田代 直希","ポジション / SF","専修大学","千葉県","1993年6月24日","1993-06-24","188cm",188,"90kg",90,"日本",8656,"SF"
"219","B1","西地区","琉球","アイラ・ブラウン","ポジション / SF/PF","ゴンザガ大学","アメリカ","1982年8月3日","1982-08-03","193cm",193,"105kg",105,"帰化",8452,"SF/PF"
"220","B1","西地区","琉球","ジョシュ・スコット","ポジション / C","コロラド大学","アメリカ","1993年7月13日","1993-07-13","209cm",209,"111kg",111,"アメリカ合衆国",12631,"C"
"221","B1","西地区","琉球","古川 孝敏","ポジション / SF","東海大学","兵庫県","1987年10月20日","1987-10-20","190cm",190,"92kg",92,"日本",8500,"SF"
"222","B2","東地区","青森","會田 圭佑","ポジション / PG","明治大学","茨城県","1995年3月29日","1995-03-29","182cm",182,"82kg",82,"日本",10824,"PG"
"223","B2","東地区","青森","カレン・ルッソ","ポジション / SF/PF","カリフォルニア州立大学フレズノ校","アメリカ合衆国","1994年2月1日","1994-02-01","206cm",206,"108kg",108,"アメリカ合衆国",18400,"SF/PF"
"224","B2","東地区","青森","鮫島 和人","ポジション / PG","日本経済大学","鹿児島県","1992年11月7日","1992-11-07","171cm",171,"71kg",71,"日本",9396,"PG"
"225","B2","東地区","青森","佐野 太一","ポジション / PG/SG","日本大学","滋賀県","1993年11月29日","1993-11-29","177cm",177,"75kg",75,"日本",10874,"PG/SG"
"226","B2","東地区","青森","野里 惇貴","ポジション / SG","八戸学院大学","青森県","1994年10月3日","1994-10-03","180cm",180,"80kg",80,"日本",10299,"SG"
"227","B2","東地区","青森","菅 俊男","ポジション / SF","国士舘大学","東京都","1994年2月26日","1994-02-26","184cm",184,"86kg",86,"日本",8742,"SF"
"228","B2","東地区","青森","橋本 龍弥","ポジション / PG","八戸工業高等学校","青森県","1997年5月10日","1997-05-10","178cm",178,"74kg",74,"日本",9459,"PG"
"229","B2","東地区","青森","門馬 圭二郎","ポジション / SG/SF","日本大学","北海道","1994年11月15日","1994-11-15","185cm",185,"86kg",86,"日本",10877,"SG/SF"
"230","B2","東地区","青森","ユリアス・ユツィカス","ポジション / PF/C","クライペダ大学","リトアニア","1989年10月20日","1989-10-20","205cm",205,"115kg",115,"リトアニア",18401,"PF/C"
"231","B2","東地区","青森","臼井 弘樹","ポジション / PF","国士館大学","長野県","1996年1月11日","1996-01-11","193cm",193,"100kg",100,"日本",18170,"PF"
"232","B2","東地区","青森","船山 裕士","ポジション / PF","九州産業大学","奈良県","1992年7月13日","1992-07-13","190cm",190,"93kg",93,"日本",15797,"PF"
"233","B2","東地区","山形","中島 良史","ポジション / PG/SG","天理大学","高知県","1990年9月25日","1990-09-25","176cm",176,"78kg",78,"日本",8767,"PG/SG"
"234","B2","東地区","山形","高松 勇介","ポジション / PG","九州産業大学","福岡県","1991年1月30日","1991-01-30","168cm",168,"67kg",67,"日本",9269,"PG"
"235","B2","東地区","山形","岩田 涼太","ポジション / SG/SF","東海大学","神奈川県","1992年6月19日","1992-06-19","187cm",187,"87kg",87,"日本",10896,"SG/SF"
"236","B2","東地区","山形","古橋 広樹","ポジション / SG/SF","神奈川大学","静岡県","1992年1月4日","1992-01-04","185cm",185,"85kg",85,"日本",8669,"SG/SF"
"237","B2","東地区","山形","佐藤 正成","ポジション / SG/SF","東海大学","山形県","1991年7月23日","1991-07-23","187cm",187,"82kg",82,"日本",8620,"SG/SF"
"238","B2","東地区","山形","秋山 熙","ポジション / PG","専修大学","千葉県","1995年8月31日","1995-08-31","174cm",174,"77kg",77,"日本",15839,"PG"
"239","B2","東地区","山形","高濱 拓矢","ポジション / SG","東海大学九州","熊本県","1990年5月25日","1990-05-25","184cm",184,"80kg",80,"日本",9351,"SG"
"240","B2","東地区","山形","チュクゥディエベレ・マドゥアバム","ポジション / PF/C","イェシーバー大学","ナイジェリア","1991年3月19日","1991-03-19","206cm",206,"110kg",110,"ナイジェリア",9432,"PF/C"
"241","B2","東地区","山形","ウィル・ヘンリー","ポジション / SF/PF","ボウディン大学","アメリカ","1990年3月12日","1990-03-12","204cm",204,"93kg",93,"アメリカ合衆国",18176,"SF/PF"
"242","B2","東地区","山形","ブレット・ビスピン","ポジション / PF/C","シエナ大学","アメリカ","1993年9月17日","1993-09-17","204cm",204,"106kg",106,"アメリカ合衆国",18177,"PF/C"
"243","B2","東地区","山形","河野 誠司","ポジション / PG","関東学院大学","宮崎県","1989年8月14日","1989-08-14","172cm",172,"72kg",72,"日本",8606,"PG"
"244","B2","東地区","山形","伊澤 実孝","ポジション / SF/PF","明治大学","愛知県","1993年11月22日","1993-11-22","195cm",195,"99kg",99,"日本",8622,"SF/PF"
"245","B2","東地区","山形","赤土 裕典","ポジション / SF/PF","日本体育大学","岐阜県","1994年4月30日","1994-04-30","192cm",192,"99kg",99,"日本",10884,"SF/PF"
"246","B2","東地区","仙台","タイラー・ハリス","ポジション / PF","Auburn University","アメリカ","1993年9月1日","1993-09-01","206cm",206,"97kg",97,"アメリカ合衆国",18438,"PF"
"247","B2","東地区","仙台","ダニエル・ミラー","ポジション / C","ジョージア工科大学","アメリカ合衆国","1991年7月1日","1991-07-01","211cm",211,"122kg",122,"アメリカ合衆国",9392,"C"
"248","B2","東地区","仙台","新号 健","ポジション / PG","日本大学","東京都","1995年4月10日","1995-04-10","175cm",175,"73kg",73,"日本",15831,"PG"
"249","B2","東地区","仙台","澤邉 圭太","ポジション / SG","大阪学院大学","熊本県","1995年3月5日","1995-03-05","184cm",184,"85kg",85,"日本",10263,"SG"
"250","B2","東地区","仙台","月野 雅人","ポジション / PG","鹿屋体育大学","宮崎県","1988年12月1日","1988-12-01","178cm",178,"78kg",78,"日本",9268,"PG"
"251","B2","東地区","仙台","菅澤 紀行","ポジション / PF","鹿屋体育大学","茨城県","1987年2月3日","1987-02-03","192cm",192,"87kg",87,"日本",8469,"PF"
"252","B2","東地区","仙台","白戸 大聖","ポジション / SG","東海大学","静岡県","1995年5月25日","1995-05-25","182cm",182,"78kg",78,"日本",15832,"SG"
"253","B2","東地区","仙台","泉 秀岳","ポジション / SF","順天堂大学","埼玉県","1991年11月27日","1991-11-27","190cm",190,"91kg",91,"日本",9454,"SF"
"254","B2","東地区","仙台","宮本 滉希","ポジション / PF","明治大学","宮城県","1995年7月25日","1995-07-25","193cm",193,"95kg",95,"日本",15833,"PF"
"255","B2","東地区","仙台","安部 潤","ポジション / PG/SG","東海大学","島根県","1986年4月14日","1986-04-14","177cm",177,"72kg",72,"日本",8838,"PG/SG"
"256","B2","東地区","福島","徳川 慎之介","ポジション / SG","東海大学","佐賀県","1993年6月10日","1993-06-10","187cm",187,"86kg",86,"日本",8666,"SG"
"257","B2","東地区","福島","猪狩 渉","ポジション / PG","IMGアカデミー","福島県","1996年4月24日","1996-04-24","168cm",168,"72kg",72,"日本",9330,"PG"
"258","B2","東地区","福島","村上 慎也","ポジション / PG","九州共立大学","福岡県","1991年3月5日","1991-03-05","172cm",172,"64kg",64,"日本",8674,"PG"
"259","B2","東地区","福島","神原 裕司","ポジション / PG/SG","関西外国語大学","長崎県","1989年10月25日","1989-10-25","183cm",183,"76kg",76,"日本",9349,"PG/SG"
"260","B2","東地区","福島","川満 寿史","ポジション / SF","東海大学熊本キャンパス","沖縄県","1990年11月14日","1990-11-14","188cm",188,"80kg",80,"日本",8566,"SF"
"261","B2","東地区","福島","鈴木 大","ポジション / PG/SG","新潟経営大学","山形県","1990年9月12日","1990-09-12","183cm",183,"75kg",75,"日本",8671,"PG/SG"
"262","B2","東地区","福島","イバン・ラベネル","ポジション / PF","オハイオ州立大学","フロリダ州","1989年11月24日","1989-11-24","203cm",203,"118kg",118,"アメリカ合衆国",10823,"PF"
"263","B2","東地区","福島","武藤 修平","ポジション / PF","筑波大学","茨城県","1991年12月27日","1991-12-27","192cm",192,"90kg",90,"日本",8526,"PF"
"264","B2","東地区","福島","前田 陽介","ポジション / PF","関東学院大学","宮崎県","1989年7月18日","1989-07-18","188cm",188,"85kg",85,"日本",8605,"PF"
"265","B2","東地区","福島","クリス・ブレディ","ポジション / C","モンマス大学","ニューヨーク州","1995年9月15日","1995-09-15","208cm",208,"113kg",113,"アメリカ合衆国",18402,"C"
"266","B2","東地区","福島","安慶 大樹","ポジション / PF","福岡大学","鹿児島県","1992年6月18日","1992-06-18","191cm",191,"85kg",85,"日本",9410,"PF"
"267","B2","東地区","茨城","ジョシュ・デービス","ポジション / PF","サンディエゴ州立大学","アメリカ","1991年1月22日","1991-01-22","203cm",203,"97kg",97,"アメリカ合衆国",8844,"PF"
"268","B2","東地区","茨城","福澤 晃平","ポジション / PG/SG","関西大学","長野県","1993年4月2日","1993-04-02","176cm",176,"77kg",77,"日本",9044,"PG/SG"
"269","B2","東地区","茨城","友利 健哉","ポジション / PG","専修大学","沖縄県","1984年8月12日","1984-08-12","177cm",177,"75kg",75,"日本",8673,"PG"
"270","B2","東地区","茨城","須田 昂太郎","ポジション / SG/SF","白<U+9DD7>大学","北海道","1995年6月8日","1995-06-08","184cm",184,"79kg",79,"日本",15843,"SG/SF"
"271","B2","東地区","茨城","ジャーラ 志多斗","ポジション / C","浜松大学","セネガル","1990年7月15日","1990-07-15","210cm",210,"100kg",100,"日本",12635,"C"
"272","B2","東地区","茨城","髙橋 祐二","ポジション / PG","国士舘大学","千葉県","1991年5月6日","1991-05-06","183cm",183,"74kg",74,"日本",8621,"PG"
"273","B2","東地区","茨城","久保田 遼","ポジション / PF","早稲田大学","大分県","1989年12月11日","1989-12-11","198cm",198,"96kg",96,"日本",8682,"PF"
"274","B2","東地区","茨城","コナー・ラマート","ポジション / PF","テキサス大学","アメリカ","1994年8月31日","1994-08-31","206cm",206,"107kg",107,"アメリカ合衆国",9089,"PF"
"275","B2","東地区","茨城","平尾 充庸","ポジション / PG","天理大学","徳島県","1989年4月4日","1989-04-04","178cm",178,"74kg",74,"日本",8561,"PG"
"276","B2","東地区","茨城","眞庭 城聖","ポジション / SF","日本体育大学","福岡県","1986年5月27日","1986-05-27","193cm",193,"93kg",93,"日本",8604,"SF"
"277","B2","東地区","茨城","カール・バプティスト","ポジション / PF","デラウェア大学","アメリカ","1990年12月31日","1990-12-31","208cm",208,"118kg",118,"アメリカ合衆国",18378,"PF"
"278","B2","東地区","茨城","横尾 逹泰","ポジション / SG/SF","明治大学","愛知県","1985年2月28日","1985-02-28","186cm",186,"86kg",86,"日本",18151,"SG/SF"
"279","B2","東地区","群馬","小淵 雅","ポジション / PG/SG","専修大学","群馬県","1983年9月12日","1983-09-12","182cm",182,"80kg",80,"日本",8607,"PG/SG"
"280","B2","東地区","群馬","トーマス・ケネディ","ポジション / SF/PF","デトロイトメルシー大学","米国","1987年5月17日","1987-05-17","201cm",201,"95kg",95,"アメリカ合衆国",8608,"SF/PF"
"281","B2","東地区","群馬","佐竹 宥哉","ポジション / SF","東海大学九州","北海道","1995年6月20日","1995-06-20","188cm",188,"75kg",75,"日本",15856,"SF"
"282","B2","東地区","群馬","古牧 昌也","ポジション / SG","日本大学","千葉県","1993年6月19日","1993-06-19","186cm",186,"83kg",83,"日本",12500,"SG"
"283","B2","東地区","群馬","新川 敬大","ポジション / SG/SF","早稲田大学","群馬県","1995年5月3日","1995-05-03","185cm",185,"87kg",87,"日本",15824,"SG/SF"
"284","B2","東地区","群馬","藤原 隆充","ポジション / PG/SG","九州産業大学","福岡県","1978年7月16日","1978-07-16","183cm",183,"85kg",85,"日本",8609,"PG/SG"
"285","B2","東地区","群馬","佐藤 文哉","ポジション / PG/SG","仙台大学","宮城県","1990年7月4日","1990-07-04","170cm",170,"75kg",75,"日本",8480,"PG/SG"
"286","B2","東地区","群馬","嶋田 基志","ポジション / C","東海大学","愛知県","1987年5月7日","1987-05-07","197cm",197,"100kg",100,"日本",9054,"C"
"287","B2","東地区","群馬","中野 広大","ポジション / SG","法政大学","神奈川県","1994年5月8日","1994-05-08","183cm",183,"81kg",81,"日本",10892,"SG"
"288","B2","東地区","群馬","アブドゥーラ・クウソー","ポジション / C","ゴンザガ大学","ナイジェリア","1984年2月17日","1984-02-17","206cm",206,"112kg",112,"ナイジェリア",9411,"C"
"289","B2","東地区","群馬","喜久山 貴一","ポジション / PG","順天堂大学","沖縄県","1992年4月26日","1992-04-26","178cm",178,"75kg",75,"日本",8711,"PG"
"290","B2","東地区","群馬","根東 裕隆","ポジション / PG/SG","天理大学","徳島県","1982年6月29日","1982-06-29","185cm",185,"88kg",88,"日本",8613,"PG/SG"
"291","B2","中地区","東京Z","増子 匠","ポジション / SF","神奈川大学","埼玉県","1991年1月9日","1991-01-09","187cm",187,"86kg",86,"日本",9064,"SF"
"292","B2","中地区","東京Z","ウィル・クリークモア","ポジション / PF/C","ミズーリ州立大学","アメリカ","1989年4月9日","1989-04-09","206cm",206,"100kg",100,"アメリカ合衆国",9071,"PF/C"
"293","B2","中地区","東京Z","小島 佑太","ポジション / SF/PF","拓殖大学","栃木県","1983年10月31日","1983-10-31","192cm",192,"88kg",88,"日本",8759,"SF/PF"
"294","B2","中地区","東京Z","モガ・ラド","ポジション / PF/C","キャンベル大学","アメリカ","1995年11月23日","1995-11-23","203cm",203,"97kg",97,"アメリカ合衆国",18446,"PF/C"
"295","B2","中地区","東京Z","ナイジェル・スパイクス","ポジション / PF/C","マーシャル大学","アメリカ","1989年10月18日","1989-10-18","209cm",209,"108kg",108,"アメリカ合衆国",9332,"PF/C"
"296","B2","中地区","東京Z","柏倉 哲平","ポジション / PG","青山学院大学","山形県","1995年1月20日","1995-01-20","180cm",180,"82kg",82,"日本",10894,"PG"
"297","B2","中地区","東京Z","河相 智志","ポジション / SG","広島県立戸手高等学校","広島県","1982年3月29日","1982-03-29","182cm",182,"83kg",83,"日本",9045,"SG"
"298","B2","中地区","東京Z","西山 達哉","ポジション / PG/SG","駒澤大学","神奈川県","1988年7月20日","1988-07-20","172cm",172,"68kg",68,"日本",8547,"PG/SG"
"299","B2","中地区","東京Z","高山 師門","ポジション / PF","東海大学","東京都","1990年4月22日","1990-04-22","188cm",188,"86kg",86,"日本",8556,"PF"
"300","B2","中地区","東京Z","輪島 射矢","ポジション / SG","アップルスポーツカレッジ","北海道","1985年10月12日","1985-10-12","176cm",176,"78kg",78,"日本",8679,"SG"
"301","B2","中地区","東京Z","村越 圭佑","ポジション / PF","筑波大学","静岡県","1994年3月16日","1994-03-16","195cm",195,"100kg",100,"日本",8557,"PF"
"302","B2","中地区","八王子","浅野 崇史","ポジション / SF","専修大学","神奈川県","1985年10月11日","1985-10-11","193cm",193,"84kg",84,"日本",9249,"SF"
"303","B2","中地区","八王子","池田 裕介","ポジション / SG","江戸川大学","福岡県","1988年11月10日","1988-11-10","180cm",180,"73kg",73,"日本",9250,"SG"
"304","B2","中地区","八王子","大城 侑朔","ポジション / PG","日本体育大学","沖縄県","1995年3月1日","1995-03-01","180cm",180,"80kg",80,"日本",10854,"PG"
"305","B2","中地区","八王子","亀崎 光博","ポジション / SF","柏高等学校","千葉県","1986年10月7日","1986-10-07","189cm",189,"82kg",82,"日本",9241,"SF"
"306","B2","中地区","八王子","ウェスリー・ミッター","ポジション / PG","ミズーリ・ウェスタン州立大学","神奈川県","1994年8月20日","1994-08-20","180cm",180,"77kg",77,"日本",18403,"PG"
"307","B2","中地区","八王子","セオン・エディ","ポジション / SG","コロンビア大学","東京都","1991年1月15日","1991-01-15","190cm",190,"86kg",86,"日本",9027,"SG"
"308","B2","中地区","八王子","ルブライアン・ナッシュ","ポジション / SF","オクラホマ州立大学","アメリカ","1992年6月30日","1992-06-30","201cm",201,"107kg",107,"アメリカ合衆国",18404,"SF"
"309","B2","中地区","八王子","地久里 謙成","ポジション / SF","天理大学","鹿児島県","1992年1月30日","1992-01-30","187cm",187,"85kg",85,"日本",9254,"SF"
"310","B2","中地区","八王子","福田 幹也","ポジション / SF/PF","神奈川大学","神奈川県","1980年6月6日","1980-06-06","191cm",191,"92kg",92,"日本",18462,"SF/PF"
"311","B2","中地区","八王子","アレクサンダー・ジョーンズ","ポジション / C","シアトル大学","アメリカ","1987年10月17日","1987-10-17","206cm",206,"105kg",105,"アメリカ合衆国",9261,"C"
"312","B2","中地区","八王子","大金 広弥","ポジション / PG","国際武道大学","茨城県","1989年12月21日","1989-12-21","180cm",180,"72kg",72,"日本",9262,"PG"
"313","B2","中地区","金沢","デンゼル・ボウルズ","ポジション / PF","ジェームズマディソン大学","米国","1989年5月1日","1989-05-01","208cm",208,"116kg",116,"アメリカ合衆国",18435,"PF"
"314","B2","中地区","金沢","八幡 圭祐","ポジション / SF","アラヌイ高校","神奈川県","1991年2月25日","1991-02-25","181cm",181,"76kg",76,"日本",8472,"SF"
"315","B2","中地区","金沢","ライアン・リード","ポジション / PF","フロリダ州立大学","米国","1986年10月30日","1986-10-30","204cm",204,"107kg",107,"アメリカ合衆国",8845,"PF"
"316","B2","中地区","金沢","柳川 龍之介","ポジション / SF","白鴎大学","宮城県","1991年6月11日","1991-06-11","188cm",188,"84kg",84,"日本",8478,"SF"
"317","B2","中地区","金沢","木田 貴明","ポジション / SF","青山学院大学","石川県","1995年7月16日","1995-07-16","187cm",187,"87kg",87,"日本",15750,"SF"
"318","B2","中地区","金沢","井上 裕介","ポジション / PF","筑波大学","滋賀県","1982年9月7日","1982-09-07","195cm",195,"98kg",98,"日本",9267,"PF"
"319","B2","中地区","金沢","本間 遼太郎","ポジション / PG/SG","日本体育大学","新潟県","1992年10月13日","1992-10-13","173cm",173,"75kg",75,"日本",8473,"PG/SG"
"320","B2","中地区","金沢","鈴木 豊","ポジション / SF/PF","大東文化大学","北海道","1986年5月2日","1986-05-02","190cm",190,"85kg",85,"日本",9273,"SF/PF"
"321","B2","中地区","金沢","武田 倫太郎","ポジション / PG/SG","大阪体育大学","兵庫県","1991年6月8日","1991-06-08","175cm",175,"75kg",75,"日本",9244,"PG/SG"
"322","B2","中地区","金沢","与那嶺 翼","ポジション / PG","日本体育大学","沖縄県","1983年5月13日","1983-05-13","172cm",172,"70kg",70,"日本",9274,"PG"
"323","B2","中地区","金沢","井手 勇次","ポジション / SG/SF","早稲田大学","埼玉県","1988年6月8日","1988-06-08","181cm",181,"83kg",83,"日本",9275,"SG/SF"
"324","B2","中地区","信州","蒲谷 正之","ポジション / SG","日本大学","神奈川県","1982年7月2日","1982-07-02","183cm",183,"80kg",80,"日本",8455,"SG"
"325","B2","中地区","信州","武井 弘明","ポジション / PG","國學院大學","長野県","1991年7月31日","1991-07-31","185cm",185,"75kg",75,"日本",8667,"PG"
"326","B2","中地区","信州","齋藤 崇人","ポジション / PG","日本大学","新潟県","1985年5月10日","1985-05-10","184cm",184,"79kg",79,"日本",8668,"PG"
"327","B2","中地区","信州","石川 海斗","ポジション / PG","日本大学","東京都","1990年11月30日","1990-11-30","170cm",170,"72kg",72,"日本",8722,"PG"
"328","B2","中地区","信州","栗原 ルイス","ポジション / SG","ウィッティア大学","アメリカ","1996年11月3日","1996-11-03","188cm",188,"86kg",86,"アメリカ合衆国",18428,"SG"
"329","B2","中地区","信州","佐藤 託矢","ポジション / PF","青山学院大学","大阪府","1983年8月25日","1983-08-25","198cm",198,"102kg",102,"日本",8458,"PF"
"330","B2","中地区","信州","飯田 遼","ポジション / PG/SG","拓殖大学","長野県","1995年4月11日","1995-04-11","185cm",185,"86kg",86,"日本",15826,"PG/SG"
"331","B2","中地区","信州","大崎 裕太","ポジション / PG/SG","青山学院大学","茨城県","1994年6月1日","1994-06-01","177cm",177,"77kg",77,"日本",18429,"PG/SG"
"332","B2","中地区","信州","上杉 翔","ポジション / SF/PF","拓殖大学","福島県","1990年2月9日","1990-02-09","192cm",192,"90kg",90,"日本",8672,"SF/PF"
"333","B2","中地区","信州","三ツ井 利也","ポジション / SF/PF","東海大学","長野県","1994年6月2日","1994-06-02","190cm",190,"95kg",95,"日本",10842,"SF/PF"
"334","B2","中地区","信州","ウェイン・マーシャル","ポジション / C","テンプル大学","アメリカ","1986年1月7日","1986-01-07","211cm",211,"130kg",130,"アメリカ合衆国",8843,"C"
"335","B2","中地区","信州","アンソニー・マクヘンリー","ポジション / PF/C","ジョージア工科大学","アメリカ","1983年4月16日","1983-04-16","202cm",202,"101kg",101,"アメリカ合衆国",8651,"PF/C"
"336","B2","中地区","FE名古屋","山本 エドワード","ポジション / PG","大東文化大学","鳥取県","1986年12月2日","1986-12-02","174cm",174,"83kg",83,"日本",8836,"PG"
"337","B2","中地区","FE名古屋","宮崎 恭行","ポジション / PG","名古屋大谷高校","三重県","1986年1月27日","1986-01-27","170cm",170,"68kg",68,"日本",12597,"PG"
"338","B2","中地区","FE名古屋","伊藤 大","ポジション / SG","甲南大学","愛知県","1985年7月30日","1985-07-30","182cm",182,"81kg",81,"日本",8527,"SG"
"339","B2","中地区","FE名古屋","杉本 慶","ポジション / SG","中京大学","滋賀県","1992年7月9日","1992-07-09","182cm",182,"80kg",80,"日本",8520,"SG"
"340","B2","中地区","FE名古屋","野崎 零也","ポジション / SG","白<U+9DD7>大学（在学中）","佐賀県","1995年9月8日","1995-09-08","185cm",185,"83kg",83,"日本",15853,"SG"
"341","B2","中地区","FE名古屋","兒玉 貴通","ポジション / PG","大東文化大学","福岡県","1992年6月11日","1992-06-11","166cm",166,"66kg",66,"日本",9218,"PG"
"342","B2","中地区","FE名古屋","シェリフ・ソウ","ポジション / SF/PF","近畿大学","セネガル","1992年12月15日","1992-12-15","201cm",201,"85kg",85,"セネガル",8522,"SF/PF"
"343","B2","中地区","FE名古屋","坂本 健","ポジション / PF","東海大学","静岡県","1989年6月25日","1989-06-25","193cm",193,"96kg",96,"日本",8523,"PF"
"344","B2","中地区","FE名古屋","飛田 浩明","ポジション / SG/SF","日本大学","茨城県","1990年8月18日","1990-08-18","185cm",185,"89kg",89,"日本",8550,"SG/SF"
"345","B2","中地区","FE名古屋","ジョシュ・ホーキンソン","ポジション / PF/C","ワシントン州立大学","米国","1995年6月23日","1995-06-23","208cm",208,"106kg",106,"アメリカ合衆国",12598,"PF/C"
"346","B2","中地区","FE名古屋","ギャレット・スタツ","ポジション / C","ウィチタ州立大学","アメリカ","1990年2月10日","1990-02-10","214cm",214,"115kg",115,"アメリカ合衆国",12641,"C"
"347","B2","中地区","FE名古屋","伊藤 大和","ポジション / PG/SG","中京大","愛知県","1995年7月19日","1995-07-19","185cm",185,"70kg",70,"日本",15759,"PG/SG"
"348","B2","中地区","FE名古屋","高村 成寿","ポジション / PF","浜松大学","栃木県","1984年8月6日","1984-08-06","194cm",194,"96kg",96,"日本",9353,"PF"
"349","B2","中地区","西宮","上原 壮大郎","ポジション / PG","東海大学","山梨県","1994年8月10日","1994-08-10","170cm",170,"68kg",68,"日本",18175,"PG"
"350","B2","中地区","西宮","ドゥレイロン・バーンズ","ポジション / SG/SF","ディポール大学","アメリカ","1985年4月11日","1985-04-11","194cm",194,"95kg",95,"アメリカ合衆国",10256,"SG/SF"
"351","B2","中地区","西宮","松崎 賢人","ポジション / PG","拓殖大学","兵庫県","1988年5月17日","1988-05-17","178cm",178,"70kg",70,"日本",8535,"PG"
"352","B2","中地区","西宮","大塚 勇人","ポジション / PG","早稲田大学","埼玉県","1990年4月3日","1990-04-03","173cm",173,"69kg",69,"日本",8518,"PG"
"353","B2","中地区","西宮","谷 直樹","ポジション / SF","甲南大学","兵庫県","1988年7月3日","1988-07-03","193cm",193,"80kg",80,"日本",8536,"SF"
"354","B2","中地区","西宮","アレン・ウエスト","ポジション / C","ネバダ大学","アメリカ","1991年11月6日","1991-11-06","206cm",206,"107kg",107,"日本",18468,"C"
"355","B2","中地区","西宮","道原 紀晃","ポジション / PG/SG","大阪商業大学","兵庫県","1989年9月7日","1989-09-07","178cm",178,"66kg",66,"日本",8538,"PG/SG"
"356","B2","中地区","西宮","谷口 淳","ポジション / PF","同志社大学","大阪府","1992年7月31日","1992-07-31","192cm",192,"86kg",86,"日本",9068,"PF"
"357","B2","中地区","西宮","梁川 禎浩","ポジション / SG","筑波大学","大阪府","1986年4月25日","1986-04-25","183cm",183,"78kg",78,"日本",8539,"SG"
"358","B2","中地区","西宮","ランディー・ホワイト","ポジション / C","ノースカロライナ大学グリーンズボロ校","アメリカ","1994年7月1日","1994-07-01","203cm",203,"127kg",127,"アメリカ合衆国",18443,"C"
"359","B2","中地区","西宮","内藤 健太","ポジション / SG","大阪体育大学","大阪府","1995年7月25日","1995-07-25","187cm",187,"80kg",80,"日本",10257,"SG"
"360","B2","中地区","西宮","土屋 アリスター時生","ポジション / C","大阪教育大学","イギリス","1995年12月31日","1995-12-31","198cm",198,"88kg",88,"日本",10258,"C"
"361","B2","中地区","西宮","佐藤 浩貴","ポジション / C","専修大学","神奈川県","1981年12月8日","1981-12-08","203cm",203,"110kg",110,"日本",8640,"C"
"362","B2","西地区","奈良","樋口 真斗","ポジション / SG","九州産業大学","福岡県","1992年7月21日","1992-07-21","177cm",177,"75kg",75,"日本",9074,"SG"
"363","B2","西地区","奈良","ゲイリー・ハミルトン","ポジション / C","マイアミ大学","アメリカ合衆国","1984年8月7日","1984-08-07","208cm",208,"125kg",125,"アメリカ合衆国",9456,"C"
"364","B2","西地区","奈良","前村 雄大","ポジション / PG/SG","東海大学","宮崎県","1987年7月6日","1987-07-06","176cm",176,"73kg",73,"日本",8495,"PG/SG"
"365","B2","西地区","奈良","ジェフリー・パーマー","ポジション / PF","フロリダ・アトランティック大学","アメリカ合衆国","1985年4月27日","1985-04-27","203cm",203,"105kg",105,"アメリカ合衆国",9398,"PF"
"366","B2","西地区","奈良","仁平 拓海","ポジション / SF/PF","日本大学","北海道","1994年6月20日","1994-06-20","191cm",191,"89kg",89,"日本",10881,"SF/PF"
"367","B2","西地区","奈良","種市 幸祐","ポジション / SG/SF","日本大学","静岡県","1987年12月22日","1987-12-22","188cm",188,"85kg",85,"日本",8610,"SG/SF"
"368","B2","西地区","奈良","小松 秀平","ポジション / SG","国士舘大学","北海道","1985年6月10日","1985-06-10","184cm",184,"83kg",83,"日本",8562,"SG"
"369","B2","西地区","奈良","横江 豊","ポジション / PG","日本体育大学","滋賀県","1989年4月19日","1989-04-19","178cm",178,"68kg",68,"日本",8461,"PG"
"370","B2","西地区","奈良","本多 純平","ポジション / SF","東京成徳大学","富山県","1988年12月7日","1988-12-07","190cm",190,"94kg",94,"日本",8558,"SF"
"371","B2","西地区","奈良","松本 健児リオン","ポジション / PG/SG","名古屋経済大学","神奈川県","1994年5月30日","1994-05-30","183cm",183,"78kg",78,"日本",10893,"PG/SG"
"372","B2","西地区","奈良","石塚 裕也","ポジション / SF/PF","立命館大学","大阪府","1992年6月5日","1992-06-05","187cm",187,"80kg",80,"日本",9070,"SF/PF"
"373","B2","西地区","香川","大澤 歩","ポジション / PG","専修大学","静岡県","1991年4月14日","1991-04-14","177cm",177,"75kg",75,"日本",9336,"PG"
"374","B2","西地区","香川","レジナルド・ウォーレン","ポジション / PF/C","西フロリダ大学","アメリカ合衆国","1981年2月8日","1981-02-08","205cm",205,"108kg",108,"アメリカ合衆国",9388,"PF/C"
"375","B2","西地区","香川","藤岡 昂希","ポジション / SF","専修大学","千葉県","1991年7月18日","1991-07-18","191cm",191,"90kg",90,"日本",8618,"SF"
"376","B2","西地区","香川","堀川 竜一","ポジション / SF","京都産業大学","富山県","1979年6月9日","1979-06-09","190cm",190,"88kg",88,"日本",8710,"SF"
"377","B2","西地区","香川","高比良 寛治","ポジション / SG/SF","芦屋大学","長崎県","1993年9月14日","1993-09-14","185cm",185,"83kg",83,"日本",12605,"SG/SF"
"378","B2","西地区","香川","石川 智也","ポジション / PG","アップルスポーツカレッジ","三重県","1996年3月14日","1996-03-14","188cm",188,"83kg",83,"日本",9077,"PG"
"379","B2","西地区","香川","安部 瑞基","ポジション / SG","大阪教育大学","香川県","1993年7月29日","1993-07-29","177cm",177,"79kg",79,"日本",10836,"SG"
"380","B2","西地区","香川","原田 祥伍","ポジション / PF","立命館大学","大阪府","1995年10月11日","1995-10-11","191cm",191,"96kg",96,"日本",18463,"PF"
"381","B2","西地区","香川","テレンス・ウッドベリー","ポジション / SG/SF","ジョージア大学","アメリカ合衆国","1987年6月16日","1987-06-16","203cm",203,"100kg",100,"アメリカ合衆国",10831,"SG/SF"
"382","B2","西地区","香川","高田 秀一","ポジション / SF/PF","日本体育大","東京都","1983年10月13日","1983-10-13","195cm",195,"91kg",91,"日本",9346,"SF/PF"
"383","B2","西地区","香川","木村 啓太郎","ポジション / PG","新潟医療福祉大学","青森県","1993年6月12日","1993-06-12","175cm",175,"67kg",67,"日本",8744,"PG"
"384","B2","西地区","香川","筑波 拓朗","ポジション / SF","東洋大学","長野県","1992年9月21日","1992-09-21","188cm",188,"83kg",83,"日本",9221,"SF"
"385","B2","西地区","広島","ジャマリ・トレイラー","ポジション / PF/C","カンザス大学","アメリカ合衆国","1992年6月24日","1992-06-24","203cm",203,"104kg",104,"アメリカ合衆国",15852,"PF/C"
"386","B2","西地区","広島","村上 駿斗","ポジション / PG/SG","山形南高校","山形県","1996年2月17日","1996-02-17","185cm",185,"80kg",80,"日本",8615,"PG/SG"
"387","B2","西地区","広島","朝山 正悟","ポジション / SG/SF","早稲田大学","神奈川県","1981年6月1日","1981-06-01","192cm",192,"88kg",88,"日本",8534,"SG/SF"
"388","B2","西地区","広島","岡本 飛竜","ポジション / PG","拓殖大学","鳥取県","1993年4月20日","1993-04-20","170cm",170,"78kg",78,"日本",8839,"PG"
"389","B2","西地区","広島","佐藤 優樹","ポジション / SG","アップルスポーツカレッジ","新潟県","1987年5月3日","1987-05-03","182cm",182,"84kg",84,"日本",8471,"SG"
"390","B2","西地区","広島","坂本 ジェイ","ポジション / PF/C","浜松大学","セネガル","1986年11月15日","1986-11-15","206cm",206,"105kg",105,"日本",8723,"PF/C"
"391","B2","西地区","広島","小澤 智将","ポジション / SG","東海大学九州","福岡県","1994年7月18日","1994-07-18","187cm",187,"83kg",83,"日本",10871,"SG"
"392","B2","西地区","広島","坂井 レオ","ポジション / PF/C","京都産業大学","大阪府","1993年8月29日","1993-08-29","195cm",195,"102kg",102,"日本",8537,"PF/C"
"393","B2","西地区","広島","エリック・トンプソン","ポジション / PF/C","パシフィック大学","アメリカ合衆国","1993年8月4日","1993-08-04","203cm",203,"109kg",109,"アメリカ合衆国",18434,"PF/C"
"394","B2","西地区","広島","山田 謙治","ポジション / PG","法政大学","神奈川県","1983年7月28日","1983-07-28","180cm",180,"85kg",85,"日本",8454,"PG"
"395","B2","西地区","広島","田中 成也","ポジション / SG","明治大学","新潟県","1991年8月24日","1991-08-24","186cm",186,"80kg",80,"日本",8528,"SG"
"396","B2","西地区","愛媛","楯 昌宗","ポジション / PG","愛知学泉大学","岐阜県","1988年1月14日","1988-01-14","178cm",178,"73kg",73,"日本",8725,"PG"
"397","B2","西地区","愛媛","堤 啓士朗","ポジション / PG","専修大学","福岡県","1986年7月15日","1986-07-15","181cm",181,"80kg",80,"日本",9314,"PG"
"398","B2","西地区","愛媛","コーリー・ジョンソン","ポジション / PF","ヴァラパライソ大学","アメリカ合衆国","1988年4月5日","1988-04-05","201cm",201,"109kg",109,"アメリカ合衆国",18377,"PF"
"399","B2","西地区","愛媛","加藤 悠三","ポジション / SG","中京高校","岐阜県","1992年9月24日","1992-09-24","173cm",173,"73kg",73,"日本",9086,"SG"
"400","B2","西地区","愛媛","矢代 雪次郎","ポジション / PG/SG","Bethany Collage","千葉県","1992年2月15日","1992-02-15","177cm",177,"77kg",77,"日本",9413,"PG/SG"
"401","B2","西地区","愛媛","アンドリュー・フィッツジェラルド","ポジション / PF","オクラホマ大学","アメリカ合衆国","1990年12月10日","1990-12-10","202cm",202,"108kg",108,"アメリカ合衆国",9433,"PF"
"402","B2","西地区","愛媛","藤田 浩司","ポジション / SF","九州共立大学","大分県","1992年10月23日","1992-10-23","190cm",190,"80kg",80,"日本",9402,"SF"
"403","B2","西地区","愛媛","小原 良公","ポジション / PG/SG","大東文化大学","高知県","1989年9月5日","1989-09-05","187cm",187,"85kg",85,"日本",8757,"PG/SG"
"404","B2","西地区","愛媛","笠原 太志","ポジション / SF/PF","鹿屋体育大学","奈良県","1989年8月16日","1989-08-16","188cm",188,"86kg",86,"日本",8766,"SF/PF"
"405","B2","西地区","愛媛","岡本 将大","ポジション / PG","大阪商業大学","岐阜県","1992年12月4日","1992-12-04","173cm",173,"73kg",73,"日本",8600,"PG"
"406","B2","西地区","愛媛","高畠 佳介","ポジション / SG","びわこ成蹊スポーツ大学","滋賀県","1990年3月17日","1990-03-17","183cm",183,"80kg",80,"日本",8842,"SG"
"407","B2","西地区","島根","佐藤 公威","ポジション / SG","新潟工業短期大学","新潟県","1984年4月23日","1984-04-23","186cm",186,"87kg",87,"日本",8475,"SG"
"408","B2","西地区","島根","和田 保彦","ポジション / PG/SG","大東文化大学","千葉県","1990年7月23日","1990-07-23","181cm",181,"79kg",79,"日本",8665,"PG/SG"
"409","B2","西地区","島根","北川 弘","ポジション / PG","日本体育大学","滋賀県","1991年10月16日","1991-10-16","183cm",183,"70kg",70,"日本",8532,"PG"
"410","B2","西地区","島根","坂田 央","ポジション / SF","日本大学","東京都","1991年9月18日","1991-09-18","193cm",193,"85kg",85,"日本",8531,"SF"
"411","B2","西地区","島根","グレゴリー・エチェニケ","ポジション / C","Creighton","ベネズエラ","1990年11月23日","1990-11-23","208cm",208,"120kg",120,"ベネズエラ",18432,"C"
"412","B2","西地区","島根","後藤 翔平","ポジション / PG","大阪学院大学","北海道","1992年8月5日","1992-08-05","180cm",180,"85kg",85,"日本",9264,"PG"
"413","B2","西地区","島根","阿部 諒","ポジション / SG","拓殖大学","千葉県","1995年5月4日","1995-05-04","183cm",183,"77kg",77,"日本",15756,"SG"
"414","B2","西地区","島根","相馬 卓弥","ポジション / SG","天理大学","宮崎県","1991年7月5日","1991-07-05","182cm",182,"80kg",80,"日本",8683,"SG"
"415","B2","西地区","島根","小阪 彰久","ポジション / PF","大阪学院大学","大阪府","1992年2月22日","1992-02-22","197cm",197,"102kg",102,"日本",9283,"PF"
"416","B2","西地区","島根","伊集 貴也","ポジション / PG","国士舘大学","沖縄県","1993年2月22日","1993-02-22","179cm",179,"76kg",76,"日本",18174,"PG"
"417","B2","西地区","島根","ロスコ・アレン","ポジション / SF","Stanford","ハンガリー","1993年5月5日","1993-05-05","208cm",208,"100kg",100,"ハンガリー",18433,"SF"
"418","B2","西地区","島根","コナー・クリフォード","ポジション / C","Washington State","アメリカ","1993年12月7日","1993-12-07","213cm",213,"122kg",122,"アメリカ合衆国",12600,"C"
"419","B2","西地区","島根","梅津 大介","ポジション / SF","筑波大学","青森県","1990年7月26日","1990-07-26","195cm",195,"89kg",89,"日本",8702,"SF"
"420","B2","西地区","熊本","中西 良太","ポジション / PF","日本体育大学","兵庫県","1988年12月24日","1988-12-24","200cm",200,"107kg",107,"日本",9347,"PF"
"421","B2","西地区","熊本","古野 拓巳","ポジション / PG","日本経済大学","福岡県","1993年2月20日","1993-02-20","177cm",177,"80kg",80,"日本",9348,"PG"
"422","B2","西地区","熊本","チリジ・ネパウエ","ポジション / C","ニューメキシコ州立大学","南アフリカ","1989年6月10日","1989-06-10","208cm",208,"122kg",122,"南アフリカ",9369,"C"
"423","B2","西地区","熊本","柿内 輝心","ポジション / PG","中央大学","熊本県","1995年10月21日","1995-10-21","172cm",172,"74kg",74,"日本",10883,"PG"
"424","B2","西地区","熊本","小林 慎太郎","ポジション / SG","東海大学","熊本県","1985年6月29日","1985-06-29","184cm",184,"84kg",84,"日本",9350,"SG"
"425","B2","西地区","熊本","ジョシュ・ドゥインカー","ポジション / PF","リッチモンド大学","オーストラリア","1989年4月18日","1989-04-18","211cm",211,"100kg",100,"オーストラリア",12590,"PF"
"426","B2","西地区","熊本","菊池 広明","ポジション / SG","天理大学","大阪府","1992年12月14日","1992-12-14","185cm",185,"80kg",80,"日本",9075,"SG"
"427","B2","西地区","熊本","福田 真生","ポジション / SF","青山学院大学","北海道","1989年7月26日","1989-07-26","193cm",193,"93kg",93,"日本",9352,"SF"
"428","B2","西地区","熊本","俊野 佳彦","ポジション / SG/SF","今治精華高等学校","愛媛県","1992年5月21日","1992-05-21","187cm",187,"82kg",82,"日本",8599,"SG/SF"
"429","B2","西地区","熊本","寺下 太基","ポジション / SF/PF","大阪産業大学","和歌山県","1980年2月25日","1980-02-25","191cm",191,"88kg",88,"日本",8560,"SF/PF"
"430","B2","西地区","熊本","チェハーレス・タプスコット","ポジション / SF/PF","ポートランド州立大学","アメリカ","1990年7月12日","1990-07-12","195cm",195,"108kg",108,"アメリカ合衆国",9340,"SF/PF"
"431","B2","西地区","熊本","並里 祐","ポジション / PG","中部学院大学","沖縄県","1987年6月13日","1987-06-13","170cm",170,"70kg",70,"日本",8570,"PG"
