チーム,アシストした選手,アシストされた選手,回数,チーム内順位
Fイーグルス名古屋,杉本 慶,ジョシュ・ホーキンソン,95,1
Fイーグルス名古屋,山本 エドワード,ジョシュ・ホーキンソン,75,2
Fイーグルス名古屋,木村 啓太郎,ジョシュ・ホーキンソン,53,3
Fイーグルス名古屋,杉本 慶,ベンジャミン・ローソン,51,4
Fイーグルス名古屋,ジョシュ・ホーキンソン,ベンジャミン・ローソン,35,5
Fイーグルス名古屋,杉本 慶,クリス・オトゥーレ,29,6
Fイーグルス名古屋,ベンジャミン・ローソン,ジョシュ・ホーキンソン,26,7
Fイーグルス名古屋,ジョシュ・ホーキンソン,杉本 慶,22,8
Fイーグルス名古屋,伊藤 大和,ジョシュ・ホーキンソン,20,9
Fイーグルス名古屋,山本 エドワード,ベンジャミン・ローソン,20,10
Fイーグルス名古屋,ジョシュ・ホーキンソン,山本 エドワード,17,11
Fイーグルス名古屋,杉本 慶,山本 エドワード,17,12
Fイーグルス名古屋,杉本 慶,ソウ シェリフ,16,13
Fイーグルス名古屋,ベンジャミン・ローソン,山本 エドワード,15,14
Fイーグルス名古屋,山本 エドワード,飛田 浩明,15,15
Fイーグルス名古屋,ジョシュ・ホーキンソン,ソウ シェリフ,13,16
Fイーグルス名古屋,伊藤 大和,山本 エドワード,13,17
Fイーグルス名古屋,山本 エドワード,クリス・オトゥーレ,13,18
Fイーグルス名古屋,杉本 慶,宮崎 恭行,13,19
Fイーグルス名古屋,杉本 慶,飛田 浩明,13,20
Fイーグルス名古屋,ジョシュ・ホーキンソン,飛田 浩明,12,21
Fイーグルス名古屋,山本 エドワード,杉本 慶,12,22
Fイーグルス名古屋,山本 エドワード,ソウ シェリフ,11,23
Fイーグルス名古屋,山本 エドワード,宮崎 恭行,11,24
Fイーグルス名古屋,鹿野 洵生,ジョシュ・ホーキンソン,11,25
Fイーグルス名古屋,杉本 慶,鹿野 洵生,11,26
Fイーグルス名古屋,山本 エドワード,鹿野 洵生,10,27
Fイーグルス名古屋,飛田 浩明,ジョシュ・ホーキンソン,10,28
Fイーグルス名古屋,木村 啓太郎,ベンジャミン・ローソン,10,29
Fイーグルス名古屋,木村 啓太郎,杉本 慶,10,30
Fイーグルス名古屋,ソウ シェリフ,ジョシュ・ホーキンソン,9,31
Fイーグルス名古屋,杉本 慶,坂本 健,9,32
Fイーグルス名古屋,木村 啓太郎,飛田 浩明,9,33
Fイーグルス名古屋,ジョシュ・ホーキンソン,宮崎 恭行,8,34
Fイーグルス名古屋,ベンジャミン・ローソン,杉本 慶,8,35
Fイーグルス名古屋,杉本 慶,木村 啓太郎,8,36
Fイーグルス名古屋,クリス・オトゥーレ,ジョシュ・ホーキンソン,7,37
Fイーグルス名古屋,ジョシュ・ホーキンソン,クリス・オトゥーレ,7,38
Fイーグルス名古屋,ジョシュ・ホーキンソン,木村 啓太郎,7,39
Fイーグルス名古屋,ベンジャミン・ローソン,宮崎 恭行,7,40
Fイーグルス名古屋,宮崎 恭行,ジョシュ・ホーキンソン,7,41
Fイーグルス名古屋,木村 啓太郎,鹿野 洵生,7,42
Fイーグルス名古屋,クリス・オトゥーレ,山本 エドワード,6,43
Fイーグルス名古屋,杉本 慶,伊藤 大和,6,44
Fイーグルス名古屋,木村 啓太郎,ソウ シェリフ,6,45
Fイーグルス名古屋,ジョシュ・ホーキンソン,鹿野 洵生,5,46
Fイーグルス名古屋,ソウ シェリフ,飛田 浩明,5,47
Fイーグルス名古屋,伊藤 大和,ソウ シェリフ,5,48
Fイーグルス名古屋,伊藤 大和,宮崎 恭行,5,49
Fイーグルス名古屋,宮崎 恭行,ベンジャミン・ローソン,5,50
Fイーグルス名古屋,宮崎 恭行,杉本 慶,5,51
Fイーグルス名古屋,杉本 慶,高村 成寿,5,52
Fイーグルス名古屋,飛田 浩明,クリス・オトゥーレ,5,53
Fイーグルス名古屋,飛田 浩明,山本 エドワード,5,54
Fイーグルス名古屋,飛田 浩明,杉本 慶,5,55
Fイーグルス名古屋,飛田 浩明,木村 啓太郎,5,56
Fイーグルス名古屋,木村 啓太郎,高村 成寿,5,57
Fイーグルス名古屋,ジョシュ・ホーキンソン,伊藤 大和,4,58
Fイーグルス名古屋,ソウ シェリフ,山本 エドワード,4,59
Fイーグルス名古屋,ベンジャミン・ローソン,木村 啓太郎,4,60
Fイーグルス名古屋,伊藤 大和,ベンジャミン・ローソン,4,61
Fイーグルス名古屋,宮崎 恭行,山本 エドワード,4,62
Fイーグルス名古屋,山本 エドワード,木村 啓太郎,4,63
Fイーグルス名古屋,鹿野 洵生,杉本 慶,4,64
Fイーグルス名古屋,木村 啓太郎,宮崎 恭行,4,65
Fイーグルス名古屋,クリス・オトゥーレ,杉本 慶,3,66
Fイーグルス名古屋,クリス・オトゥーレ,飛田 浩明,3,67
Fイーグルス名古屋,ジョシュ・ホーキンソン,高村 成寿,3,68
Fイーグルス名古屋,ジョシュ・ホーキンソン,坂本 健,3,69
Fイーグルス名古屋,ソウ シェリフ,宮崎 恭行,3,70
Fイーグルス名古屋,ベンジャミン・ローソン,ソウ シェリフ,3,71
Fイーグルス名古屋,ベンジャミン・ローソン,鹿野 洵生,3,72
Fイーグルス名古屋,ベンジャミン・ローソン,飛田 浩明,3,73
Fイーグルス名古屋,伊藤 大和,高村 成寿,3,74
Fイーグルス名古屋,伊藤 大和,坂本 健,3,75
Fイーグルス名古屋,伊藤 大和,木村 啓太郎,3,76
Fイーグルス名古屋,山本 エドワード,高村 成寿,3,77
Fイーグルス名古屋,鹿野 洵生,木村 啓太郎,3,78
Fイーグルス名古屋,飛田 浩明,ソウ シェリフ,3,79
Fイーグルス名古屋,飛田 浩明,ベンジャミン・ローソン,3,80
Fイーグルス名古屋,クリス・オトゥーレ,伊藤 大和,2,81
Fイーグルス名古屋,クリス・オトゥーレ,木村 啓太郎,2,82
Fイーグルス名古屋,ソウ シェリフ,ベンジャミン・ローソン,2,83
Fイーグルス名古屋,ソウ シェリフ,伊藤 大和,2,84
Fイーグルス名古屋,ソウ シェリフ,杉本 慶,2,85
Fイーグルス名古屋,ソウ シェリフ,木村 啓太郎,2,86
Fイーグルス名古屋,ベンジャミン・ローソン,伊藤 大和,2,87
Fイーグルス名古屋,伊藤 大和,クリス・オトゥーレ,2,88
Fイーグルス名古屋,高村 成寿,宮崎 恭行,2,89
Fイーグルス名古屋,高村 成寿,杉本 慶,2,90
Fイーグルス名古屋,山本 エドワード,伊藤 大和,2,91
Fイーグルス名古屋,山本 エドワード,坂本 健,2,92
Fイーグルス名古屋,鹿野 洵生,ベンジャミン・ローソン,2,93
Fイーグルス名古屋,鹿野 洵生,山本 エドワード,2,94
Fイーグルス名古屋,木村 啓太郎,クリス・オトゥーレ,2,95
Fイーグルス名古屋,木村 啓太郎,伊藤 大和,2,96
Fイーグルス名古屋,木村 啓太郎,山本 エドワード,2,97
Fイーグルス名古屋,クリス・オトゥーレ,ソウ シェリフ,1,98
Fイーグルス名古屋,クリス・オトゥーレ,宮崎 恭行,1,99
Fイーグルス名古屋,クリス・オトゥーレ,高村 成寿,1,100
Fイーグルス名古屋,クリス・オトゥーレ,鹿野 洵生,1,101
Fイーグルス名古屋,ソウ シェリフ,鹿野 洵生,1,102
Fイーグルス名古屋,伊藤 大和,鹿野 洵生,1,103
Fイーグルス名古屋,伊藤 大和,飛田 浩明,1,104
Fイーグルス名古屋,宮崎 恭行,ソウ シェリフ,1,105
Fイーグルス名古屋,宮崎 恭行,会田 太朗,1,106
Fイーグルス名古屋,宮崎 恭行,坂本 健,1,107
Fイーグルス名古屋,宮崎 恭行,鹿野 洵生,1,108
Fイーグルス名古屋,宮崎 恭行,木村 啓太郎,1,109
Fイーグルス名古屋,宮崎 恭行,林 瑛司,1,110
Fイーグルス名古屋,高村 成寿,クリス・オトゥーレ,1,111
Fイーグルス名古屋,高村 成寿,ジョシュ・ホーキンソン,1,112
Fイーグルス名古屋,高村 成寿,ソウ シェリフ,1,113
Fイーグルス名古屋,高村 成寿,伊藤 大和,1,114
Fイーグルス名古屋,高村 成寿,山本 エドワード,1,115
Fイーグルス名古屋,高村 成寿,飛田 浩明,1,116
Fイーグルス名古屋,坂本 健,宮崎 恭行,1,117
Fイーグルス名古屋,坂本 健,杉本 慶,1,118
Fイーグルス名古屋,坂本 健,飛田 浩明,1,119
Fイーグルス名古屋,山本 エドワード,林 瑛司,1,120
Fイーグルス名古屋,鹿野 洵生,宮崎 恭行,1,121
Fイーグルス名古屋,飛田 浩明,高村 成寿,1,122
Fイーグルス名古屋,木村 啓太郎,坂本 健,1,123
Fイーグルス名古屋,林 瑛司,ジョシュ・ホーキンソン,1,124
アースフレンズ東京Z,久岡 幸太郎,ナンナ・エグー,49,1
アースフレンズ東京Z,久岡 幸太郎,カイル・ケイシー,41,2
アースフレンズ東京Z,カイル・ケイシー,ナンナ・エグー,39,3
アースフレンズ東京Z,久岡 幸太郎,増子 匠,32,4
アースフレンズ東京Z,増子 匠,カイル・ケイシー,27,5
アースフレンズ東京Z,増子 匠,久岡 幸太郎,27,6
アースフレンズ東京Z,カイル・ケイシー,増子 匠,24,7
アースフレンズ東京Z,増子 匠,ナンナ・エグー,21,8
アースフレンズ東京Z,ナンナ・エグー,増子 匠,20,9
アースフレンズ東京Z,カイル・ケイシー,久岡 幸太郎,17,10
アースフレンズ東京Z,カイル・ケイシー,仁平 拓海,17,11
アースフレンズ東京Z,久岡 幸太郎,仁平 拓海,17,12
アースフレンズ東京Z,増子 匠,イシュマエル・レーン,15,13
アースフレンズ東京Z,増子 匠,仁平 拓海,15,14
アースフレンズ東京Z,増子 匠,紺野 ニズベット 翔,14,15
アースフレンズ東京Z,ナンナ・エグー,久岡 幸太郎,13,16
アースフレンズ東京Z,久岡 幸太郎,イシュマエル・レーン,11,17
アースフレンズ東京Z,カイル・ケイシー,紺野 ニズベット 翔,10,18
アースフレンズ東京Z,ナンナ・エグー,カイル・ケイシー,10,19
アースフレンズ東京Z,増子 匠,高山 師門,10,20
アースフレンズ東京Z,久岡 幸太郎,紺野 ニズベット 翔,9,21
アースフレンズ東京Z,柏倉 哲平,増子 匠,9,22
アースフレンズ東京Z,紺野 ニズベット 翔,カイル・ケイシー,8,23
アースフレンズ東京Z,紺野 ニズベット 翔,増子 匠,8,24
アースフレンズ東京Z,増子 匠,ロバート・ギルクリスト,8,25
アースフレンズ東京Z,イシュマエル・レーン,増子 匠,7,26
アースフレンズ東京Z,久岡 幸太郎,高山 師門,7,27
アースフレンズ東京Z,仁平 拓海,カイル・ケイシー,7,28
アースフレンズ東京Z,柏倉 哲平,イシュマエル・レーン,7,29
アースフレンズ東京Z,柏倉 哲平,カイル・ケイシー,7,30
アースフレンズ東京Z,柏倉 哲平,ナンナ・エグー,7,31
アースフレンズ東京Z,カイル・ケイシー,小原 良公,6,32
アースフレンズ東京Z,ナンナ・エグー,高山 師門,6,33
アースフレンズ東京Z,ナンナ・エグー,小原 良公,6,34
アースフレンズ東京Z,ナンナ・エグー,仁平 拓海,6,35
アースフレンズ東京Z,久岡 幸太郎,小原 良公,6,36
アースフレンズ東京Z,高山 師門,ナンナ・エグー,6,37
アースフレンズ東京Z,紺野 ニズベット 翔,イシュマエル・レーン,6,38
アースフレンズ東京Z,小原 良公,カイル・ケイシー,6,39
アースフレンズ東京Z,小原 良公,増子 匠,6,40
アースフレンズ東京Z,ロバート・ギルクリスト,ナンナ・エグー,5,41
アースフレンズ東京Z,高山 師門,カイル・ケイシー,5,42
アースフレンズ東京Z,仁平 拓海,増子 匠,5,43
アースフレンズ東京Z,柏倉 哲平,久岡 幸太郎,5,44
アースフレンズ東京Z,カイル・ケイシー,高山 師門,4,45
アースフレンズ東京Z,カイル・ケイシー,村越 圭佑,4,46
アースフレンズ東京Z,ナンナ・エグー,髙木 慎哉,4,47
アースフレンズ東京Z,久岡 幸太郎,柏倉 哲平,4,48
アースフレンズ東京Z,紺野 ニズベット 翔,ナンナ・エグー,4,49
アースフレンズ東京Z,仁平 拓海,ナンナ・エグー,4,50
アースフレンズ東京Z,仁平 拓海,久岡 幸太郎,4,51
アースフレンズ東京Z,柏倉 哲平,髙木 慎哉,4,52
アースフレンズ東京Z,木村 嗣人,増子 匠,4,53
アースフレンズ東京Z,イシュマエル・レーン,紺野 ニズベット 翔,3,54
アースフレンズ東京Z,カイル・ケイシー,髙木 慎哉,3,55
アースフレンズ東京Z,ナンナ・エグー,紺野 ニズベット 翔,3,56
アースフレンズ東京Z,ロバート・ギルクリスト,カイル・ケイシー,3,57
アースフレンズ東京Z,久岡 幸太郎,髙木 慎哉,3,58
アースフレンズ東京Z,栗原 翼,カイル・ケイシー,3,59
アースフレンズ東京Z,栗原 翼,増子 匠,3,60
アースフレンズ東京Z,高山 師門,増子 匠,3,61
アースフレンズ東京Z,紺野 ニズベット 翔,久岡 幸太郎,3,62
アースフレンズ東京Z,紺野 ニズベット 翔,高山 師門,3,63
アースフレンズ東京Z,紺野 ニズベット 翔,仁平 拓海,3,64
アースフレンズ東京Z,紺野 ニズベット 翔,村越 圭佑,3,65
アースフレンズ東京Z,小原 良公,ナンナ・エグー,3,66
アースフレンズ東京Z,仁平 拓海,小原 良公,3,67
アースフレンズ東京Z,増子 匠,小原 良公,3,68
アースフレンズ東京Z,増子 匠,髙木 慎哉,3,69
アースフレンズ東京Z,柏倉 哲平,小原 良公,3,70
アースフレンズ東京Z,髙木 慎哉,ナンナ・エグー,3,71
アースフレンズ東京Z,イシュマエル・レーン,髙木 慎哉,2,72
アースフレンズ東京Z,カイル・ケイシー,ロバート・ギルクリスト,2,73
アースフレンズ東京Z,カイル・ケイシー,柏倉 哲平,2,74
アースフレンズ東京Z,ナンナ・エグー,イシュマエル・レーン,2,75
アースフレンズ東京Z,ロバート・ギルクリスト,高山 師門,2,76
アースフレンズ東京Z,栗原 翼,ナンナ・エグー,2,77
アースフレンズ東京Z,高山 師門,紺野 ニズベット 翔,2,78
アースフレンズ東京Z,高山 師門,仁平 拓海,2,79
アースフレンズ東京Z,紺野 ニズベット 翔,小原 良公,2,80
アースフレンズ東京Z,紺野 ニズベット 翔,柏倉 哲平,2,81
アースフレンズ東京Z,小原 良公,久岡 幸太郎,2,82
アースフレンズ東京Z,仁平 拓海,ロバート・ギルクリスト,2,83
アースフレンズ東京Z,仁平 拓海,村越 圭佑,2,84
アースフレンズ東京Z,増子 匠,村越 圭佑,2,85
アースフレンズ東京Z,増子 匠,柏倉 哲平,2,86
アースフレンズ東京Z,村越 圭佑,小原 良公,2,87
アースフレンズ東京Z,柏倉 哲平,ロバート・ギルクリスト,2,88
アースフレンズ東京Z,柏倉 哲平,紺野 ニズベット 翔,2,89
アースフレンズ東京Z,柏倉 哲平,仁平 拓海,2,90
アースフレンズ東京Z,髙木 慎哉,イシュマエル・レーン,2,91
アースフレンズ東京Z,髙木 慎哉,カイル・ケイシー,2,92
アースフレンズ東京Z,イシュマエル・レーン,ナンナ・エグー,1,93
アースフレンズ東京Z,イシュマエル・レーン,久岡 幸太郎,1,94
アースフレンズ東京Z,イシュマエル・レーン,柏倉 哲平,1,95
アースフレンズ東京Z,カイル・ケイシー,木村 嗣人,1,96
アースフレンズ東京Z,ナンナ・エグー,ロバート・ギルクリスト,1,97
アースフレンズ東京Z,ナンナ・エグー,栗原 翼,1,98
アースフレンズ東京Z,ナンナ・エグー,柏倉 哲平,1,99
アースフレンズ東京Z,ロバート・ギルクリスト,久岡 幸太郎,1,100
アースフレンズ東京Z,ロバート・ギルクリスト,紺野 ニズベット 翔,1,101
アースフレンズ東京Z,ロバート・ギルクリスト,仁平 拓海,1,102
アースフレンズ東京Z,ロバート・ギルクリスト,増子 匠,1,103
アースフレンズ東京Z,久岡 幸太郎,ロバート・ギルクリスト,1,104
アースフレンズ東京Z,久岡 幸太郎,栗原 翼,1,105
アースフレンズ東京Z,久岡 幸太郎,村越 圭佑,1,106
アースフレンズ東京Z,久岡 幸太郎,木村 嗣人,1,107
アースフレンズ東京Z,栗原 翼,久岡 幸太郎,1,108
アースフレンズ東京Z,栗原 翼,柏倉 哲平,1,109
アースフレンズ東京Z,栗原 翼,髙木 慎哉,1,110
アースフレンズ東京Z,高山 師門,ロバート・ギルクリスト,1,111
アースフレンズ東京Z,高山 師門,久岡 幸太郎,1,112
アースフレンズ東京Z,高山 師門,小原 良公,1,113
アースフレンズ東京Z,高山 師門,村越 圭佑,1,114
アースフレンズ東京Z,高山 師門,木村 嗣人,1,115
アースフレンズ東京Z,紺野 ニズベット 翔,髙木 慎哉,1,116
アースフレンズ東京Z,小原 良公,イシュマエル・レーン,1,117
アースフレンズ東京Z,小原 良公,高山 師門,1,118
アースフレンズ東京Z,小原 良公,紺野 ニズベット 翔,1,119
アースフレンズ東京Z,小原 良公,仁平 拓海,1,120
アースフレンズ東京Z,仁平 拓海,イシュマエル・レーン,1,121
アースフレンズ東京Z,仁平 拓海,高山 師門,1,122
アースフレンズ東京Z,仁平 拓海,紺野 ニズベット 翔,1,123
アースフレンズ東京Z,仁平 拓海,柏倉 哲平,1,124
アースフレンズ東京Z,仁平 拓海,木村 嗣人,1,125
アースフレンズ東京Z,増子 匠,栗原 翼,1,126
アースフレンズ東京Z,村越 圭佑,イシュマエル・レーン,1,127
アースフレンズ東京Z,村越 圭佑,カイル・ケイシー,1,128
アースフレンズ東京Z,村越 圭佑,久岡 幸太郎,1,129
アースフレンズ東京Z,村越 圭佑,柏倉 哲平,1,130
アースフレンズ東京Z,村越 圭佑,木村 嗣人,1,131
アースフレンズ東京Z,柏倉 哲平,高山 師門,1,132
アースフレンズ東京Z,木村 嗣人,久岡 幸太郎,1,133
アースフレンズ東京Z,木村 嗣人,紺野 ニズベット 翔,1,134
アースフレンズ東京Z,木村 嗣人,小原 良公,1,135
アースフレンズ東京Z,木村 嗣人,仁平 拓海,1,136
アースフレンズ東京Z,木村 嗣人,村越 圭佑,1,137
アースフレンズ東京Z,髙木 慎哉,久岡 幸太郎,1,138
アースフレンズ東京Z,髙木 慎哉,小原 良公,1,139
バンビシャス奈良,西 裕太郎,アンドリュー・フィッツジェラルド,104,1
バンビシャス奈良,横江 豊,アンドリュー・フィッツジェラルド,93,2
バンビシャス奈良,横江 豊,グレッグ・マンガーノ,78,3
バンビシャス奈良,西 裕太郎,グレッグ・マンガーノ,48,4
バンビシャス奈良,井手 勇次,アンドリュー・フィッツジェラルド,42,5
バンビシャス奈良,本多 純平,アンドリュー・フィッツジェラルド,33,6
バンビシャス奈良,横江 豊,本多 純平,29,7
バンビシャス奈良,アンドリュー・フィッツジェラルド,グレッグ・マンガーノ,28,8
バンビシャス奈良,グレッグ・マンガーノ,アンドリュー・フィッツジェラルド,28,9
バンビシャス奈良,アンドリュー・フィッツジェラルド,本多 純平,24,10
バンビシャス奈良,西 裕太郎,本多 純平,23,11
バンビシャス奈良,グレッグ・マンガーノ,西 裕太郎,21,12
バンビシャス奈良,井手 勇次,グレッグ・マンガーノ,21,13
バンビシャス奈良,横江 豊,西 裕太郎,18,14
バンビシャス奈良,松本 健児リオン,アンドリュー・フィッツジェラルド,16,15
バンビシャス奈良,グレッグ・マンガーノ,本多 純平,15,16
バンビシャス奈良,横江 豊,井手 勇次,15,17
バンビシャス奈良,横江 豊,松本 健児リオン,15,18
バンビシャス奈良,西 裕太郎,井手 勇次,15,19
バンビシャス奈良,グレッグ・マンガーノ,井手 勇次,13,20
バンビシャス奈良,西 裕太郎,種市 幸祐,13,21
バンビシャス奈良,本多 純平,西 裕太郎,13,22
バンビシャス奈良,西 裕太郎,横江 豊,12,23
バンビシャス奈良,アンドリュー・フィッツジェラルド,西 裕太郎,11,24
バンビシャス奈良,グレッグ・マンガーノ,横江 豊,11,25
バンビシャス奈良,アンドリュー・フィッツジェラルド,横江 豊,10,26
バンビシャス奈良,井手 勇次,西 裕太郎,10,27
バンビシャス奈良,本多 純平,グレッグ・マンガーノ,10,28
バンビシャス奈良,西 裕太郎,松本 健児リオン,9,29
バンビシャス奈良,井手 勇次,横江 豊,8,30
バンビシャス奈良,横江 豊,種市 幸祐,8,31
バンビシャス奈良,種市 幸祐,アンドリュー・フィッツジェラルド,8,32
バンビシャス奈良,種市 幸祐,グレッグ・マンガーノ,8,33
バンビシャス奈良,アンドリュー・フィッツジェラルド,松本 健児リオン,7,34
バンビシャス奈良,グレッグ・マンガーノ,種市 幸祐,7,35
バンビシャス奈良,グレッグ・マンガーノ,松本 健児リオン,7,36
バンビシャス奈良,松本 健児リオン,グレッグ・マンガーノ,7,37
バンビシャス奈良,井手 勇次,松本 健児リオン,6,38
バンビシャス奈良,松本 健児リオン,井手 勇次,6,39
バンビシャス奈良,本多 純平,横江 豊,6,40
バンビシャス奈良,アンドリュー・フィッツジェラルド,種市 幸祐,5,41
バンビシャス奈良,松本 健児リオン,西 裕太郎,5,42
バンビシャス奈良,松本 健児リオン,横江 豊,4,43
バンビシャス奈良,松本 健児リオン,本多 純平,4,44
バンビシャス奈良,本多 純平,井手 勇次,4,45
バンビシャス奈良,本多 純平,松本 健児リオン,4,46
バンビシャス奈良,アンドリュー・フィッツジェラルド,井手 勇次,3,47
バンビシャス奈良,井手 勇次,石塚 裕也,3,48
バンビシャス奈良,井手 勇次,本多 純平,3,49
バンビシャス奈良,種市 幸祐,松本 健児リオン,3,50
バンビシャス奈良,上原 壮大郎,アンドリュー・フィッツジェラルド,3,51
バンビシャス奈良,西 裕太郎,石塚 裕也,3,52
バンビシャス奈良,石塚 裕也,アンドリュー・フィッツジェラルド,3,53
バンビシャス奈良,本多 純平,石塚 裕也,3,54
バンビシャス奈良,アンドリュー・フィッツジェラルド,ジェイソン・カーター,2,55
バンビシャス奈良,ジェームズ・ファー,アンドリュー・フィッツジェラルド,2,56
バンビシャス奈良,井手 勇次,種市 幸祐,2,57
バンビシャス奈良,井手 勇次,船山 裕士,2,58
バンビシャス奈良,横江 豊,ジェイソン・カーター,2,59
バンビシャス奈良,上原 壮大郎,ジェームズ・ファー,2,60
バンビシャス奈良,上原 壮大郎,井手 勇次,2,61
バンビシャス奈良,上原 壮大郎,石塚 裕也,2,62
バンビシャス奈良,西 裕太郎,ジェームズ・ファー,2,63
バンビシャス奈良,石塚 裕也,種市 幸祐,2,64
バンビシャス奈良,本多 純平,ジェームズ・ファー,2,65
バンビシャス奈良,アンドリュー・フィッツジェラルド,船山 裕士,1,66
バンビシャス奈良,グレッグ・マンガーノ,石塚 裕也,1,67
バンビシャス奈良,ジェイソン・カーター,アンドリュー・フィッツジェラルド,1,68
バンビシャス奈良,ジェームズ・ファー,井手 勇次,1,69
バンビシャス奈良,ジェームズ・ファー,本多 純平,1,70
バンビシャス奈良,井手 勇次,玉井 健介,1,71
バンビシャス奈良,井手 勇次,上原 壮大郎,1,72
バンビシャス奈良,横江 豊,石塚 裕也,1,73
バンビシャス奈良,種市 幸祐,井手 勇次,1,74
バンビシャス奈良,種市 幸祐,西 裕太郎,1,75
バンビシャス奈良,松本 健児リオン,ジェイソン・カーター,1,76
バンビシャス奈良,松本 健児リオン,ジェームズ・ファー,1,77
バンビシャス奈良,松本 健児リオン,玉井 健介,1,78
バンビシャス奈良,松本 健児リオン,種市 幸祐,1,79
バンビシャス奈良,松本 健児リオン,上原 壮大郎,1,80
バンビシャス奈良,松本 健児リオン,石塚 裕也,1,81
バンビシャス奈良,上原 壮大郎,グレッグ・マンガーノ,1,82
バンビシャス奈良,上原 壮大郎,種市 幸祐,1,83
バンビシャス奈良,上原 壮大郎,松本 健児リオン,1,84
バンビシャス奈良,西 裕太郎,ジェイソン・カーター,1,85
バンビシャス奈良,西 裕太郎,船山 裕士,1,86
バンビシャス奈良,石塚 裕也,井手 勇次,1,87
バンビシャス奈良,石塚 裕也,横江 豊,1,88
バンビシャス奈良,石塚 裕也,松本 健児リオン,1,89
バンビシャス奈良,船山 裕士,玉井 健介,1,90
バンビシャス奈良,本多 純平,ジェイソン・カーター,1,91
バンビシャス奈良,本多 純平,種市 幸祐,1,92
ライジングゼファー福岡,ケビン・ピンキニー,デイビッド・ドブラス,36,1
ライジングゼファー福岡,村上 駿斗,城宝 匡史,22,2
ライジングゼファー福岡,デイビッド・ドブラス,ケビン・ピンキニー,20,3
ライジングゼファー福岡,石谷 聡,城宝 匡史,20,4
ライジングゼファー福岡,堤 啓士朗,ケビン・ピンキニー,20,5
ライジングゼファー福岡,ケビン・ピンキニー,ショーン・マーシャル,19,6
ライジングゼファー福岡,村上 駿斗,ケビン・ピンキニー,19,7
ライジングゼファー福岡,石谷 聡,ケビン・ピンキニー,18,8
ライジングゼファー福岡,城宝 匡史,ショーン・マーシャル,17,9
ライジングゼファー福岡,堤 啓士朗,ショーン・マーシャル,17,10
ライジングゼファー福岡,デイビッド・ドブラス,城宝 匡史,16,11
ライジングゼファー福岡,ニック・ウォッシュバーン,ショーン・マーシャル,16,12
ライジングゼファー福岡,堤 啓士朗,デイビッド・ドブラス,16,13
ライジングゼファー福岡,ショーン・マーシャル,ニック・ウォッシュバーン,15,14
ライジングゼファー福岡,城宝 匡史,デイビッド・ドブラス,15,15
ライジングゼファー福岡,石谷 聡,ショーン・マーシャル,15,16
ライジングゼファー福岡,村上 駿斗,デイビッド・ドブラス,15,17
ライジングゼファー福岡,村上 駿斗,薦田 拓也,15,18
ライジングゼファー福岡,ケビン・ピンキニー,城宝 匡史,14,19
ライジングゼファー福岡,村上 駿斗,ニック・ウォッシュバーン,14,20
ライジングゼファー福岡,村上 駿斗,加納 誠也,14,21
ライジングゼファー福岡,城宝 匡史,ケビン・ピンキニー,13,22
ライジングゼファー福岡,堤 啓士朗,城宝 匡史,13,23
ライジングゼファー福岡,城宝 匡史,加納 誠也,12,24
ライジングゼファー福岡,石谷 聡,デイビッド・ドブラス,12,25
ライジングゼファー福岡,石谷 聡,薦田 拓也,12,26
ライジングゼファー福岡,加納 誠也,ケビン・ピンキニー,11,27
ライジングゼファー福岡,加納 督大,ケビン・ピンキニー,11,28
ライジングゼファー福岡,加納 督大,デイビッド・ドブラス,11,29
ライジングゼファー福岡,石谷 聡,ニック・ウォッシュバーン,11,30
ライジングゼファー福岡,石谷 聡,加納 誠也,11,31
ライジングゼファー福岡,ケビン・ピンキニー,村上 駿斗,9,32
ライジングゼファー福岡,ショーン・マーシャル,城宝 匡史,9,33
ライジングゼファー福岡,ニック・ウォッシュバーン,村上 駿斗,9,34
ライジングゼファー福岡,城宝 匡史,青木 ブレイク,9,35
ライジングゼファー福岡,堤 啓士朗,青木 ブレイク,9,36
ライジングゼファー福岡,ケビン・ピンキニー,薦田 拓也,8,37
ライジングゼファー福岡,ショーン・マーシャル,石谷 聡,8,38
ライジングゼファー福岡,ショーン・マーシャル,薦田 拓也,8,39
ライジングゼファー福岡,加納 誠也,デイビッド・ドブラス,8,40
ライジングゼファー福岡,村上 駿斗,ショーン・マーシャル,8,41
ライジングゼファー福岡,村上 駿斗,青木 ブレイク,8,42
ライジングゼファー福岡,ショーン・マーシャル,加納 誠也,7,43
ライジングゼファー福岡,加納 誠也,城宝 匡史,7,44
ライジングゼファー福岡,加納 誠也,村上 駿斗,7,45
ライジングゼファー福岡,城宝 匡史,村上 駿斗,7,46
ライジングゼファー福岡,薦田 拓也,デイビッド・ドブラス,7,47
ライジングゼファー福岡,平良 彰吾,デイビッド・ドブラス,7,48
ライジングゼファー福岡,平良 彰吾,城宝 匡史,7,49
ライジングゼファー福岡,ケビン・ピンキニー,加納 誠也,6,50
ライジングゼファー福岡,ショーン・マーシャル,ケビン・ピンキニー,6,51
ライジングゼファー福岡,ショーン・マーシャル,村上 駿斗,6,52
ライジングゼファー福岡,青木 ブレイク,デイビッド・ドブラス,6,53
ライジングゼファー福岡,堤 啓士朗,加納 誠也,6,54
ライジングゼファー福岡,堤 啓士朗,村上 駿斗,6,55
ライジングゼファー福岡,デイビッド・ドブラス,ガニ・ラワル,5,56
ライジングゼファー福岡,ニック・ウォッシュバーン,薦田 拓也,5,57
ライジングゼファー福岡,加納 誠也,ニック・ウォッシュバーン,5,58
ライジングゼファー福岡,城宝 匡史,ニック・ウォッシュバーン,5,59
ライジングゼファー福岡,青木 ブレイク,ケビン・ピンキニー,5,60
ライジングゼファー福岡,石谷 聡,村上 駿斗,5,61
ライジングゼファー福岡,堤 啓士朗,ニック・ウォッシュバーン,5,62
ライジングゼファー福岡,堤 啓士朗,薦田 拓也,5,63
ライジングゼファー福岡,ケビン・ピンキニー,加納 督大,4,64
ライジングゼファー福岡,ショーン・マーシャル,加納 督大,4,65
ライジングゼファー福岡,ショーン・マーシャル,青木 ブレイク,4,66
ライジングゼファー福岡,デイビッド・ドブラス,加納 誠也,4,67
ライジングゼファー福岡,デイビッド・ドブラス,石谷 聡,4,68
ライジングゼファー福岡,デイビッド・ドブラス,薦田 拓也,4,69
ライジングゼファー福岡,加納 誠也,ショーン・マーシャル,4,70
ライジングゼファー福岡,荒川 颯,デイビッド・ドブラス,4,71
ライジングゼファー福岡,荒川 颯,城宝 匡史,4,72
ライジングゼファー福岡,城宝 匡史,加納 督大,4,73
ライジングゼファー福岡,城宝 匡史,石谷 聡,4,74
ライジングゼファー福岡,青木 ブレイク,ショーン・マーシャル,4,75
ライジングゼファー福岡,青木 ブレイク,加納 誠也,4,76
ライジングゼファー福岡,石谷 聡,加納 督大,4,77
ライジングゼファー福岡,石谷 聡,青木 ブレイク,4,78
ライジングゼファー福岡,薦田 拓也,ケビン・ピンキニー,4,79
ライジングゼファー福岡,薦田 拓也,加納 督大,4,80
ライジングゼファー福岡,薦田 拓也,城宝 匡史,4,81
ライジングゼファー福岡,薦田 拓也,村上 駿斗,4,82
ライジングゼファー福岡,村上 駿斗,石谷 聡,4,83
ライジングゼファー福岡,ケビン・ピンキニー,青木 ブレイク,3,84
ライジングゼファー福岡,ケビン・ピンキニー,石谷 聡,3,85
ライジングゼファー福岡,デイビッド・ドブラス,加納 督大,3,86
ライジングゼファー福岡,デイビッド・ドブラス,村上 駿斗,3,87
ライジングゼファー福岡,ニック・ウォッシュバーン,ケビン・ピンキニー,3,88
ライジングゼファー福岡,ニック・ウォッシュバーン,加納 誠也,3,89
ライジングゼファー福岡,ニック・ウォッシュバーン,城宝 匡史,3,90
ライジングゼファー福岡,ニック・ウォッシュバーン,石谷 聡,3,91
ライジングゼファー福岡,加納 督大,ニック・ウォッシュバーン,3,92
ライジングゼファー福岡,加納 督大,加納 誠也,3,93
ライジングゼファー福岡,加納 督大,城宝 匡史,3,94
ライジングゼファー福岡,加納 督大,石谷 聡,3,95
ライジングゼファー福岡,荒川 颯,青木 ブレイク,3,96
ライジングゼファー福岡,城宝 匡史,薦田 拓也,3,97
ライジングゼファー福岡,城宝 匡史,平良 彰吾,3,98
ライジングゼファー福岡,新城 真司,デイビッド・ドブラス,3,99
ライジングゼファー福岡,青木 ブレイク,ニック・ウォッシュバーン,3,100
ライジングゼファー福岡,青木 ブレイク,城宝 匡史,3,101
ライジングゼファー福岡,青木 ブレイク,薦田 拓也,3,102
ライジングゼファー福岡,青木 ブレイク,村上 駿斗,3,103
ライジングゼファー福岡,薦田 拓也,石谷 聡,3,104
ライジングゼファー福岡,村上 駿斗,堤 啓士朗,3,105
ライジングゼファー福岡,堤 啓士朗,加納 督大,3,106
ライジングゼファー福岡,ニック・ウォッシュバーン,青木 ブレイク,2,107
ライジングゼファー福岡,加納 誠也,加納 督大,2,108
ライジングゼファー福岡,加納 誠也,青木 ブレイク,2,109
ライジングゼファー福岡,加納 誠也,石谷 聡,2,110
ライジングゼファー福岡,加納 督大,ショーン・マーシャル,2,111
ライジングゼファー福岡,加納 督大,薦田 拓也,2,112
ライジングゼファー福岡,権藤 和也,村上 駿斗,2,113
ライジングゼファー福岡,荒川 颯,ガニ・ラワル,2,114
ライジングゼファー福岡,荒川 颯,村上 駿斗,2,115
ライジングゼファー福岡,今川 友哲,デイビッド・ドブラス,2,116
ライジングゼファー福岡,城宝 匡史,荒川 颯,2,117
ライジングゼファー福岡,新城 真司,加納 誠也,2,118
ライジングゼファー福岡,薦田 拓也,ショーン・マーシャル,2,119
ライジングゼファー福岡,村上 駿斗,ガニ・ラワル,2,120
ライジングゼファー福岡,村上 駿斗,加納 督大,2,121
ライジングゼファー福岡,村上 駿斗,権藤 和也,2,122
ライジングゼファー福岡,堤 啓士朗,ガニ・ラワル,2,123
ライジングゼファー福岡,平良 彰吾,加納 誠也,2,124
ライジングゼファー福岡,鈴木 龍雄,村上 駿斗,2,125
ライジングゼファー福岡,ガニ・ラワル,デイビッド・ドブラス,1,126
ライジングゼファー福岡,ガニ・ラワル,堤 啓士朗,1,127
ライジングゼファー福岡,ケビン・ピンキニー,ニック・ウォッシュバーン,1,128
ライジングゼファー福岡,ケビン・ピンキニー,荒川 颯,1,129
ライジングゼファー福岡,ショーン・マーシャル,堤 啓士朗,1,130
ライジングゼファー福岡,デイビッド・ドブラス,今川 友哲,1,131
ライジングゼファー福岡,デイビッド・ドブラス,新城 真司,1,132
ライジングゼファー福岡,デイビッド・ドブラス,青木 ブレイク,1,133
ライジングゼファー福岡,デイビッド・ドブラス,堤 啓士朗,1,134
ライジングゼファー福岡,デイビッド・ドブラス,平良 彰吾,1,135
ライジングゼファー福岡,ニック・ウォッシュバーン,堤 啓士朗,1,136
ライジングゼファー福岡,加納 誠也,薦田 拓也,1,137
ライジングゼファー福岡,加納 督大,堤 啓士朗,1,138
ライジングゼファー福岡,権藤 和也,デイビッド・ドブラス,1,139
ライジングゼファー福岡,権藤 和也,加納 督大,1,140
ライジングゼファー福岡,権藤 和也,城宝 匡史,1,141
ライジングゼファー福岡,荒川 颯,加納 誠也,1,142
ライジングゼファー福岡,荒川 颯,今川 友哲,1,143
ライジングゼファー福岡,荒川 颯,薦田 拓也,1,144
ライジングゼファー福岡,今川 友哲,城宝 匡史,1,145
ライジングゼファー福岡,今川 友哲,青木 ブレイク,1,146
ライジングゼファー福岡,今川 友哲,薦田 拓也,1,147
ライジングゼファー福岡,城宝 匡史,ガニ・ラワル,1,148
ライジングゼファー福岡,城宝 匡史,権藤 和也,1,149
ライジングゼファー福岡,城宝 匡史,今川 友哲,1,150
ライジングゼファー福岡,新城 真司,ケビン・ピンキニー,1,151
ライジングゼファー福岡,新城 真司,青木 ブレイク,1,152
ライジングゼファー福岡,新城 真司,村上 駿斗,1,153
ライジングゼファー福岡,青木 ブレイク,新城 真司,1,154
ライジングゼファー福岡,青木 ブレイク,鈴木 龍雄,1,155
ライジングゼファー福岡,石谷 聡,荒川 颯,1,156
ライジングゼファー福岡,薦田 拓也,青木 ブレイク,1,157
ライジングゼファー福岡,薦田 拓也,平良 彰吾,1,158
ライジングゼファー福岡,村上 駿斗,荒川 颯,1,159
ライジングゼファー福岡,村上 駿斗,新城 真司,1,160
ライジングゼファー福岡,村上 駿斗,平良 彰吾,1,161
ライジングゼファー福岡,堤 啓士朗,荒川 颯,1,162
ライジングゼファー福岡,堤 啓士朗,今川 友哲,1,163
ライジングゼファー福岡,堤 啓士朗,新城 真司,1,164
ライジングゼファー福岡,平良 彰吾,ケビン・ピンキニー,1,165
ライジングゼファー福岡,平良 彰吾,青木 ブレイク,1,166
ライジングゼファー福岡,平良 彰吾,村上 駿斗,1,167
ライジングゼファー福岡,鈴木 龍雄,新城 真司,1,168
愛媛オレンジバイキングス,ブライアン・ヴォールケル,チェハーレス・タプスコット,89,1
愛媛オレンジバイキングス,俊野 達彦,チェハーレス・タプスコット,43,2
愛媛オレンジバイキングス,チェハーレス・タプスコット,伊集 貴也,31,3
愛媛オレンジバイキングス,チェハーレス・タプスコット,高畠 佳介,31,4
愛媛オレンジバイキングス,笠原 太志,チェハーレス・タプスコット,31,5
愛媛オレンジバイキングス,チェハーレス・タプスコット,俊野 達彦,28,6
愛媛オレンジバイキングス,ブライアン・ヴォールケル,笠原 太志,28,7
愛媛オレンジバイキングス,クリス・ブレディ,チェハーレス・タプスコット,27,8
愛媛オレンジバイキングス,チェハーレス・タプスコット,クリス・ブレディ,24,9
愛媛オレンジバイキングス,ブライアン・ヴォールケル,俊野 佳彦,23,10
愛媛オレンジバイキングス,チェハーレス・タプスコット,笠原 太志,22,11
愛媛オレンジバイキングス,チェハーレス・タプスコット,楯 昌宗,21,12
愛媛オレンジバイキングス,チェハーレス・タプスコット,ブライアン・ヴォールケル,20,13
愛媛オレンジバイキングス,俊野 達彦,高畠 佳介,20,14
愛媛オレンジバイキングス,伊集 貴也,チェハーレス・タプスコット,19,15
愛媛オレンジバイキングス,チェハーレス・タプスコット,俊野 佳彦,18,16
愛媛オレンジバイキングス,ブライアン・ヴォールケル,俊野 達彦,17,17
愛媛オレンジバイキングス,高畠 佳介,チェハーレス・タプスコット,16,18
愛媛オレンジバイキングス,俊野 佳彦,チェハーレス・タプスコット,15,19
愛媛オレンジバイキングス,笠原 太志,クリス・ブレディ,14,20
愛媛オレンジバイキングス,俊野 達彦,クリス・ブレディ,14,21
愛媛オレンジバイキングス,ブライアン・ヴォールケル,高畠 佳介,13,22
愛媛オレンジバイキングス,俊野 達彦,笠原 太志,13,23
愛媛オレンジバイキングス,笠原 太志,高畠 佳介,12,24
愛媛オレンジバイキングス,高畠 佳介,伊集 貴也,12,25
愛媛オレンジバイキングス,ブライアン・ヴォールケル,伊集 貴也,11,26
愛媛オレンジバイキングス,伊集 貴也,クリス・ブレディ,11,27
愛媛オレンジバイキングス,伊集 貴也,笠原 太志,11,28
愛媛オレンジバイキングス,俊野 達彦,伊集 貴也,11,29
愛媛オレンジバイキングス,俊野 達彦,俊野 佳彦,11,30
愛媛オレンジバイキングス,俊野 達彦,楯 昌宗,11,31
愛媛オレンジバイキングス,クリス・ブレディ,俊野 達彦,10,32
愛媛オレンジバイキングス,笠原 太志,伊集 貴也,10,33
愛媛オレンジバイキングス,笠原 太志,俊野 達彦,10,34
愛媛オレンジバイキングス,俊野 達彦,ブライアン・ヴォールケル,9,35
愛媛オレンジバイキングス,楯 昌宗,チェハーレス・タプスコット,9,36
愛媛オレンジバイキングス,クリス・ブレディ,伊集 貴也,8,37
愛媛オレンジバイキングス,クリス・ブレディ,笠原 太志,8,38
愛媛オレンジバイキングス,伊集 貴也,高畠 佳介,8,39
愛媛オレンジバイキングス,笠原 太志,楯 昌宗,8,40
愛媛オレンジバイキングス,クリス・ブレディ,楯 昌宗,7,41
愛媛オレンジバイキングス,伊集 貴也,俊野 達彦,7,42
愛媛オレンジバイキングス,笠原 太志,ブライアン・ヴォールケル,7,43
愛媛オレンジバイキングス,高畠 佳介,クリス・ブレディ,7,44
愛媛オレンジバイキングス,高畠 佳介,笠原 太志,7,45
愛媛オレンジバイキングス,クリス・ブレディ,高畠 佳介,6,46
愛媛オレンジバイキングス,伊集 貴也,俊野 佳彦,5,47
愛媛オレンジバイキングス,俊野 佳彦,ブライアン・ヴォールケル,5,48
愛媛オレンジバイキングス,俊野 佳彦,伊集 貴也,5,49
愛媛オレンジバイキングス,ブライアン・ヴォールケル,楯 昌宗,4,50
愛媛オレンジバイキングス,楯 昌宗,ブライアン・ヴォールケル,4,51
愛媛オレンジバイキングス,ブライアン・ヴォールケル,速井 寛太,3,52
愛媛オレンジバイキングス,伊集 貴也,楯 昌宗,3,53
愛媛オレンジバイキングス,笠原 太志,俊野 佳彦,3,54
愛媛オレンジバイキングス,高畠 佳介,ブライアン・ヴォールケル,3,55
愛媛オレンジバイキングス,高畠 佳介,俊野 達彦,3,56
愛媛オレンジバイキングス,俊野 佳彦,笠原 太志,3,57
愛媛オレンジバイキングス,俊野 佳彦,高畠 佳介,3,58
愛媛オレンジバイキングス,俊野 達彦,速井 寛太,3,59
愛媛オレンジバイキングス,楯 昌宗,クリス・ブレディ,3,60
愛媛オレンジバイキングス,チェハーレス・タプスコット,プイ エリマン,2,61
愛媛オレンジバイキングス,プイ エリマン,高畠 佳介,2,62
愛媛オレンジバイキングス,伊集 貴也,速井 寛太,2,63
愛媛オレンジバイキングス,高畠 佳介,俊野 佳彦,2,64
愛媛オレンジバイキングス,高畠 佳介,松井 陸,2,65
愛媛オレンジバイキングス,俊野 佳彦,俊野 達彦,2,66
愛媛オレンジバイキングス,楯 昌宗,松井 陸,2,67
愛媛オレンジバイキングス,松井 陸,ブライアン・ヴォールケル,2,68
愛媛オレンジバイキングス,松井 陸,楯 昌宗,2,69
愛媛オレンジバイキングス,クリス・ブレディ,俊野 佳彦,1,70
愛媛オレンジバイキングス,クリス・ブレディ,速井 寛太,1,71
愛媛オレンジバイキングス,チェハーレス・タプスコット,速井 寛太,1,72
愛媛オレンジバイキングス,プイ エリマン,チェハーレス・タプスコット,1,73
愛媛オレンジバイキングス,プイ エリマン,俊野 佳彦,1,74
愛媛オレンジバイキングス,プイ エリマン,俊野 達彦,1,75
愛媛オレンジバイキングス,伊集 貴也,ブライアン・ヴォールケル,1,76
愛媛オレンジバイキングス,笠原 太志,プイ エリマン,1,77
愛媛オレンジバイキングス,高畠 佳介,楯 昌宗,1,78
愛媛オレンジバイキングス,高畠 佳介,速井 寛太,1,79
愛媛オレンジバイキングス,俊野 佳彦,クリス・ブレディ,1,80
愛媛オレンジバイキングス,俊野 佳彦,楯 昌宗,1,81
愛媛オレンジバイキングス,俊野 達彦,松井 陸,1,82
愛媛オレンジバイキングス,楯 昌宗,プイ エリマン,1,83
愛媛オレンジバイキングス,楯 昌宗,伊集 貴也,1,84
愛媛オレンジバイキングス,楯 昌宗,高畠 佳介,1,85
愛媛オレンジバイキングス,松井 陸,伊集 貴也,1,86
愛媛オレンジバイキングス,松井 陸,高畠 佳介,1,87
愛媛オレンジバイキングス,松井 陸,速井 寛太,1,88
愛媛オレンジバイキングス,速井 寛太,伊集 貴也,1,89
茨城ロボッツ,平尾 充庸,眞庭 城聖,37,1
茨城ロボッツ,眞庭 城聖,アレクサンダー・ジョーンズ,34,2
茨城ロボッツ,眞庭 城聖,ダニエル・オチェフ,33,3
茨城ロボッツ,平尾 充庸,ダニエル・オチェフ,31,4
茨城ロボッツ,平尾 充庸,福澤 晃平,28,5
茨城ロボッツ,眞庭 城聖,平尾 充庸,25,6
茨城ロボッツ,ダニエル・オチェフ,福澤 晃平,24,7
茨城ロボッツ,ダニエル・オチェフ,小林 大祐,23,8
茨城ロボッツ,平尾 充庸,アレクサンダー・ジョーンズ,23,9
茨城ロボッツ,眞庭 城聖,小林 大祐,23,10
茨城ロボッツ,眞庭 城聖,福澤 晃平,23,11
茨城ロボッツ,ダニエル・オチェフ,アレクサンダー・ジョーンズ,21,12
茨城ロボッツ,平尾 充庸,小林 大祐,21,13
茨城ロボッツ,髙橋 祐二,アレクサンダー・ジョーンズ,19,14
茨城ロボッツ,髙橋 祐二,福澤 晃平,19,15
茨城ロボッツ,ダニエル・オチェフ,眞庭 城聖,17,16
茨城ロボッツ,ダニエル・オチェフ,平尾 充庸,16,17
茨城ロボッツ,小林 大祐,ダニエル・オチェフ,16,18
茨城ロボッツ,髙橋 祐二,眞庭 城聖,16,19
茨城ロボッツ,アレクサンダー・ジョーンズ,眞庭 城聖,15,20
茨城ロボッツ,福澤 晃平,アレクサンダー・ジョーンズ,14,21
茨城ロボッツ,小林 大祐,眞庭 城聖,13,22
茨城ロボッツ,福澤 晃平,眞庭 城聖,13,23
茨城ロボッツ,平尾 充庸,ウィル・クリークモア,13,24
茨城ロボッツ,福澤 晃平,ダニエル・オチェフ,12,25
茨城ロボッツ,眞庭 城聖,ジャーラ 志多斗,12,26
茨城ロボッツ,アレクサンダー・ジョーンズ,ダニエル・オチェフ,11,27
茨城ロボッツ,小林 大祐,福澤 晃平,10,28
茨城ロボッツ,二ノ宮 康平,ダニエル・オチェフ,10,29
茨城ロボッツ,ダニエル・オチェフ,ニコラス・カナー メドリー,9,30
茨城ロボッツ,鶴巻 啓太,福澤 晃平,9,31
茨城ロボッツ,髙橋 祐二,ダニエル・オチェフ,9,32
茨城ロボッツ,アレクサンダー・ジョーンズ,小林 大祐,8,33
茨城ロボッツ,福澤 晃平,小林 大祐,8,34
茨城ロボッツ,眞庭 城聖,ウィル・クリークモア,8,35
茨城ロボッツ,眞庭 城聖,髙橋 祐二,8,36
茨城ロボッツ,アレクサンダー・ジョーンズ,鶴巻 啓太,7,37
茨城ロボッツ,小林 大祐,アレクサンダー・ジョーンズ,7,38
茨城ロボッツ,福澤 晃平,ニコラス・カナー メドリー,7,39
茨城ロボッツ,眞庭 城聖,鶴巻 啓太,7,40
茨城ロボッツ,髙橋 祐二,ジャーラ 志多斗,7,41
茨城ロボッツ,髙橋 祐二,小林 大祐,7,42
茨城ロボッツ,アレクサンダー・ジョーンズ,福澤 晃平,6,43
茨城ロボッツ,ウィル・クリークモア,平尾 充庸,6,44
茨城ロボッツ,ジャーラ 志多斗,福澤 晃平,6,45
茨城ロボッツ,ダニエル・オチェフ,髙橋 祐二,6,46
茨城ロボッツ,小林 大祐,平尾 充庸,6,47
茨城ロボッツ,鶴巻 啓太,眞庭 城聖,6,48
茨城ロボッツ,二ノ宮 康平,ニコラス・カナー メドリー,6,49
茨城ロボッツ,福澤 晃平,鶴巻 啓太,6,50
茨城ロボッツ,平尾 充庸,鶴巻 啓太,6,51
茨城ロボッツ,髙橋 祐二,鶴巻 啓太,6,52
茨城ロボッツ,アレクサンダー・ジョーンズ,平尾 充庸,5,53
茨城ロボッツ,ウィル・クリークモア,眞庭 城聖,5,54
茨城ロボッツ,久保田 遼,鶴巻 啓太,5,55
茨城ロボッツ,小林 大祐,ウィル・クリークモア,5,56
茨城ロボッツ,鶴巻 啓太,アレクサンダー・ジョーンズ,5,57
茨城ロボッツ,二ノ宮 康平,福澤 晃平,5,58
茨城ロボッツ,福澤 晃平,ウィル・クリークモア,5,59
茨城ロボッツ,平尾 充庸,ニコラス・カナー メドリー,5,60
茨城ロボッツ,髙橋 祐二,ウィル・クリークモア,5,61
茨城ロボッツ,ウィル・クリークモア,アレクサンダー・ジョーンズ,4,62
茨城ロボッツ,ニコラス・カナー メドリー,福澤 晃平,4,63
茨城ロボッツ,ニコラス・カナー メドリー,眞庭 城聖,4,64
茨城ロボッツ,小林 大祐,ジャーラ 志多斗,4,65
茨城ロボッツ,鶴巻 啓太,髙橋 祐二,4,66
茨城ロボッツ,二ノ宮 康平,ウィル・クリークモア,4,67
茨城ロボッツ,福澤 晃平,ジャーラ 志多斗,4,68
茨城ロボッツ,眞庭 城聖,ニコラス・カナー メドリー,4,69
茨城ロボッツ,眞庭 城聖,二ノ宮 康平,4,70
茨城ロボッツ,髙橋 祐二,ニコラス・カナー メドリー,4,71
茨城ロボッツ,髙橋 祐二,久保田 遼,4,72
茨城ロボッツ,ウィル・クリークモア,ニコラス・カナー メドリー,3,73
茨城ロボッツ,ウィル・クリークモア,福澤 晃平,3,74
茨城ロボッツ,ジャーラ 志多斗,小林 大祐,3,75
茨城ロボッツ,ダニエル・オチェフ,ウィル・クリークモア,3,76
茨城ロボッツ,ダニエル・オチェフ,鶴巻 啓太,3,77
茨城ロボッツ,ニコラス・カナー メドリー,ジャーラ 志多斗,3,78
茨城ロボッツ,ニコラス・カナー メドリー,ダニエル・オチェフ,3,79
茨城ロボッツ,ニコラス・カナー メドリー,二ノ宮 康平,3,80
茨城ロボッツ,平尾 充庸,ジャーラ 志多斗,3,81
茨城ロボッツ,平尾 充庸,友利 健哉,3,82
茨城ロボッツ,友利 健哉,眞庭 城聖,3,83
茨城ロボッツ,ウィル・クリークモア,ダニエル・オチェフ,2,84
茨城ロボッツ,ウィル・クリークモア,二ノ宮 康平,2,85
茨城ロボッツ,ジャーラ 志多斗,鶴巻 啓太,2,86
茨城ロボッツ,ジャーラ 志多斗,平尾 充庸,2,87
茨城ロボッツ,ニコラス・カナー メドリー,ウィル・クリークモア,2,88
茨城ロボッツ,ニコラス・カナー メドリー,小林 大祐,2,89
茨城ロボッツ,ニコラス・カナー メドリー,平尾 充庸,2,90
茨城ロボッツ,ニコラス・カナー メドリー,髙橋 祐二,2,91
茨城ロボッツ,久保田 遼,ジャーラ 志多斗,2,92
茨城ロボッツ,小林 大祐,髙橋 祐二,2,93
茨城ロボッツ,鶴巻 啓太,久保田 遼,2,94
茨城ロボッツ,鶴巻 啓太,小林 大祐,2,95
茨城ロボッツ,二ノ宮 康平,小林 大祐,2,96
茨城ロボッツ,二ノ宮 康平,平尾 充庸,2,97
茨城ロボッツ,二ノ宮 康平,眞庭 城聖,2,98
茨城ロボッツ,福澤 晃平,平尾 充庸,2,99
茨城ロボッツ,福澤 晃平,友利 健哉,2,100
茨城ロボッツ,福澤 晃平,髙橋 祐二,2,101
茨城ロボッツ,眞庭 城聖,友利 健哉,2,102
茨城ロボッツ,髙橋 祐二,二ノ宮 康平,2,103
茨城ロボッツ,アレクサンダー・ジョーンズ,ウィル・クリークモア,1,104
茨城ロボッツ,アレクサンダー・ジョーンズ,二ノ宮 康平,1,105
茨城ロボッツ,ウィル・クリークモア,鶴巻 啓太,1,106
茨城ロボッツ,ジャーラ 志多斗,ウィル・クリークモア,1,107
茨城ロボッツ,ジャーラ 志多斗,ニコラス・カナー メドリー,1,108
茨城ロボッツ,ダニエル・オチェフ,ジャーラ 志多斗,1,109
茨城ロボッツ,ダニエル・オチェフ,久保田 遼,1,110
茨城ロボッツ,ダニエル・オチェフ,二ノ宮 康平,1,111
茨城ロボッツ,ニコラス・カナー メドリー,アレクサンダー・ジョーンズ,1,112
茨城ロボッツ,ニコラス・カナー メドリー,友利 健哉,1,113
茨城ロボッツ,鎌田 真,久保田 遼,1,114
茨城ロボッツ,久保田 遼,鎌田 真,1,115
茨城ロボッツ,久保田 遼,平尾 充庸,1,116
茨城ロボッツ,久保田 遼,眞庭 城聖,1,117
茨城ロボッツ,久保田 遼,髙橋 祐二,1,118
茨城ロボッツ,小林 大祐,ニコラス・カナー メドリー,1,119
茨城ロボッツ,小林 大祐,久保田 遼,1,120
茨城ロボッツ,小林 大祐,鶴巻 啓太,1,121
茨城ロボッツ,鶴巻 啓太,ウィル・クリークモア,1,122
茨城ロボッツ,鶴巻 啓太,ダニエル・オチェフ,1,123
茨城ロボッツ,鶴巻 啓太,平尾 充庸,1,124
茨城ロボッツ,鶴巻 啓太,友利 健哉,1,125
茨城ロボッツ,二ノ宮 康平,ジャーラ 志多斗,1,126
茨城ロボッツ,平尾 充庸,久保田 遼,1,127
茨城ロボッツ,平尾 充庸,二ノ宮 康平,1,128
茨城ロボッツ,平尾 充庸,髙橋 祐二,1,129
茨城ロボッツ,友利 健哉,ジャーラ 志多斗,1,130
茨城ロボッツ,友利 健哉,ダニエル・オチェフ,1,131
茨城ロボッツ,友利 健哉,鎌田 真,1,132
茨城ロボッツ,友利 健哉,小林 大祐,1,133
茨城ロボッツ,友利 健哉,鶴巻 啓太,1,134
茨城ロボッツ,友利 健哉,福澤 晃平,1,135
茨城ロボッツ,友利 健哉,平尾 充庸,1,136
茨城ロボッツ,髙橋 祐二,友利 健哉,1,137
越谷アルファーズ,鳴海 亮,チャールズ・ヒンクル,35,1
越谷アルファーズ,飯田 鴻朗,小林 礼秧,31,2
越谷アルファーズ,飯田 鴻朗,チャールズ・ヒンクル,26,3
越谷アルファーズ,鳴海 亮,落合 知也,20,4
越谷アルファーズ,落合 知也,チャールズ・ヒンクル,20,5
越谷アルファーズ,長谷川 武,チャールズ・ヒンクル,19,6
越谷アルファーズ,アンドリュー・ネイミック,チャールズ・ヒンクル,18,7
越谷アルファーズ,チャールズ・ヒンクル,落合 知也,18,8
越谷アルファーズ,チャールズ・ヒンクル,鳴海 亮,16,9
越谷アルファーズ,チャールズ・ヒンクル,アンドリュー・ネイミック,14,10
越谷アルファーズ,長谷川 武,落合 知也,14,11
越谷アルファーズ,飯田 鴻朗,落合 知也,14,12
越谷アルファーズ,チャールズ・ヒンクル,アレクサンダー・ジョーンズ,12,13
越谷アルファーズ,酒井 達也,小林 礼秧,12,14
越谷アルファーズ,鳴海 亮,横塚 蛍,12,15
越谷アルファーズ,落合 知也,鳴海 亮,12,16
越谷アルファーズ,チャールズ・ヒンクル,ダニエル・オルトン,11,17
越谷アルファーズ,チャールズ・ヒンクル,小林 礼秧,11,18
越谷アルファーズ,田村 晋,チャールズ・ヒンクル,10,19
越谷アルファーズ,飯田 鴻朗,田村 晋,10,20
越谷アルファーズ,鳴海 亮,アレクサンダー・ジョーンズ,10,21
越谷アルファーズ,落合 知也,アンドリュー・ネイミック,10,22
越谷アルファーズ,鮫島 宗一郎,チャールズ・ヒンクル,9,23
越谷アルファーズ,飯田 鴻朗,長谷川 武,9,24
越谷アルファーズ,アーサー・スティーブンソン,チャールズ・ヒンクル,8,25
越谷アルファーズ,チャールズ・ヒンクル,長谷川 武,8,26
越谷アルファーズ,長谷川 武,アーサー・スティーブンソン,8,27
越谷アルファーズ,長谷川 武,アレクサンダー・ジョーンズ,8,28
越谷アルファーズ,長谷川 武,ダニエル・オルトン,8,29
越谷アルファーズ,飯田 鴻朗,アーサー・スティーブンソン,8,30
越谷アルファーズ,鳴海 亮,アーサー・スティーブンソン,8,31
越谷アルファーズ,落合 知也,アーサー・スティーブンソン,8,32
越谷アルファーズ,落合 知也,小林 礼秧,8,33
越谷アルファーズ,落合 知也,飯田 鴻朗,8,34
越谷アルファーズ,アンドリュー・ネイミック,鳴海 亮,7,35
越谷アルファーズ,チャールズ・ヒンクル,アーサー・スティーブンソン,7,36
越谷アルファーズ,チャールズ・ヒンクル,横塚 蛍,7,37
越谷アルファーズ,チャールズ・ヒンクル,鮫島 宗一郎,7,38
越谷アルファーズ,チャールズ・ヒンクル,酒井 達也,7,39
越谷アルファーズ,チャールズ・ヒンクル,飯田 鴻朗,7,40
越谷アルファーズ,鮫島 宗一郎,ダニエル・オルトン,7,41
越谷アルファーズ,酒井 達也,チャールズ・ヒンクル,7,42
越谷アルファーズ,小林 礼秧,チャールズ・ヒンクル,7,43
越谷アルファーズ,長谷川 武,小林 礼秧,7,44
越谷アルファーズ,長谷川 武,鳴海 亮,7,45
越谷アルファーズ,飯田 鴻朗,鳴海 亮,7,46
越谷アルファーズ,鳴海 亮,鮫島 宗一郎,7,47
越谷アルファーズ,鳴海 亮,小林 礼秧,7,48
越谷アルファーズ,落合 知也,鮫島 宗一郎,7,49
越谷アルファーズ,アンドリュー・ネイミック,横塚 蛍,6,50
越谷アルファーズ,ジャワッド・ウィリアムズ,鳴海 亮,6,51
越谷アルファーズ,横塚 蛍,チャールズ・ヒンクル,6,52
越谷アルファーズ,長谷川 武,横塚 蛍,6,53
越谷アルファーズ,長谷川 武,田村 晋,6,54
越谷アルファーズ,長谷川 武,飯田 鴻朗,6,55
越谷アルファーズ,飯田 鴻朗,アンドリュー・ネイミック,6,56
越谷アルファーズ,鳴海 亮,ダニエル・オルトン,6,57
越谷アルファーズ,鳴海 亮,長谷川 武,6,58
越谷アルファーズ,アレクサンダー・ジョーンズ,チャールズ・ヒンクル,5,59
越谷アルファーズ,アンドリュー・ネイミック,落合 知也,5,60
越谷アルファーズ,ダニエル・オルトン,チャールズ・ヒンクル,5,61
越谷アルファーズ,チャールズ・ヒンクル,田村 晋,5,62
越谷アルファーズ,鮫島 宗一郎,アレクサンダー・ジョーンズ,5,63
越谷アルファーズ,酒井 達也,アーサー・スティーブンソン,5,64
越谷アルファーズ,酒井 達也,田村 晋,5,65
越谷アルファーズ,酒井 達也,落合 知也,5,66
越谷アルファーズ,小林 礼秧,アンドリュー・ネイミック,5,67
越谷アルファーズ,落合 知也,ジャワッド・ウィリアムズ,5,68
越谷アルファーズ,落合 知也,横塚 蛍,5,69
越谷アルファーズ,アーサー・スティーブンソン,酒井 達也,4,70
越谷アルファーズ,アーサー・スティーブンソン,落合 知也,4,71
越谷アルファーズ,アンドリュー・ネイミック,小林 礼秧,4,72
越谷アルファーズ,ダニエル・オルトン,アンドリュー・ネイミック,4,73
越谷アルファーズ,ダニエル・オルトン,飯田 鴻朗,4,74
越谷アルファーズ,横塚 蛍,落合 知也,4,75
越谷アルファーズ,鮫島 宗一郎,小林 礼秧,4,76
越谷アルファーズ,酒井 達也,アンドリュー・ネイミック,4,77
越谷アルファーズ,田村 晋,アンドリュー・ネイミック,4,78
越谷アルファーズ,田村 晋,横塚 蛍,4,79
越谷アルファーズ,田村 晋,鮫島 宗一郎,4,80
越谷アルファーズ,田村 晋,落合 知也,4,81
越谷アルファーズ,飯田 鴻朗,アレクサンダー・ジョーンズ,4,82
越谷アルファーズ,飯田 鴻朗,横塚 蛍,4,83
越谷アルファーズ,アーサー・スティーブンソン,小林 礼秧,3,84
越谷アルファーズ,アレクサンダー・ジョーンズ,長谷川 武,3,85
越谷アルファーズ,アレクサンダー・ジョーンズ,鳴海 亮,3,86
越谷アルファーズ,ダニエル・オルトン,鮫島 宗一郎,3,87
越谷アルファーズ,ダニエル・オルトン,田村 晋,3,88
越谷アルファーズ,横塚 蛍,アーサー・スティーブンソン,3,89
越谷アルファーズ,横塚 蛍,鳴海 亮,3,90
越谷アルファーズ,鮫島 宗一郎,落合 知也,3,91
越谷アルファーズ,酒井 達也,アレクサンダー・ジョーンズ,3,92
越谷アルファーズ,酒井 達也,鮫島 宗一郎,3,93
越谷アルファーズ,酒井 達也,飯田 鴻朗,3,94
越谷アルファーズ,長谷川 武,酒井 達也,3,95
越谷アルファーズ,飯田 鴻朗,ダニエル・オルトン,3,96
越谷アルファーズ,飯田 鴻朗,鮫島 宗一郎,3,97
越谷アルファーズ,鳴海 亮,アンドリュー・ネイミック,3,98
越谷アルファーズ,鳴海 亮,ジャワッド・ウィリアムズ,3,99
越谷アルファーズ,鳴海 亮,田村 晋,3,100
越谷アルファーズ,アーサー・スティーブンソン,長谷川 武,2,101
越谷アルファーズ,アーサー・スティーブンソン,田村 晋,2,102
越谷アルファーズ,アーサー・スティーブンソン,飯田 鴻朗,2,103
越谷アルファーズ,アンドリュー・ネイミック,鮫島 宗一郎,2,104
越谷アルファーズ,アンドリュー・ネイミック,田村 晋,2,105
越谷アルファーズ,ジャワッド・ウィリアムズ,長谷川 武,2,106
越谷アルファーズ,ジャワッド・ウィリアムズ,田村 晋,2,107
越谷アルファーズ,ダニエル・オルトン,小林 礼秧,2,108
越谷アルファーズ,ダニエル・オルトン,長谷川 武,2,109
越谷アルファーズ,ダニエル・オルトン,鳴海 亮,2,110
越谷アルファーズ,横塚 蛍,アンドリュー・ネイミック,2,111
越谷アルファーズ,横塚 蛍,磯野 寛晃,2,112
越谷アルファーズ,横塚 蛍,小林 礼秧,2,113
越谷アルファーズ,横塚 蛍,田村 晋,2,114
越谷アルファーズ,鮫島 宗一郎,アンドリュー・ネイミック,2,115
越谷アルファーズ,鮫島 宗一郎,長谷川 武,2,116
越谷アルファーズ,鮫島 宗一郎,鳴海 亮,2,117
越谷アルファーズ,酒井 達也,鳴海 亮,2,118
越谷アルファーズ,小林 礼秧,アーサー・スティーブンソン,2,119
越谷アルファーズ,小林 礼秧,鳴海 亮,2,120
越谷アルファーズ,長谷川 武,アンドリュー・ネイミック,2,121
越谷アルファーズ,長谷川 武,鮫島 宗一郎,2,122
越谷アルファーズ,田村 晋,アレクサンダー・ジョーンズ,2,123
越谷アルファーズ,田村 晋,小林 礼秧,2,124
越谷アルファーズ,田村 晋,鳴海 亮,2,125
越谷アルファーズ,飯田 鴻朗,酒井 達也,2,126
越谷アルファーズ,鳴海 亮,飯田 鴻朗,2,127
越谷アルファーズ,アーサー・スティーブンソン,アレクサンダー・ジョーンズ,1,128
越谷アルファーズ,アーサー・スティーブンソン,アンドリュー・ネイミック,1,129
越谷アルファーズ,アーサー・スティーブンソン,ジャワッド・ウィリアムズ,1,130
越谷アルファーズ,アーサー・スティーブンソン,横塚 蛍,1,131
越谷アルファーズ,アレクサンダー・ジョーンズ,横塚 蛍,1,132
越谷アルファーズ,アレクサンダー・ジョーンズ,鮫島 宗一郎,1,133
越谷アルファーズ,アレクサンダー・ジョーンズ,酒井 達也,1,134
越谷アルファーズ,アレクサンダー・ジョーンズ,飯田 鴻朗,1,135
越谷アルファーズ,アレクサンダー・ジョーンズ,落合 知也,1,136
越谷アルファーズ,アンドリュー・ネイミック,ダニエル・オルトン,1,137
越谷アルファーズ,ジャワッド・ウィリアムズ,チャールズ・ヒンクル,1,138
越谷アルファーズ,ジャワッド・ウィリアムズ,酒井 達也,1,139
越谷アルファーズ,ジャワッド・ウィリアムズ,小林 礼秧,1,140
越谷アルファーズ,ジャワッド・ウィリアムズ,飯田 鴻朗,1,141
越谷アルファーズ,ジャワッド・ウィリアムズ,落合 知也,1,142
越谷アルファーズ,井上 貴志,アンドリュー・ネイミック,1,143
越谷アルファーズ,磯野 寛晃,酒井 達也,1,144
越谷アルファーズ,塩塚 直人,酒井 達也,1,145
越谷アルファーズ,横塚 蛍,アレクサンダー・ジョーンズ,1,146
越谷アルファーズ,横塚 蛍,ダニエル・オルトン,1,147
越谷アルファーズ,横塚 蛍,酒井 達也,1,148
越谷アルファーズ,鮫島 宗一郎,アーサー・スティーブンソン,1,149
越谷アルファーズ,鮫島 宗一郎,横塚 蛍,1,150
越谷アルファーズ,鮫島 宗一郎,田村 晋,1,151
越谷アルファーズ,鮫島 宗一郎,飯田 鴻朗,1,152
越谷アルファーズ,酒井 達也,長谷川 武,1,153
越谷アルファーズ,小林 礼秧,ジャワッド・ウィリアムズ,1,154
越谷アルファーズ,小林 礼秧,飯田 鴻朗,1,155
越谷アルファーズ,長谷川 武,ジャワッド・ウィリアムズ,1,156
越谷アルファーズ,田村 晋,アーサー・スティーブンソン,1,157
越谷アルファーズ,田村 晋,ダニエル・オルトン,1,158
越谷アルファーズ,田村 晋,塩塚 直人,1,159
越谷アルファーズ,田村 晋,長谷川 武,1,160
越谷アルファーズ,田村 晋,飯田 鴻朗,1,161
越谷アルファーズ,飯田 鴻朗,ジャワッド・ウィリアムズ,1,162
越谷アルファーズ,飯田 鴻朗,塩塚 直人,1,163
越谷アルファーズ,飯田 鴻朗,村田 翔,1,164
越谷アルファーズ,落合 知也,村田 翔,1,165
越谷アルファーズ,落合 知也,長谷川 武,1,166
越谷アルファーズ,落合 知也,田村 晋,1,167
熊本ヴォルターズ,石川 海斗,ギャビン・ウェア,134,1
熊本ヴォルターズ,石川 海斗,中西 良太,51,2
熊本ヴォルターズ,石川 海斗,木田 貴明,51,3
熊本ヴォルターズ,石川 海斗,デイビッド・ウィーバー,47,4
熊本ヴォルターズ,石川 海斗,ボビー・ジョーンズ,31,5
熊本ヴォルターズ,石川 海斗,本村 亮輔,29,6
熊本ヴォルターズ,石川 海斗,マーカス・ブレイクリー,25,7
熊本ヴォルターズ,木田 貴明,ギャビン・ウェア,23,8
熊本ヴォルターズ,本村 亮輔,ギャビン・ウェア,20,9
熊本ヴォルターズ,石川 海斗,小林 慎太郎,19,10
熊本ヴォルターズ,マーカス・ブレイクリー,ギャビン・ウェア,18,11
熊本ヴォルターズ,マーカス・ブレイクリー,中西 良太,16,12
熊本ヴォルターズ,石川 海斗,佐藤 正成,15,13
熊本ヴォルターズ,石川 海斗,ジャマール・ソープ,14,14
熊本ヴォルターズ,ギャビン・ウェア,木田 貴明,13,15
熊本ヴォルターズ,本村 亮輔,デイビッド・ウィーバー,13,16
熊本ヴォルターズ,本村 亮輔,中西 良太,13,17
熊本ヴォルターズ,佐藤 正成,ギャビン・ウェア,12,18
熊本ヴォルターズ,ギャビン・ウェア,石川 海斗,11,19
熊本ヴォルターズ,マーカス・ブレイクリー,石川 海斗,11,20
熊本ヴォルターズ,マーカス・ブレイクリー,木田 貴明,10,21
熊本ヴォルターズ,佐藤 正成,木田 貴明,10,22
熊本ヴォルターズ,本村 亮輔,石川 海斗,10,23
熊本ヴォルターズ,木田 貴明,石川 海斗,10,24
熊本ヴォルターズ,ギャビン・ウェア,佐藤 正成,9,25
熊本ヴォルターズ,中西 良太,ギャビン・ウェア,9,26
熊本ヴォルターズ,木田 貴明,デイビッド・ウィーバー,9,27
熊本ヴォルターズ,木田 貴明,マーカス・ブレイクリー,9,28
熊本ヴォルターズ,ギャビン・ウェア,デイビッド・ウィーバー,8,29
熊本ヴォルターズ,ギャビン・ウェア,本村 亮輔,8,30
熊本ヴォルターズ,デイビッド・ウィーバー,ギャビン・ウェア,8,31
熊本ヴォルターズ,デイビッド・ウィーバー,石川 海斗,7,32
熊本ヴォルターズ,デイビッド・ウィーバー,木田 貴明,7,33
熊本ヴォルターズ,マーカス・ブレイクリー,本村 亮輔,7,34
熊本ヴォルターズ,佐藤 正成,石川 海斗,7,35
熊本ヴォルターズ,小林 慎太郎,本村 亮輔,7,36
熊本ヴォルターズ,中西 良太,石川 海斗,7,37
熊本ヴォルターズ,ボビー・ジョーンズ,木田 貴明,6,38
熊本ヴォルターズ,佐藤 正成,デイビッド・ウィーバー,6,39
熊本ヴォルターズ,小林 慎太郎,デイビッド・ウィーバー,6,40
熊本ヴォルターズ,小林 慎太郎,ボビー・ジョーンズ,6,41
熊本ヴォルターズ,石川 海斗,寺下 太基,6,42
熊本ヴォルターズ,中西 良太,デイビッド・ウィーバー,6,43
熊本ヴォルターズ,本村 亮輔,木田 貴明,6,44
熊本ヴォルターズ,ギャビン・ウェア,中西 良太,5,45
熊本ヴォルターズ,デイビッド・ウィーバー,小林 慎太郎,5,46
熊本ヴォルターズ,柿内 輝心,中西 良太,5,47
熊本ヴォルターズ,小林 慎太郎,ギャビン・ウェア,5,48
熊本ヴォルターズ,小林 慎太郎,木田 貴明,5,49
熊本ヴォルターズ,中西 良太,小林 慎太郎,5,50
熊本ヴォルターズ,本村 亮輔,佐藤 正成,5,51
熊本ヴォルターズ,本村 亮輔,小林 慎太郎,5,52
熊本ヴォルターズ,ギャビン・ウェア,小林 慎太郎,4,53
熊本ヴォルターズ,ジャマール・ソープ,佐藤 正成,4,54
熊本ヴォルターズ,デイビッド・ウィーバー,中西 良太,4,55
熊本ヴォルターズ,ボビー・ジョーンズ,佐藤 正成,4,56
熊本ヴォルターズ,ボビー・ジョーンズ,小林 慎太郎,4,57
熊本ヴォルターズ,ボビー・ジョーンズ,石川 海斗,4,58
熊本ヴォルターズ,奥田 雄伍,ギャビン・ウェア,4,59
熊本ヴォルターズ,佐藤 正成,マーカス・ブレイクリー,4,60
熊本ヴォルターズ,寺下 太基,ギャビン・ウェア,4,61
熊本ヴォルターズ,中西 良太,本村 亮輔,4,62
熊本ヴォルターズ,本村 亮輔,寺下 太基,4,63
熊本ヴォルターズ,木田 貴明,中西 良太,4,64
熊本ヴォルターズ,ギャビン・ウェア,マーカス・ブレイクリー,3,65
熊本ヴォルターズ,ギャビン・ウェア,寺下 太基,3,66
熊本ヴォルターズ,ボビー・ジョーンズ,デイビッド・ウィーバー,3,67
熊本ヴォルターズ,マーカス・ブレイクリー,小林 慎太郎,3,68
熊本ヴォルターズ,奥田 雄伍,木田 貴明,3,69
熊本ヴォルターズ,寺下 太基,本村 亮輔,3,70
熊本ヴォルターズ,小林 慎太郎,中西 良太,3,71
熊本ヴォルターズ,中西 良太,木田 貴明,3,72
熊本ヴォルターズ,本村 亮輔,ボビー・ジョーンズ,3,73
熊本ヴォルターズ,本村 亮輔,マーカス・ブレイクリー,3,74
熊本ヴォルターズ,木田 貴明,佐藤 正成,3,75
熊本ヴォルターズ,ジャマール・ソープ,ギャビン・ウェア,2,76
熊本ヴォルターズ,ジャマール・ソープ,木田 貴明,2,77
熊本ヴォルターズ,デイビッド・ウィーバー,佐藤 正成,2,78
熊本ヴォルターズ,デイビッド・ウィーバー,本村 亮輔,2,79
熊本ヴォルターズ,ボビー・ジョーンズ,中西 良太,2,80
熊本ヴォルターズ,ボビー・ジョーンズ,本村 亮輔,2,81
熊本ヴォルターズ,マーカス・ブレイクリー,デイビッド・ウィーバー,2,82
熊本ヴォルターズ,マーカス・ブレイクリー,佐藤 正成,2,83
熊本ヴォルターズ,柿内 輝心,ギャビン・ウェア,2,84
熊本ヴォルターズ,寺下 太基,中西 良太,2,85
熊本ヴォルターズ,小林 慎太郎,石川 海斗,2,86
熊本ヴォルターズ,木田 貴明,ボビー・ジョーンズ,2,87
熊本ヴォルターズ,木田 貴明,本村 亮輔,2,88
熊本ヴォルターズ,ギャビン・ウェア,ジャマール・ソープ,1,89
熊本ヴォルターズ,ギャビン・ウェア,ボビー・ジョーンズ,1,90
熊本ヴォルターズ,ギャビン・ウェア,奥田 雄伍,1,91
熊本ヴォルターズ,ジャマール・ソープ,中西 良太,1,92
熊本ヴォルターズ,ジャマール・ソープ,本村 亮輔,1,93
熊本ヴォルターズ,デイビッド・ウィーバー,ボビー・ジョーンズ,1,94
熊本ヴォルターズ,デイビッド・ウィーバー,マーカス・ブレイクリー,1,95
熊本ヴォルターズ,デイビッド・ウィーバー,奥田 雄伍,1,96
熊本ヴォルターズ,デイビッド・ウィーバー,寺下 太基,1,97
熊本ヴォルターズ,ボビー・ジョーンズ,柿内 輝心,1,98
熊本ヴォルターズ,奥田 雄伍,佐藤 正成,1,99
熊本ヴォルターズ,奥田 雄伍,寺下 太基,1,100
熊本ヴォルターズ,奥田 雄伍,小林 慎太郎,1,101
熊本ヴォルターズ,奥田 雄伍,中西 良太,1,102
熊本ヴォルターズ,柿内 輝心,ボビー・ジョーンズ,1,103
熊本ヴォルターズ,柿内 輝心,小林 慎太郎,1,104
熊本ヴォルターズ,柿内 輝心,石川 海斗,1,105
熊本ヴォルターズ,柿内 輝心,本村 亮輔,1,106
熊本ヴォルターズ,佐藤 正成,小林 慎太郎,1,107
熊本ヴォルターズ,佐藤 正成,本村 亮輔,1,108
熊本ヴォルターズ,寺下 太基,デイビッド・ウィーバー,1,109
熊本ヴォルターズ,寺下 太基,小林 慎太郎,1,110
熊本ヴォルターズ,寺下 太基,木田 貴明,1,111
熊本ヴォルターズ,小林 慎太郎,マーカス・ブレイクリー,1,112
熊本ヴォルターズ,小林 慎太郎,佐藤 正成,1,113
熊本ヴォルターズ,小林 慎太郎,寺下 太基,1,114
熊本ヴォルターズ,西谷 亮一,ギャビン・ウェア,1,115
熊本ヴォルターズ,西谷 亮一,デイビッド・ウィーバー,1,116
熊本ヴォルターズ,中西 良太,ボビー・ジョーンズ,1,117
熊本ヴォルターズ,中西 良太,佐藤 正成,1,118
熊本ヴォルターズ,本村 亮輔,ジャマール・ソープ,1,119
熊本ヴォルターズ,本村 亮輔,西谷 亮一,1,120
熊本ヴォルターズ,木田 貴明,ジャマール・ソープ,1,121
熊本ヴォルターズ,木田 貴明,奥田 雄伍,1,122
熊本ヴォルターズ,木田 貴明,寺下 太基,1,123
熊本ヴォルターズ,木田 貴明,小林 慎太郎,1,124
群馬クレインサンダーズ,小淵 雅,ロスコ・アレン,72,1
群馬クレインサンダーズ,小淵 雅,アブドゥーラ・クウソー,43,2
群馬クレインサンダーズ,アブドゥーラ・クウソー,ロスコ・アレン,34,3
群馬クレインサンダーズ,ロスコ・アレン,アブドゥーラ・クウソー,33,4
群馬クレインサンダーズ,ロスコ・アレン,古牧 昌也,33,5
群馬クレインサンダーズ,ロスコ・アレン,佐藤 文哉,23,6
群馬クレインサンダーズ,小淵 雅,ギャレット・スタツ,22,7
群馬クレインサンダーズ,ロスコ・アレン,小淵 雅,21,8
群馬クレインサンダーズ,ロスコ・アレン,新川 敬大,21,9
群馬クレインサンダーズ,小淵 雅,古牧 昌也,21,10
群馬クレインサンダーズ,アブドゥーラ・クウソー,古牧 昌也,18,11
群馬クレインサンダーズ,ロスコ・アレン,野﨑 零也,18,12
群馬クレインサンダーズ,古牧 昌也,ロスコ・アレン,18,13
群馬クレインサンダーズ,小淵 雅,佐藤 文哉,17,14
群馬クレインサンダーズ,野﨑 零也,アブドゥーラ・クウソー,17,15
群馬クレインサンダーズ,野﨑 零也,ロスコ・アレン,17,16
群馬クレインサンダーズ,小淵 雅,野﨑 零也,16,17
群馬クレインサンダーズ,佐藤 文哉,アブドゥーラ・クウソー,15,18
群馬クレインサンダーズ,ギャレット・スタツ,古牧 昌也,14,19
群馬クレインサンダーズ,新川 敬大,ロスコ・アレン,14,20
群馬クレインサンダーズ,アブドゥーラ・クウソー,佐藤 文哉,12,21
群馬クレインサンダーズ,ギャレット・スタツ,ロスコ・アレン,12,22
群馬クレインサンダーズ,ギャレット・スタツ,小淵 雅,12,23
群馬クレインサンダーズ,ギャレット・スタツ,新川 敬大,12,24
群馬クレインサンダーズ,坂本 ジェイ,ロスコ・アレン,12,25
群馬クレインサンダーズ,佐藤 文哉,ロスコ・アレン,11,26
群馬クレインサンダーズ,新川 敬大,アブドゥーラ・クウソー,11,27
群馬クレインサンダーズ,野﨑 零也,ギャレット・スタツ,11,28
群馬クレインサンダーズ,ロスコ・アレン,ギャレット・スタツ,10,29
群馬クレインサンダーズ,古牧 昌也,アブドゥーラ・クウソー,10,30
群馬クレインサンダーズ,小淵 雅,新川 敬大,10,31
群馬クレインサンダーズ,樋口 真斗,ロスコ・アレン,10,32
群馬クレインサンダーズ,野﨑 零也,佐藤 文哉,10,33
群馬クレインサンダーズ,ギャレット・スタツ,アブドゥーラ・クウソー,9,34
群馬クレインサンダーズ,古牧 昌也,ギャレット・スタツ,9,35
群馬クレインサンダーズ,長島 蓮,ロスコ・アレン,9,36
群馬クレインサンダーズ,アブドゥーラ・クウソー,小淵 雅,8,37
群馬クレインサンダーズ,アブドゥーラ・クウソー,新川 敬大,8,38
群馬クレインサンダーズ,ギャレット・スタツ,野﨑 零也,8,39
群馬クレインサンダーズ,ロスコ・アレン,樋口 真斗,8,40
群馬クレインサンダーズ,古牧 昌也,野﨑 零也,8,41
群馬クレインサンダーズ,新川 敬大,小淵 雅,7,42
群馬クレインサンダーズ,樋口 真斗,佐藤 文哉,7,43
群馬クレインサンダーズ,ギャレット・スタツ,坂本 ジェイ,6,44
群馬クレインサンダーズ,ロスコ・アレン,長島 蓮,6,45
群馬クレインサンダーズ,古牧 昌也,佐藤 文哉,6,46
群馬クレインサンダーズ,長島 蓮,野﨑 零也,6,47
群馬クレインサンダーズ,樋口 真斗,坂本 ジェイ,6,48
群馬クレインサンダーズ,アブドゥーラ・クウソー,ギャレット・スタツ,5,49
群馬クレインサンダーズ,坂本 ジェイ,佐藤 文哉,5,50
群馬クレインサンダーズ,新川 敬大,古牧 昌也,5,51
群馬クレインサンダーズ,長島 蓮,ギャレット・スタツ,5,52
群馬クレインサンダーズ,長島 蓮,佐藤 文哉,5,53
群馬クレインサンダーズ,樋口 真斗,アブドゥーラ・クウソー,5,54
群馬クレインサンダーズ,樋口 真斗,佐竹 宥哉,5,55
群馬クレインサンダーズ,野﨑 零也,古牧 昌也,5,56
群馬クレインサンダーズ,野﨑 零也,野口 夏来,5,57
群馬クレインサンダーズ,アブドゥーラ・クウソー,坂本 ジェイ,4,58
群馬クレインサンダーズ,アブドゥーラ・クウソー,野﨑 零也,4,59
群馬クレインサンダーズ,古牧 昌也,新川 敬大,4,60
群馬クレインサンダーズ,佐藤 文哉,古牧 昌也,4,61
群馬クレインサンダーズ,長島 蓮,古牧 昌也,4,62
群馬クレインサンダーズ,長島 蓮,佐竹 宥哉,4,63
群馬クレインサンダーズ,樋口 真斗,古牧 昌也,4,64
群馬クレインサンダーズ,アブドゥーラ・クウソー,長島 蓮,3,65
群馬クレインサンダーズ,ギャレット・スタツ,佐藤 文哉,3,66
群馬クレインサンダーズ,ギャレット・スタツ,野口 夏来,3,67
群馬クレインサンダーズ,ロスコ・アレン,坂本 ジェイ,3,68
群馬クレインサンダーズ,古牧 昌也,小淵 雅,3,69
群馬クレインサンダーズ,古牧 昌也,野口 夏来,3,70
群馬クレインサンダーズ,根東 裕隆,ギャレット・スタツ,3,71
群馬クレインサンダーズ,佐竹 宥哉,樋口 真斗,3,72
群馬クレインサンダーズ,佐藤 文哉,ギャレット・スタツ,3,73
群馬クレインサンダーズ,坂本 ジェイ,古牧 昌也,3,74
群馬クレインサンダーズ,坂本 ジェイ,野﨑 零也,3,75
群馬クレインサンダーズ,新川 敬大,ギャレット・スタツ,3,76
群馬クレインサンダーズ,長島 蓮,坂本 ジェイ,3,77
群馬クレインサンダーズ,樋口 真斗,野﨑 零也,3,78
群馬クレインサンダーズ,野口 夏来,佐藤 文哉,3,79
群馬クレインサンダーズ,野﨑 零也,坂本 ジェイ,3,80
群馬クレインサンダーズ,アブドゥーラ・クウソー,樋口 真斗,2,81
群馬クレインサンダーズ,ギャレット・スタツ,長島 蓮,2,82
群馬クレインサンダーズ,ロスコ・アレン,佐竹 宥哉,2,83
群馬クレインサンダーズ,古牧 昌也,佐竹 宥哉,2,84
群馬クレインサンダーズ,古牧 昌也,樋口 真斗,2,85
群馬クレインサンダーズ,佐竹 宥哉,古牧 昌也,2,86
群馬クレインサンダーズ,佐藤 文哉,野﨑 零也,2,87
群馬クレインサンダーズ,坂本 ジェイ,アブドゥーラ・クウソー,2,88
群馬クレインサンダーズ,坂本 ジェイ,ギャレット・スタツ,2,89
群馬クレインサンダーズ,坂本 ジェイ,野口 夏来,2,90
群馬クレインサンダーズ,新川 敬大,佐藤 文哉,2,91
群馬クレインサンダーズ,新川 敬大,坂本 ジェイ,2,92
群馬クレインサンダーズ,新川 敬大,野口 夏来,2,93
群馬クレインサンダーズ,新川 敬大,野﨑 零也,2,94
群馬クレインサンダーズ,長島 蓮,アブドゥーラ・クウソー,2,95
群馬クレインサンダーズ,長島 蓮,野口 夏来,2,96
群馬クレインサンダーズ,樋口 真斗,ギャレット・スタツ,2,97
群馬クレインサンダーズ,樋口 真斗,野口 夏来,2,98
群馬クレインサンダーズ,野口 夏来,ギャレット・スタツ,2,99
群馬クレインサンダーズ,野口 夏来,古牧 昌也,2,100
群馬クレインサンダーズ,野口 夏来,坂本 ジェイ,2,101
群馬クレインサンダーズ,野﨑 零也,小淵 雅,2,102
群馬クレインサンダーズ,野﨑 零也,新川 敬大,2,103
群馬クレインサンダーズ,野﨑 零也,長島 蓮,2,104
群馬クレインサンダーズ,アブドゥーラ・クウソー,野口 夏来,1,105
群馬クレインサンダーズ,ギャレット・スタツ,樋口 真斗,1,106
群馬クレインサンダーズ,ロスコ・アレン,野崎 零也,1,107
群馬クレインサンダーズ,古牧 昌也,坂本 ジェイ,1,108
群馬クレインサンダーズ,根東 裕隆,アブドゥーラ・クウソー,1,109
群馬クレインサンダーズ,根東 裕隆,小淵 雅,1,110
群馬クレインサンダーズ,佐竹 宥哉,アブドゥーラ・クウソー,1,111
群馬クレインサンダーズ,佐竹 宥哉,佐藤 文哉,1,112
群馬クレインサンダーズ,佐竹 宥哉,小淵 雅,1,113
群馬クレインサンダーズ,佐竹 宥哉,新川 敬大,1,114
群馬クレインサンダーズ,佐竹 宥哉,長島 蓮,1,115
群馬クレインサンダーズ,佐藤 文哉,坂本 ジェイ,1,116
群馬クレインサンダーズ,佐藤 文哉,小淵 雅,1,117
群馬クレインサンダーズ,佐藤 文哉,長島 蓮,1,118
群馬クレインサンダーズ,坂本 ジェイ,佐竹 宥哉,1,119
群馬クレインサンダーズ,坂本 ジェイ,小淵 雅,1,120
群馬クレインサンダーズ,坂本 ジェイ,樋口 真斗,1,121
群馬クレインサンダーズ,坂本 ジェイ,野崎 零也,1,122
群馬クレインサンダーズ,小淵 雅,坂本 ジェイ,1,123
群馬クレインサンダーズ,小淵 雅,野口 夏来,1,124
群馬クレインサンダーズ,小淵 雅,野崎 零也,1,125
群馬クレインサンダーズ,新川 敬大,佐竹 宥哉,1,126
群馬クレインサンダーズ,新川 敬大,樋口 真斗,1,127
群馬クレインサンダーズ,長島 蓮,根東 裕隆,1,128
群馬クレインサンダーズ,長島 蓮,新川 敬大,1,129
群馬クレインサンダーズ,樋口 真斗,細川 一輝,1,130
群馬クレインサンダーズ,樋口 真斗,野崎 零也,1,131
群馬クレインサンダーズ,野口 夏来,アブドゥーラ・クウソー,1,132
群馬クレインサンダーズ,野口 夏来,ロスコ・アレン,1,133
群馬クレインサンダーズ,野口 夏来,佐竹 宥哉,1,134
群馬クレインサンダーズ,野口 夏来,野﨑 零也,1,135
群馬クレインサンダーズ,野崎 零也,ロスコ・アレン,1,136
群馬クレインサンダーズ,野崎 零也,長島 蓮,1,137
群馬クレインサンダーズ,野﨑 零也,佐竹 宥哉,1,138
群馬クレインサンダーズ,野﨑 零也,樋口 真斗,1,139
広島ドラゴンフライズ,古野 拓巳,グレゴリー・エチェニケ,61,1
広島ドラゴンフライズ,古野 拓巳,ジャマリ・トレイラー,59,2
広島ドラゴンフライズ,古野 拓巳,朝山 正悟,55,3
広島ドラゴンフライズ,朝山 正悟,グレゴリー・エチェニケ,51,4
広島ドラゴンフライズ,古野 拓巳,トーマス・ケネディ,49,5
広島ドラゴンフライズ,トーマス・ケネディ,グレゴリー・エチェニケ,36,6
広島ドラゴンフライズ,ジャマリ・トレイラー,グレゴリー・エチェニケ,35,7
広島ドラゴンフライズ,トーマス・ケネディ,朝山 正悟,31,8
広島ドラゴンフライズ,ジャマリ・トレイラー,朝山 正悟,30,9
広島ドラゴンフライズ,岡本 飛竜,朝山 正悟,29,10
広島ドラゴンフライズ,朝山 正悟,ジャマリ・トレイラー,29,11
広島ドラゴンフライズ,朝山 正悟,トーマス・ケネディ,28,12
広島ドラゴンフライズ,田中 成也,グレゴリー・エチェニケ,26,13
広島ドラゴンフライズ,古野 拓巳,田中 成也,24,14
広島ドラゴンフライズ,岡本 飛竜,小澤 智将,23,15
広島ドラゴンフライズ,小澤 智将,グレゴリー・エチェニケ,23,16
広島ドラゴンフライズ,グレゴリー・エチェニケ,朝山 正悟,21,17
広島ドラゴンフライズ,岡本 飛竜,トーマス・ケネディ,21,18
広島ドラゴンフライズ,岡本 飛竜,田中 成也,19,19
広島ドラゴンフライズ,グレゴリー・エチェニケ,ジャマリ・トレイラー,17,20
広島ドラゴンフライズ,岡本 飛竜,ジャマリ・トレイラー,16,21
広島ドラゴンフライズ,山田 安斗夢,グレゴリー・エチェニケ,16,22
広島ドラゴンフライズ,田中 成也,ジャマリ・トレイラー,16,23
広島ドラゴンフライズ,田中 成也,トーマス・ケネディ,15,24
広島ドラゴンフライズ,ジャマリ・トレイラー,古野 拓巳,14,25
広島ドラゴンフライズ,岡本 飛竜,グレゴリー・エチェニケ,14,26
広島ドラゴンフライズ,トーマス・ケネディ,田中 成也,13,27
広島ドラゴンフライズ,小澤 智将,ジャマリ・トレイラー,13,28
広島ドラゴンフライズ,グレゴリー・エチェニケ,トーマス・ケネディ,12,29
広島ドラゴンフライズ,ジャマリ・トレイラー,田中 成也,12,30
広島ドラゴンフライズ,山田 安斗夢,朝山 正悟,12,31
広島ドラゴンフライズ,グレゴリー・エチェニケ,小澤 智将,11,32
広島ドラゴンフライズ,小澤 智将,トーマス・ケネディ,11,33
広島ドラゴンフライズ,朝山 正悟,田中 成也,11,34
広島ドラゴンフライズ,田中 成也,朝山 正悟,11,35
広島ドラゴンフライズ,グレゴリー・エチェニケ,田中 成也,10,36
広島ドラゴンフライズ,トーマス・ケネディ,岡本 飛竜,10,37
広島ドラゴンフライズ,古野 拓巳,小澤 智将,10,38
広島ドラゴンフライズ,トーマス・ケネディ,小澤 智将,9,39
広島ドラゴンフライズ,岡本 飛竜,谷口 大智,9,40
広島ドラゴンフライズ,古野 拓巳,谷口 大智,9,41
広島ドラゴンフライズ,朝山 正悟,谷口 大智,9,42
広島ドラゴンフライズ,グレゴリー・エチェニケ,山田 安斗夢,7,43
広島ドラゴンフライズ,ジャマリ・トレイラー,小澤 智将,7,44
広島ドラゴンフライズ,山田 安斗夢,トーマス・ケネディ,7,45
広島ドラゴンフライズ,岡本 飛竜,古野 拓巳,6,46
広島ドラゴンフライズ,朝山 正悟,小澤 智将,6,47
広島ドラゴンフライズ,グレゴリー・エチェニケ,岡本 飛竜,5,48
広島ドラゴンフライズ,ジャマリ・トレイラー,谷口 大智,5,49
広島ドラゴンフライズ,トーマス・ケネディ,山田 安斗夢,5,50
広島ドラゴンフライズ,小澤 智将,山田 安斗夢,5,51
広島ドラゴンフライズ,小澤 智将,朝山 正悟,5,52
広島ドラゴンフライズ,谷口 大智,グレゴリー・エチェニケ,5,53
広島ドラゴンフライズ,朝山 正悟,古野 拓巳,5,54
広島ドラゴンフライズ,朝山 正悟,山田 安斗夢,5,55
広島ドラゴンフライズ,田中 成也,岡本 飛竜,5,56
広島ドラゴンフライズ,田中 成也,古野 拓巳,5,57
広島ドラゴンフライズ,グレゴリー・エチェニケ,古野 拓巳,4,58
広島ドラゴンフライズ,ジャマリ・トレイラー,山田 安斗夢,4,59
広島ドラゴンフライズ,岡本 飛竜,山田 安斗夢,4,60
広島ドラゴンフライズ,朝山 正悟,岡本 飛竜,4,61
広島ドラゴンフライズ,岡本 飛竜,坂井 レオ,3,62
広島ドラゴンフライズ,岡本 飛竜,三谷 桂司朗,3,63
広島ドラゴンフライズ,山田 安斗夢,谷口 大智,3,64
広島ドラゴンフライズ,山田 安斗夢,田中 成也,3,65
広島ドラゴンフライズ,小澤 智将,岡本 飛竜,3,66
広島ドラゴンフライズ,小澤 智将,古野 拓巳,3,67
広島ドラゴンフライズ,小澤 智将,谷口 大智,3,68
広島ドラゴンフライズ,谷口 大智,ジャマリ・トレイラー,3,69
広島ドラゴンフライズ,谷口 大智,朝山 正悟,3,70
広島ドラゴンフライズ,田中 成也,小澤 智将,3,71
広島ドラゴンフライズ,グレゴリー・エチェニケ,谷口 大智,2,72
広島ドラゴンフライズ,ジャマリ・トレイラー,トーマス・ケネディ,2,73
広島ドラゴンフライズ,ジャマリ・トレイラー,岡本 飛竜,2,74
広島ドラゴンフライズ,ジャマリ・トレイラー,坂井 レオ,2,75
広島ドラゴンフライズ,トーマス・ケネディ,ジャマリ・トレイラー,2,76
広島ドラゴンフライズ,トーマス・ケネディ,古野 拓巳,2,77
広島ドラゴンフライズ,岡本 飛竜,森山 修斗,2,78
広島ドラゴンフライズ,山田 安斗夢,ジャマリ・トレイラー,2,79
広島ドラゴンフライズ,山田 安斗夢,小澤 智将,2,80
広島ドラゴンフライズ,谷口 大智,トーマス・ケネディ,2,81
広島ドラゴンフライズ,谷口 大智,岡本 飛竜,2,82
広島ドラゴンフライズ,谷口 大智,古野 拓巳,2,83
広島ドラゴンフライズ,谷口 大智,森山 修斗,2,84
広島ドラゴンフライズ,谷口 大智,田中 成也,2,85
広島ドラゴンフライズ,田中 成也,谷口 大智,2,86
広島ドラゴンフライズ,ジャマリ・トレイラー,森山 修斗,1,87
広島ドラゴンフライズ,古野 拓巳,岡本 飛竜,1,88
広島ドラゴンフライズ,古野 拓巳,山田 安斗夢,1,89
広島ドラゴンフライズ,古野 拓巳,森山 修斗,1,90
広島ドラゴンフライズ,坂井 レオ,朝山 正悟,1,91
広島ドラゴンフライズ,山田 安斗夢,岡本 飛竜,1,92
広島ドラゴンフライズ,山田 安斗夢,坂井 レオ,1,93
広島ドラゴンフライズ,森山 修斗,岡本 飛竜,1,94
広島ドラゴンフライズ,森山 修斗,谷口 大智,1,95
広島ドラゴンフライズ,谷口 大智,山田 安斗夢,1,96
広島ドラゴンフライズ,谷口 大智,小澤 智将,1,97
広島ドラゴンフライズ,田中 成也,坂井 レオ,1,98
広島ドラゴンフライズ,田中 成也,山田 安斗夢,1,99
香川ファイブアローズ,テレンス・ウッドベリー,ケビン・コッツァー,66,1
香川ファイブアローズ,ケビン・コッツァー,テレンス・ウッドベリー,61,2
香川ファイブアローズ,兒玉 貴通,ケビン・コッツァー,59,3
香川ファイブアローズ,兒玉 貴通,テレンス・ウッドベリー,57,4
香川ファイブアローズ,テレンス・ウッドベリー,高比良 寛治,34,5
香川ファイブアローズ,ケビン・コッツァー,筑波 拓朗,30,6
香川ファイブアローズ,ケビン・コッツァー,兒玉 貴通,30,7
香川ファイブアローズ,兒玉 貴通,高比良 寛治,28,8
香川ファイブアローズ,テレンス・ウッドベリー,安部 瑞基,26,9
香川ファイブアローズ,兒玉 貴通,筑波 拓朗,26,10
香川ファイブアローズ,筑波 拓朗,ケビン・コッツァー,24,11
香川ファイブアローズ,ケビン・コッツァー,高比良 寛治,21,12
香川ファイブアローズ,テレンス・ウッドベリー,兒玉 貴通,21,13
香川ファイブアローズ,高比良 寛治,ケビン・コッツァー,21,14
香川ファイブアローズ,テレンス・ウッドベリー,筑波 拓朗,20,15
香川ファイブアローズ,兒玉 貴通,安部 瑞基,19,16
香川ファイブアローズ,筑波 拓朗,テレンス・ウッドベリー,18,17
香川ファイブアローズ,矢代 雪次郎,テレンス・ウッドベリー,18,18
香川ファイブアローズ,矢代 雪次郎,ケビン・コッツァー,16,19
香川ファイブアローズ,高比良 寛治,テレンス・ウッドベリー,15,20
香川ファイブアローズ,兒玉 貴通,藤岡 昂希,15,21
香川ファイブアローズ,テレンス・ウッドベリー,藤岡 昂希,12,22
香川ファイブアローズ,高比良 寛治,筑波 拓朗,12,23
香川ファイブアローズ,ケビン・コッツァー,藤岡 昂希,11,24
香川ファイブアローズ,ケビン・コッツァー,安部 瑞基,10,25
香川ファイブアローズ,藤岡 昂希,ケビン・コッツァー,10,26
香川ファイブアローズ,藤岡 昂希,テレンス・ウッドベリー,9,27
香川ファイブアローズ,高比良 寛治,兒玉 貴通,8,28
香川ファイブアローズ,矢代 雪次郎,筑波 拓朗,8,29
香川ファイブアローズ,ケビン・コッツァー,矢代 雪次郎,7,30
香川ファイブアローズ,安部 瑞基,テレンス・ウッドベリー,7,31
香川ファイブアローズ,高比良 寛治,藤岡 昂希,7,32
香川ファイブアローズ,矢代 雪次郎,安部 瑞基,7,33
香川ファイブアローズ,筑波 拓朗,高比良 寛治,6,34
香川ファイブアローズ,筑波 拓朗,藤岡 昂希,6,35
香川ファイブアローズ,高比良 寛治,嶋田 基志,5,36
香川ファイブアローズ,筑波 拓朗,兒玉 貴通,5,37
香川ファイブアローズ,藤岡 昂希,矢代 雪次郎,5,38
香川ファイブアローズ,矢代 雪次郎,高比良 寛治,5,39
香川ファイブアローズ,矢代 雪次郎,藤岡 昂希,5,40
香川ファイブアローズ,安部 瑞基,高比良 寛治,4,41
香川ファイブアローズ,安部 瑞基,兒玉 貴通,4,42
香川ファイブアローズ,石川 智也,テレンス・ウッドベリー,4,43
香川ファイブアローズ,筑波 拓朗,安部 瑞基,4,44
香川ファイブアローズ,筑波 拓朗,嶋田 基志,4,45
香川ファイブアローズ,藤岡 昂希,横尾 達泰,4,46
香川ファイブアローズ,藤岡 昂希,嶋田 基志,4,47
香川ファイブアローズ,兒玉 貴通,嶋田 基志,4,48
香川ファイブアローズ,安部 瑞基,ケビン・コッツァー,3,49
香川ファイブアローズ,横尾 達泰,嶋田 基志,3,50
香川ファイブアローズ,高比良 寛治,安部 瑞基,3,51
香川ファイブアローズ,嶋田 基志,藤岡 昂希,3,52
香川ファイブアローズ,嶋田 基志,兒玉 貴通,3,53
香川ファイブアローズ,藤岡 昂希,安部 瑞基,3,54
香川ファイブアローズ,藤岡 昂希,高比良 寛治,3,55
香川ファイブアローズ,矢代 雪次郎,嶋田 基志,3,56
香川ファイブアローズ,テレンス・ウッドベリー,石川 智也,2,57
香川ファイブアローズ,テレンス・ウッドベリー,矢代 雪次郎,2,58
香川ファイブアローズ,安部 瑞基,藤岡 昂希,2,59
香川ファイブアローズ,安部 瑞基,矢代 雪次郎,2,60
香川ファイブアローズ,金久保 翔,石川 智也,2,61
香川ファイブアローズ,石川 智也,ケビン・コッツァー,2,62
香川ファイブアローズ,石川 智也,安部 瑞基,2,63
香川ファイブアローズ,石川 智也,嶋田 基志,2,64
香川ファイブアローズ,石川 智也,藤岡 昂希,2,65
香川ファイブアローズ,筑波 拓朗,横尾 達泰,2,66
香川ファイブアローズ,嶋田 基志,横尾 達泰,2,67
香川ファイブアローズ,嶋田 基志,筑波 拓朗,2,68
香川ファイブアローズ,藤岡 昂希,兒玉 貴通,2,69
香川ファイブアローズ,矢代 雪次郎,大橋 聖也,2,70
香川ファイブアローズ,兒玉 貴通,上良 潤起,2,71
香川ファイブアローズ,ケビン・コッツァー,横尾 達泰,1,72
香川ファイブアローズ,ケビン・コッツァー,嶋田 基志,1,73
香川ファイブアローズ,テレンス・ウッドベリー,嶋田 基志,1,74
香川ファイブアローズ,安部 瑞基,筑波 拓朗,1,75
香川ファイブアローズ,横尾 達泰,石川 智也,1,76
香川ファイブアローズ,横尾 達泰,藤岡 昂希,1,77
香川ファイブアローズ,横尾 達泰,兒玉 貴通,1,78
香川ファイブアローズ,金久保 翔,大橋 聖也,1,79
香川ファイブアローズ,高比良 寛治,矢代 雪次郎,1,80
香川ファイブアローズ,上良 潤起,金久保 翔,1,81
香川ファイブアローズ,上良 潤起,石川 智也,1,82
香川ファイブアローズ,上良 潤起,嶋田 基志,1,83
香川ファイブアローズ,石川 智也,横尾 達泰,1,84
香川ファイブアローズ,石川 智也,矢代 雪次郎,1,85
香川ファイブアローズ,大橋 聖也,嶋田 基志,1,86
香川ファイブアローズ,筑波 拓朗,金久保 翔,1,87
香川ファイブアローズ,筑波 拓朗,上良 潤起,1,88
香川ファイブアローズ,嶋田 基志,テレンス・ウッドベリー,1,89
香川ファイブアローズ,嶋田 基志,安部 瑞基,1,90
香川ファイブアローズ,嶋田 基志,大橋 聖也,1,91
香川ファイブアローズ,藤岡 昂希,金久保 翔,1,92
香川ファイブアローズ,藤岡 昂希,大橋 聖也,1,93
香川ファイブアローズ,藤岡 昂希,筑波 拓朗,1,94
香川ファイブアローズ,矢代 雪次郎,上良 潤起,1,95
香川ファイブアローズ,矢代 雪次郎,兒玉 貴通,1,96
香川ファイブアローズ,兒玉 貴通,矢代 雪次郎,1,97
山形ワイヴァンズ,河野 誠司,スティーブン・ハート,37,1
山形ワイヴァンズ,中島 良史,スティーブン・ハート,36,2
山形ワイヴァンズ,河野 誠司,中島 良史,23,3
山形ワイヴァンズ,スティーブン・ハート,トリアン・グラム,20,4
山形ワイヴァンズ,トリアン・グラム,スティーブン・ハート,20,5
山形ワイヴァンズ,和田 保彦,スティーブン・ハート,20,6
山形ワイヴァンズ,中島 良史,古橋 広樹,17,7
山形ワイヴァンズ,中島 良史,河野 誠司,16,8
山形ワイヴァンズ,河野 誠司,古橋 広樹,15,9
山形ワイヴァンズ,スティーブン・ハート,クリストファー・オリビエ,13,10
山形ワイヴァンズ,スティーブン・ハート,河野 誠司,13,11
山形ワイヴァンズ,岡本 将大,トリアン・グラム,13,12
山形ワイヴァンズ,河野 誠司,トリアン・グラム,13,13
山形ワイヴァンズ,岡本 将大,スティーブン・ハート,12,14
山形ワイヴァンズ,岡本 将大,中島 良史,12,15
山形ワイヴァンズ,河野 誠司,岩田 涼太,12,16
山形ワイヴァンズ,スティーブン・ハート,岩田 涼太,11,17
山形ワイヴァンズ,河野 誠司,ジェイソン・カーター,11,18
山形ワイヴァンズ,中島 良史,ジョルジー・ゴロマン,11,19
山形ワイヴァンズ,スティーブン・ハート,秋山 熙,10,20
山形ワイヴァンズ,岡本 将大,古橋 広樹,10,21
山形ワイヴァンズ,和田 保彦,ジョルジー・ゴロマン,10,22
山形ワイヴァンズ,岡本 将大,岩田 涼太,9,23
山形ワイヴァンズ,河野 誠司,ジョルジー・ゴロマン,9,24
山形ワイヴァンズ,古橋 広樹,河野 誠司,9,25
山形ワイヴァンズ,スティーブン・ハート,和田 保彦,8,26
山形ワイヴァンズ,トリアン・グラム,岩田 涼太,8,27
山形ワイヴァンズ,トリアン・グラム,中島 良史,8,28
山形ワイヴァンズ,岡本 将大,和田 保彦,8,29
山形ワイヴァンズ,河野 誠司,伊澤 実孝,8,30
山形ワイヴァンズ,スティーブン・ハート,中島 良史,7,31
山形ワイヴァンズ,トリアン・グラム,チュクゥディエベレ・マドゥアバム,7,32
山形ワイヴァンズ,トリアン・グラム,河野 誠司,7,33
山形ワイヴァンズ,河野 誠司,和田 保彦,7,34
山形ワイヴァンズ,上杉 翔,岩田 涼太,7,35
山形ワイヴァンズ,中島 良史,クリストファー・オリビエ,7,36
山形ワイヴァンズ,中島 良史,チュクゥディエベレ・マドゥアバム,7,37
山形ワイヴァンズ,中島 良史,トリアン・グラム,7,38
山形ワイヴァンズ,中島 良史,伊澤 実孝,7,39
山形ワイヴァンズ,中島 良史,岩田 涼太,7,40
山形ワイヴァンズ,中島 良史,和田 保彦,7,41
山形ワイヴァンズ,スティーブン・ハート,伊澤 実孝,6,42
山形ワイヴァンズ,スティーブン・ハート,古橋 広樹,6,43
山形ワイヴァンズ,伊澤 実孝,スティーブン・ハート,6,44
山形ワイヴァンズ,岡本 将大,ジョルジー・ゴロマン,6,45
山形ワイヴァンズ,河野 誠司,クリストファー・オリビエ,6,46
山形ワイヴァンズ,河野 誠司,チュクゥディエベレ・マドゥアバム,6,47
山形ワイヴァンズ,古橋 広樹,クリストファー・オリビエ,6,48
山形ワイヴァンズ,古橋 広樹,岩田 涼太,6,49
山形ワイヴァンズ,秋山 熙,スティーブン・ハート,6,50
山形ワイヴァンズ,中島 良史,赤土 裕典,6,51
山形ワイヴァンズ,和田 保彦,トリアン・グラム,6,52
山形ワイヴァンズ,クリストファー・オリビエ,古橋 広樹,5,53
山形ワイヴァンズ,ジェイソン・カーター,河野 誠司,5,54
山形ワイヴァンズ,チュクゥディエベレ・マドゥアバム,河野 誠司,5,55
山形ワイヴァンズ,岡本 将大,上杉 翔,5,56
山形ワイヴァンズ,河野 誠司,秋山 熙,5,57
山形ワイヴァンズ,秋山 熙,ジョルジー・ゴロマン,5,58
山形ワイヴァンズ,秋山 熙,古橋 広樹,5,59
山形ワイヴァンズ,中島 良史,ジェイソン・カーター,5,60
山形ワイヴァンズ,中島 良史,岡本 将大,5,61
山形ワイヴァンズ,和田 保彦,ジェイソン・カーター,5,62
山形ワイヴァンズ,和田 保彦,チュクゥディエベレ・マドゥアバム,5,63
山形ワイヴァンズ,和田 保彦,伊澤 実孝,5,64
山形ワイヴァンズ,和田 保彦,古橋 広樹,5,65
山形ワイヴァンズ,クリストファー・オリビエ,秋山 熙,4,66
山形ワイヴァンズ,スティーブン・ハート,ジェイソン・カーター,4,67
山形ワイヴァンズ,チュクゥディエベレ・マドゥアバム,トリアン・グラム,4,68
山形ワイヴァンズ,トリアン・グラム,赤土 裕典,4,69
山形ワイヴァンズ,伊澤 実孝,中島 良史,4,70
山形ワイヴァンズ,岡本 将大,チュクゥディエベレ・マドゥアバム,4,71
山形ワイヴァンズ,岩田 涼太,スティーブン・ハート,4,72
山形ワイヴァンズ,岩田 涼太,トリアン・グラム,4,73
山形ワイヴァンズ,岩田 涼太,古橋 広樹,4,74
山形ワイヴァンズ,古橋 広樹,ジェイソン・カーター,4,75
山形ワイヴァンズ,古橋 広樹,スティーブン・ハート,4,76
山形ワイヴァンズ,古橋 広樹,チュクゥディエベレ・マドゥアバム,4,77
山形ワイヴァンズ,古橋 広樹,トリアン・グラム,4,78
山形ワイヴァンズ,秋山 熙,伊澤 実孝,4,79
山形ワイヴァンズ,上杉 翔,スティーブン・ハート,4,80
山形ワイヴァンズ,上杉 翔,トリアン・グラム,4,81
山形ワイヴァンズ,和田 保彦,河野 誠司,4,82
山形ワイヴァンズ,クリストファー・オリビエ,河野 誠司,3,83
山形ワイヴァンズ,クリストファー・オリビエ,岩田 涼太,3,84
山形ワイヴァンズ,ジョルジー・ゴロマン,スティーブン・ハート,3,85
山形ワイヴァンズ,トリアン・グラム,伊澤 実孝,3,86
山形ワイヴァンズ,伊澤 実孝,トリアン・グラム,3,87
山形ワイヴァンズ,伊澤 実孝,河野 誠司,3,88
山形ワイヴァンズ,岡本 将大,赤土 裕典,3,89
山形ワイヴァンズ,河野 誠司,上杉 翔,3,90
山形ワイヴァンズ,岩田 涼太,チュクゥディエベレ・マドゥアバム,3,91
山形ワイヴァンズ,岩田 涼太,伊澤 実孝,3,92
山形ワイヴァンズ,古橋 広樹,ジョルジー・ゴロマン,3,93
山形ワイヴァンズ,古橋 広樹,中島 良史,3,94
山形ワイヴァンズ,秋山 熙,クリストファー・オリビエ,3,95
山形ワイヴァンズ,上杉 翔,古橋 広樹,3,96
山形ワイヴァンズ,和田 保彦,岩田 涼太,3,97
山形ワイヴァンズ,和田 保彦,秋山 熙,3,98
山形ワイヴァンズ,和田 保彦,中島 良史,3,99
山形ワイヴァンズ,クリストファー・オリビエ,スティーブン・ハート,2,100
山形ワイヴァンズ,クリストファー・オリビエ,伊澤 実孝,2,101
山形ワイヴァンズ,クリストファー・オリビエ,中島 良史,2,102
山形ワイヴァンズ,ジェイソン・カーター,スティーブン・ハート,2,103
山形ワイヴァンズ,ジェイソン・カーター,古橋 広樹,2,104
山形ワイヴァンズ,ジョルジー・ゴロマン,チュクゥディエベレ・マドゥアバム,2,105
山形ワイヴァンズ,ジョルジー・ゴロマン,秋山 熙,2,106
山形ワイヴァンズ,ジョルジー・ゴロマン,中島 良史,2,107
山形ワイヴァンズ,チュクゥディエベレ・マドゥアバム,スティーブン・ハート,2,108
山形ワイヴァンズ,チュクゥディエベレ・マドゥアバム,岩田 涼太,2,109
山形ワイヴァンズ,チュクゥディエベレ・マドゥアバム,古橋 広樹,2,110
山形ワイヴァンズ,トリアン・グラム,古橋 広樹,2,111
山形ワイヴァンズ,伊澤 実孝,岩田 涼太,2,112
山形ワイヴァンズ,岡本 将大,クリストファー・オリビエ,2,113
山形ワイヴァンズ,岩田 涼太,岡本 将大,2,114
山形ワイヴァンズ,岩田 涼太,中島 良史,2,115
山形ワイヴァンズ,古橋 広樹,岡本 将大,2,116
山形ワイヴァンズ,古橋 広樹,上杉 翔,2,117
山形ワイヴァンズ,古橋 広樹,赤土 裕典,2,118
山形ワイヴァンズ,古橋 広樹,和田 保彦,2,119
山形ワイヴァンズ,秋山 熙,トリアン・グラム,2,120
山形ワイヴァンズ,秋山 熙,岡本 将大,2,121
山形ワイヴァンズ,秋山 熙,中島 良史,2,122
山形ワイヴァンズ,上杉 翔,秋山 熙,2,123
山形ワイヴァンズ,上杉 翔,和田 保彦,2,124
山形ワイヴァンズ,赤土 裕典,トリアン・グラム,2,125
山形ワイヴァンズ,中島 良史,秋山 熙,2,126
山形ワイヴァンズ,和田 保彦,赤土 裕典,2,127
山形ワイヴァンズ,クリストファー・オリビエ,和田 保彦,1,128
山形ワイヴァンズ,ジェイソン・カーター,伊澤 実孝,1,129
山形ワイヴァンズ,ジェイソン・カーター,岩田 涼太,1,130
山形ワイヴァンズ,ジェイソン・カーター,和田 保彦,1,131
山形ワイヴァンズ,ジョルジー・ゴロマン,岡本 将大,1,132
山形ワイヴァンズ,ジョルジー・ゴロマン,古橋 広樹,1,133
山形ワイヴァンズ,ジョルジー・ゴロマン,和田 保彦,1,134
山形ワイヴァンズ,スティーブン・ハート,チュクゥディエベレ・マドゥアバム,1,135
山形ワイヴァンズ,スティーブン・ハート,岡本 将大,1,136
山形ワイヴァンズ,チュクゥディエベレ・マドゥアバム,ジョルジー・ゴロマン,1,137
山形ワイヴァンズ,チュクゥディエベレ・マドゥアバム,秋山 熙,1,138
山形ワイヴァンズ,チュクゥディエベレ・マドゥアバム,赤土 裕典,1,139
山形ワイヴァンズ,チュクゥディエベレ・マドゥアバム,和田 保彦,1,140
山形ワイヴァンズ,トリアン・グラム,岡本 将大,1,141
山形ワイヴァンズ,トリアン・グラム,上杉 翔,1,142
山形ワイヴァンズ,トリアン・グラム,和田 保彦,1,143
山形ワイヴァンズ,伊澤 実孝,ジョルジー・ゴロマン,1,144
山形ワイヴァンズ,伊澤 実孝,チュクゥディエベレ・マドゥアバム,1,145
山形ワイヴァンズ,伊澤 実孝,秋山 熙,1,146
山形ワイヴァンズ,岡本 将大,伊澤 実孝,1,147
山形ワイヴァンズ,岡本 将大,秋山 熙,1,148
山形ワイヴァンズ,河野 誠司,赤土 裕典,1,149
山形ワイヴァンズ,岩田 涼太,クリストファー・オリビエ,1,150
山形ワイヴァンズ,岩田 涼太,秋山 熙,1,151
山形ワイヴァンズ,岩田 涼太,上杉 翔,1,152
山形ワイヴァンズ,岩田 涼太,和田 保彦,1,153
山形ワイヴァンズ,古橋 広樹,秋山 熙,1,154
山形ワイヴァンズ,秋山 熙,チュクゥディエベレ・マドゥアバム,1,155
山形ワイヴァンズ,秋山 熙,河野 誠司,1,156
山形ワイヴァンズ,秋山 熙,岩田 涼太,1,157
山形ワイヴァンズ,秋山 熙,上杉 翔,1,158
山形ワイヴァンズ,秋山 熙,赤土 裕典,1,159
山形ワイヴァンズ,秋山 熙,和田 保彦,1,160
山形ワイヴァンズ,上杉 翔,クリストファー・オリビエ,1,161
山形ワイヴァンズ,赤土 裕典,岡本 将大,1,162
山形ワイヴァンズ,赤土 裕典,岩田 涼太,1,163
山形ワイヴァンズ,赤土 裕典,中島 良史,1,164
山形ワイヴァンズ,赤土 裕典,和田 保彦,1,165
山形ワイヴァンズ,中島 良史,上杉 翔,1,166
山形ワイヴァンズ,和田 保彦,岡本 将大,1,167
山形ワイヴァンズ,和田 保彦,上杉 翔,1,168
信州ブレイブウォリアーズ,アンソニー・マクヘンリー,ウェイン・マーシャル,70,1
信州ブレイブウォリアーズ,西山 達哉,ウェイン・マーシャル,65,2
信州ブレイブウォリアーズ,大崎 裕太,ウェイン・マーシャル,39,3
信州ブレイブウォリアーズ,アンソニー・マクヘンリー,栗原 ルイス,37,4
信州ブレイブウォリアーズ,栗原 ルイス,ウェイン・マーシャル,37,5
信州ブレイブウォリアーズ,アンソニー・マクヘンリー,西山 達哉,32,6
信州ブレイブウォリアーズ,栗原 ルイス,アンソニー・マクヘンリー,29,7
信州ブレイブウォリアーズ,ウェイン・マーシャル,アンソニー・マクヘンリー,24,8
信州ブレイブウォリアーズ,アンソニー・マクヘンリー,大崎 裕太,22,9
信州ブレイブウォリアーズ,西山 達哉,アンソニー・マクヘンリー,22,10
信州ブレイブウォリアーズ,アンソニー・マクヘンリー,三ツ井 利也,21,11
信州ブレイブウォリアーズ,三ツ井 利也,ウェイン・マーシャル,21,12
信州ブレイブウォリアーズ,大崎 裕太,アンソニー・マクヘンリー,21,13
信州ブレイブウォリアーズ,西山 達哉,大崎 裕太,19,14
信州ブレイブウォリアーズ,ウェイン・マーシャル,栗原 ルイス,18,15
信州ブレイブウォリアーズ,渡邊 翔太,ウェイン・マーシャル,18,16
信州ブレイブウォリアーズ,西山 達哉,栗原 ルイス,16,17
信州ブレイブウォリアーズ,渡邊 翔太,栗原 ルイス,16,18
信州ブレイブウォリアーズ,ウェイン・マーシャル,西山 達哉,15,19
信州ブレイブウォリアーズ,アンソニー・マクヘンリー,渡邊 翔太,14,20
信州ブレイブウォリアーズ,栗原 ルイス,西山 達哉,13,21
信州ブレイブウォリアーズ,大崎 裕太,西山 達哉,13,22
信州ブレイブウォリアーズ,渡邊 翔太,井上 裕介,13,23
信州ブレイブウォリアーズ,栗原 ルイス,渡邊 翔太,12,24
信州ブレイブウォリアーズ,渡邊 翔太,三ツ井 利也,11,25
信州ブレイブウォリアーズ,ウェイン・マーシャル,大崎 裕太,10,26
信州ブレイブウォリアーズ,ウェイン・マーシャル,三ツ井 利也,9,27
信州ブレイブウォリアーズ,ウェイン・マーシャル,飯田 遼,9,28
信州ブレイブウォリアーズ,武井 弘明,井上 裕介,9,29
信州ブレイブウォリアーズ,アンソニー・マクヘンリー,飯田 遼,8,30
信州ブレイブウォリアーズ,ウェイン・マーシャル,渡邊 翔太,8,31
信州ブレイブウォリアーズ,オーランド・サンチェス,ウェイン・マーシャル,8,32
信州ブレイブウォリアーズ,栗原 ルイス,井上 裕介,8,33
信州ブレイブウォリアーズ,西山 達哉,飯田 遼,8,34
信州ブレイブウォリアーズ,渡邊 翔太,佐藤 託矢,8,35
信州ブレイブウォリアーズ,渡邊 翔太,大崎 裕太,8,36
信州ブレイブウォリアーズ,オーランド・サンチェス,栗原 ルイス,7,37
信州ブレイブウォリアーズ,大崎 裕太,井上 裕介,7,38
信州ブレイブウォリアーズ,大崎 裕太,飯田 遼,7,39
信州ブレイブウォリアーズ,渡邊 翔太,飯田 遼,7,40
信州ブレイブウォリアーズ,武井 弘明,ウェイン・マーシャル,7,41
信州ブレイブウォリアーズ,アンソニー・マクヘンリー,武井 弘明,6,42
信州ブレイブウォリアーズ,ウェイン・マーシャル,井上 裕介,6,43
信州ブレイブウォリアーズ,三ツ井 利也,西山 達哉,6,44
信州ブレイブウォリアーズ,西山 達哉,三ツ井 利也,6,45
信州ブレイブウォリアーズ,大崎 裕太,栗原 ルイス,6,46
信州ブレイブウォリアーズ,渡邊 翔太,アンソニー・マクヘンリー,6,47
信州ブレイブウォリアーズ,飯田 遼,大崎 裕太,6,48
信州ブレイブウォリアーズ,アンソニー・マクヘンリー,オーランド・サンチェス,5,49
信州ブレイブウォリアーズ,アンソニー・マクヘンリー,井上 裕介,5,50
信州ブレイブウォリアーズ,井上 裕介,佐藤 託矢,5,51
信州ブレイブウォリアーズ,栗原 ルイス,オーランド・サンチェス,5,52
信州ブレイブウォリアーズ,栗原 ルイス,三ツ井 利也,5,53
信州ブレイブウォリアーズ,西山 達哉,オーランド・サンチェス,5,54
信州ブレイブウォリアーズ,大崎 裕太,佐藤 託矢,5,55
信州ブレイブウォリアーズ,大崎 裕太,三ツ井 利也,5,56
信州ブレイブウォリアーズ,渡邊 翔太,オーランド・サンチェス,5,57
信州ブレイブウォリアーズ,渡邊 翔太,武井 弘明,5,58
信州ブレイブウォリアーズ,武井 弘明,西山 達哉,5,59
信州ブレイブウォリアーズ,オーランド・サンチェス,三ツ井 利也,4,60
信州ブレイブウォリアーズ,オーランド・サンチェス,西山 達哉,4,61
信州ブレイブウォリアーズ,オーランド・サンチェス,大崎 裕太,4,62
信州ブレイブウォリアーズ,オーランド・サンチェス,渡邊 翔太,4,63
信州ブレイブウォリアーズ,井上 裕介,ウェイン・マーシャル,4,64
信州ブレイブウォリアーズ,栗原 ルイス,大崎 裕太,4,65
信州ブレイブウォリアーズ,佐藤 託矢,井上 裕介,4,66
信州ブレイブウォリアーズ,佐藤 託矢,渡邊 翔太,4,67
信州ブレイブウォリアーズ,三ツ井 利也,アンソニー・マクヘンリー,4,68
信州ブレイブウォリアーズ,武井 弘明,佐藤 託矢,4,69
信州ブレイブウォリアーズ,ウェイン・マーシャル,武井 弘明,3,70
信州ブレイブウォリアーズ,井上 裕介,飯田 遼,3,71
信州ブレイブウォリアーズ,佐藤 託矢,飯田 遼,3,72
信州ブレイブウォリアーズ,西山 達哉,井上 裕介,3,73
信州ブレイブウォリアーズ,西山 達哉,武井 弘明,3,74
信州ブレイブウォリアーズ,大崎 裕太,渡邊 翔太,3,75
信州ブレイブウォリアーズ,大崎 裕太,武井 弘明,3,76
信州ブレイブウォリアーズ,飯田 遼,渡邊 翔太,3,77
信州ブレイブウォリアーズ,武井 弘明,アンソニー・マクヘンリー,3,78
信州ブレイブウォリアーズ,武井 弘明,渡邊 翔太,3,79
信州ブレイブウォリアーズ,武井 弘明,飯田 遼,3,80
信州ブレイブウォリアーズ,アンソニー・マクヘンリー,佐藤 託矢,2,81
信州ブレイブウォリアーズ,ウェイン・マーシャル,佐藤 託矢,2,82
信州ブレイブウォリアーズ,オーランド・サンチェス,アンソニー・マクヘンリー,2,83
信州ブレイブウォリアーズ,井上 裕介,アンソニー・マクヘンリー,2,84
信州ブレイブウォリアーズ,井上 裕介,栗原 ルイス,2,85
信州ブレイブウォリアーズ,井上 裕介,青木 龍史,2,86
信州ブレイブウォリアーズ,井上 裕介,渡邊 翔太,2,87
信州ブレイブウォリアーズ,井上 裕介,武井 弘明,2,88
信州ブレイブウォリアーズ,栗原 ルイス,飯田 遼,2,89
信州ブレイブウォリアーズ,佐藤 託矢,アンソニー・マクヘンリー,2,90
信州ブレイブウォリアーズ,佐藤 託矢,ウェイン・マーシャル,2,91
信州ブレイブウォリアーズ,三ツ井 利也,オーランド・サンチェス,2,92
信州ブレイブウォリアーズ,三ツ井 利也,栗原 ルイス,2,93
信州ブレイブウォリアーズ,西山 達哉,佐藤 託矢,2,94
信州ブレイブウォリアーズ,大崎 裕太,オーランド・サンチェス,2,95
信州ブレイブウォリアーズ,ウェイン・マーシャル,オーランド・サンチェス,1,96
信州ブレイブウォリアーズ,オーランド・サンチェス,井上 裕介,1,97
信州ブレイブウォリアーズ,オーランド・サンチェス,佐藤 託矢,1,98
信州ブレイブウォリアーズ,オーランド・サンチェス,武井 弘明,1,99
信州ブレイブウォリアーズ,井上 裕介,大崎 裕太,1,100
信州ブレイブウォリアーズ,栗原 ルイス,佐藤 託矢,1,101
信州ブレイブウォリアーズ,佐藤 託矢,栗原 ルイス,1,102
信州ブレイブウォリアーズ,佐藤 託矢,三ツ井 利也,1,103
信州ブレイブウォリアーズ,佐藤 託矢,大崎 裕太,1,104
信州ブレイブウォリアーズ,三ツ井 利也,大崎 裕太,1,105
信州ブレイブウォリアーズ,三ツ井 利也,渡邊 翔太,1,106
信州ブレイブウォリアーズ,三ツ井 利也,武井 弘明,1,107
信州ブレイブウォリアーズ,西山 達哉,渡邊 翔太,1,108
信州ブレイブウォリアーズ,青木 龍史,井上 裕介,1,109
信州ブレイブウォリアーズ,青木 龍史,武井 弘明,1,110
信州ブレイブウォリアーズ,渡邊 翔太,西山 達哉,1,111
信州ブレイブウォリアーズ,飯田 遼,アンソニー・マクヘンリー,1,112
信州ブレイブウォリアーズ,飯田 遼,ウェイン・マーシャル,1,113
信州ブレイブウォリアーズ,飯田 遼,井上 裕介,1,114
信州ブレイブウォリアーズ,飯田 遼,栗原 ルイス,1,115
信州ブレイブウォリアーズ,飯田 遼,佐藤 託矢,1,116
信州ブレイブウォリアーズ,飯田 遼,西山 達哉,1,117
信州ブレイブウォリアーズ,飯田 遼,武井 弘明,1,118
信州ブレイブウォリアーズ,武井 弘明,オーランド・サンチェス,1,119
信州ブレイブウォリアーズ,武井 弘明,栗原 ルイス,1,120
信州ブレイブウォリアーズ,武井 弘明,三ツ井 利也,1,121
西宮ストークス,ドゥレイロン・バーンズ,ブラッドリー・ウォルドー,96,1
西宮ストークス,道原 紀晃,ブラッドリー・ウォルドー,75,2
西宮ストークス,谷 直樹,ブラッドリー・ウォルドー,48,3
西宮ストークス,ドゥレイロン・バーンズ,谷 直樹,47,4
西宮ストークス,ドゥレイロン・バーンズ,道原 紀晃,44,5
西宮ストークス,松崎 賢人,ブラッドリー・ウォルドー,36,6
西宮ストークス,岸田 篤生,谷 直樹,34,7
西宮ストークス,ブラッドリー・ウォルドー,道原 紀晃,28,8
西宮ストークス,谷口 淳,ブラッドリー・ウォルドー,28,9
西宮ストークス,ブラッドリー・ウォルドー,谷 直樹,26,10
西宮ストークス,岸田 篤生,ブラッドリー・ウォルドー,26,11
西宮ストークス,道原 紀晃,ドゥレイロン・バーンズ,23,12
西宮ストークス,松崎 賢人,ドゥレイロン・バーンズ,21,13
西宮ストークス,松崎 賢人,谷 直樹,21,14
西宮ストークス,谷 直樹,岸田 篤生,20,15
西宮ストークス,ブラッドリー・ウォルドー,松崎 賢人,18,16
西宮ストークス,谷 直樹,道原 紀晃,18,17
西宮ストークス,道原 紀晃,谷 直樹,18,18
西宮ストークス,ブラッドリー・ウォルドー,岸田 篤生,17,19
西宮ストークス,ドゥレイロン・バーンズ,松崎 賢人,16,20
西宮ストークス,松崎 賢人,谷口 淳,16,21
西宮ストークス,道原 紀晃,岸田 篤生,16,22
西宮ストークス,ドゥレイロン・バーンズ,岸田 篤生,15,23
西宮ストークス,松崎 賢人,道原 紀晃,15,24
西宮ストークス,道原 紀晃,松崎 賢人,15,25
西宮ストークス,ブラッドリー・ウォルドー,ドゥレイロン・バーンズ,13,26
西宮ストークス,ドゥレイロン・バーンズ,谷口 淳,12,27
西宮ストークス,岸田 篤生,道原 紀晃,12,28
西宮ストークス,道原 紀晃,谷口 淳,12,29
西宮ストークス,濵高 康明,岸田 篤生,12,30
西宮ストークス,ブラッドリー・ウォルドー,谷口 淳,10,31
西宮ストークス,岸田 篤生,谷口 淳,10,32
西宮ストークス,岸田 篤生,ドゥレイロン・バーンズ,8,33
西宮ストークス,岸田 篤生,濵高 康明,8,34
西宮ストークス,谷 直樹,谷口 淳,8,35
西宮ストークス,谷 直樹,ドゥレイロン・バーンズ,7,36
西宮ストークス,谷口 淳,道原 紀晃,7,37
西宮ストークス,濵高 康明,谷 直樹,7,38
西宮ストークス,ドゥレイロン・バーンズ,濵高 康明,6,39
西宮ストークス,岸田 篤生,<U+200B>劉 瑾,6,40
西宮ストークス,谷 直樹,土屋 アリスター時生,6,41
西宮ストークス,濵高 康明,ブラッドリー・ウォルドー,6,42
西宮ストークス,谷 直樹,松崎 賢人,5,43
西宮ストークス,谷口 淳,谷 直樹,5,44
西宮ストークス,濵高 康明,土屋 アリスター時生,5,45
西宮ストークス,ブラッドリー・ウォルドー,土屋 アリスター時生,4,46
西宮ストークス,谷 直樹,<U+200B>劉 瑾,4,47
西宮ストークス,谷口 淳,岸田 篤生,4,48
西宮ストークス,道原 紀晃,濵高 康明,4,49
西宮ストークス,ドゥレイロン・バーンズ,俊野 佳彦,3,50
西宮ストークス,ドゥレイロン・バーンズ,土屋 アリスター時生,3,51
西宮ストークス,ブラッドリー・ウォルドー,濵高 康明,3,52
西宮ストークス,岸田 篤生,土屋 アリスター時生,3,53
西宮ストークス,松崎 賢人,土屋 アリスター時生,3,54
西宮ストークス,松崎 賢人,濵高 康明,3,55
西宮ストークス,谷 直樹,濵高 康明,3,56
西宮ストークス,谷口 淳,松崎 賢人,3,57
西宮ストークス,内藤 健太,岸田 篤生,3,58
西宮ストークス,<U+200B>劉 瑾,岸田 篤生,2,59
西宮ストークス,<U+200B>劉 瑾,谷 直樹,2,60
西宮ストークス,ドゥレイロン・バーンズ,内藤 健太,2,61
西宮ストークス,ブラッドリー・ウォルドー,内藤 健太,2,62
西宮ストークス,岸田 篤生,内藤 健太,2,63
西宮ストークス,俊野 佳彦,ブラッドリー・ウォルドー,2,64
西宮ストークス,松崎 賢人,<U+200B>劉 瑾,2,65
西宮ストークス,松崎 賢人,内藤 健太,2,66
西宮ストークス,谷 直樹,内藤 健太,2,67
西宮ストークス,谷口 淳,<U+200B>劉 瑾,2,68
西宮ストークス,谷口 淳,土屋 アリスター時生,2,69
西宮ストークス,土屋 アリスター時生,ブラッドリー・ウォルドー,2,70
西宮ストークス,土屋 アリスター時生,道原 紀晃,2,71
西宮ストークス,道原 紀晃,<U+200B>劉 瑾,2,72
西宮ストークス,道原 紀晃,土屋 アリスター時生,2,73
西宮ストークス,濵高 康明,道原 紀晃,2,74
西宮ストークス,<U+200B>劉 瑾,ブラッドリー・ウォルドー,1,75
西宮ストークス,<U+200B>劉 瑾,谷口 淳,1,76
西宮ストークス,ブラッドリー・ウォルドー,俊野 佳彦,1,77
西宮ストークス,岸田 篤生,松崎 賢人,1,78
西宮ストークス,俊野 佳彦,ドゥレイロン・バーンズ,1,79
西宮ストークス,俊野 佳彦,松崎 賢人,1,80
西宮ストークス,俊野 佳彦,谷 直樹,1,81
西宮ストークス,松崎 賢人,俊野 佳彦,1,82
西宮ストークス,谷 直樹,俊野 佳彦,1,83
西宮ストークス,谷口 淳,内藤 健太,1,84
西宮ストークス,谷口 淳,濵高 康明,1,85
西宮ストークス,土屋 アリスター時生,ドゥレイロン・バーンズ,1,86
西宮ストークス,土屋 アリスター時生,松崎 賢人,1,87
西宮ストークス,土屋 アリスター時生,谷 直樹,1,88
西宮ストークス,土屋 アリスター時生,谷口 淳,1,89
西宮ストークス,道原 紀晃,俊野 佳彦,1,90
西宮ストークス,道原 紀晃,内藤 健太,1,91
西宮ストークス,内藤 健太,土屋 アリスター時生,1,92
西宮ストークス,濵高 康明,ドゥレイロン・バーンズ,1,93
西宮ストークス,濵高 康明,松崎 賢人,1,94
青森ワッツ,大塚 勇人,アンジェロ・チョル,39,1
青森ワッツ,ラキーム・ジャクソン,アンジェロ・チョル,37,2
青森ワッツ,菅 俊男,アンジェロ・チョル,31,3
青森ワッツ,綱井 勇介,アンジェロ・チョル,30,4
青森ワッツ,ラキーム・ジャクソン,下山 大地,29,5
青森ワッツ,ラキーム・ジャクソン,菅 俊男,28,6
青森ワッツ,ラキーム・ジャクソン,門馬 圭二郎,28,7
青森ワッツ,菅 俊男,門馬 圭二郎,24,8
青森ワッツ,アンジェロ・チョル,下山 大地,23,9
青森ワッツ,菅 俊男,下山 大地,23,10
青森ワッツ,ラキーム・ジャクソン,大塚 勇人,20,11
青森ワッツ,菅 俊男,ラキーム・ジャクソン,20,12
青森ワッツ,綱井 勇介,ラキーム・ジャクソン,19,13
青森ワッツ,大塚 勇人,ラキーム・ジャクソン,19,14
青森ワッツ,門馬 圭二郎,アンジェロ・チョル,19,15
青森ワッツ,ラキーム・ジャクソン,野里 惇貴,18,16
青森ワッツ,大塚 勇人,門馬 圭二郎,18,17
青森ワッツ,大塚 勇人,野里 惇貴,17,18
青森ワッツ,門馬 圭二郎,ラキーム・ジャクソン,16,19
青森ワッツ,アンジェロ・チョル,野里 惇貴,15,20
青森ワッツ,アンジェロ・チョル,佐野 太一,14,21
青森ワッツ,大塚 勇人,下山 大地,14,22
青森ワッツ,門馬 圭二郎,下山 大地,14,23
青森ワッツ,アンジェロ・チョル,ラキーム・ジャクソン,13,24
青森ワッツ,綱井 勇介,佐野 太一,13,25
青森ワッツ,綱井 勇介,野里 惇貴,13,26
青森ワッツ,菅 俊男,マーカス・ダブ,13,27
青森ワッツ,アンジェロ・チョル,大塚 勇人,12,28
青森ワッツ,綱井 勇介,ビリシベ 実会,12,29
青森ワッツ,マーカス・ダブ,アンジェロ・チョル,11,30
青森ワッツ,綱井 勇介,下山 大地,11,31
青森ワッツ,佐野 太一,アンジェロ・チョル,11,32
青森ワッツ,アンジェロ・チョル,門馬 圭二郎,10,33
青森ワッツ,綱井 勇介,門馬 圭二郎,10,34
青森ワッツ,菅 俊男,佐野 太一,10,35
青森ワッツ,綱井 勇介,宮本 滉希,9,36
青森ワッツ,マーカス・ダブ,下山 大地,8,37
青森ワッツ,下山 大地,アンジェロ・チョル,8,38
青森ワッツ,大塚 勇人,菅 俊男,8,39
青森ワッツ,マーカス・ダブ,菅 俊男,7,40
青森ワッツ,ラキーム・ジャクソン,マーカス・ダブ,7,41
青森ワッツ,ラキーム・ジャクソン,佐野 太一,7,42
青森ワッツ,綱井 勇介,菅 俊男,7,43
青森ワッツ,門馬 圭二郎,菅 俊男,7,44
青森ワッツ,下山 大地,ラキーム・ジャクソン,6,45
青森ワッツ,菅 俊男,宮本 滉希,6,46
青森ワッツ,菅 俊男,野里 惇貴,6,47
青森ワッツ,門馬 圭二郎,佐野 太一,6,48
青森ワッツ,アンジェロ・チョル,菅 俊男,5,49
青森ワッツ,マーカス・ダブ,佐野 太一,5,50
青森ワッツ,ラキーム・ジャクソン,綱井 勇介,5,51
青森ワッツ,下山 大地,門馬 圭二郎,5,52
青森ワッツ,綱井 勇介,マーカス・ダブ,5,53
青森ワッツ,菅 俊男,大塚 勇人,5,54
青森ワッツ,大塚 勇人,マーカス・ダブ,5,55
青森ワッツ,門馬 圭二郎,マーカス・ダブ,5,56
青森ワッツ,門馬 圭二郎,綱井 勇介,5,57
青森ワッツ,野里 惇貴,アンジェロ・チョル,5,58
青森ワッツ,ビリシベ 実会,アンジェロ・チョル,4,59
青森ワッツ,マーカス・ダブ,大塚 勇人,4,60
青森ワッツ,マーカス・ダブ,門馬 圭二郎,4,61
青森ワッツ,ラキーム・ジャクソン,ビリシベ 実会,4,62
青森ワッツ,下山 大地,マーカス・ダブ,4,63
青森ワッツ,大塚 勇人,宮本 滉希,4,64
青森ワッツ,大塚 勇人,佐野 太一,4,65
青森ワッツ,野里 惇貴,ラキーム・ジャクソン,4,66
青森ワッツ,アンジェロ・チョル,ビリシベ 実会,3,67
青森ワッツ,アンジェロ・チョル,綱井 勇介,3,68
青森ワッツ,ビリシベ 実会,佐野 太一,3,69
青森ワッツ,マーカス・ダブ,ラキーム・ジャクソン,3,70
青森ワッツ,マーカス・ダブ,綱井 勇介,3,71
青森ワッツ,マーカス・ダブ,野里 惇貴,3,72
青森ワッツ,下山 大地,菅 俊男,3,73
青森ワッツ,下山 大地,大塚 勇人,3,74
青森ワッツ,下山 大地,野里 惇貴,3,75
青森ワッツ,宮本 滉希,佐野 太一,3,76
青森ワッツ,佐野 太一,大塚 勇人,3,77
青森ワッツ,佐野 太一,野里 惇貴,3,78
青森ワッツ,菅 俊男,ビリシベ 実会,3,79
青森ワッツ,大塚 勇人,ビリシベ 実会,3,80
青森ワッツ,アンジェロ・チョル,マーカス・ダブ,2,81
青森ワッツ,ビリシベ 実会,野里 惇貴,2,82
青森ワッツ,下山 大地,佐野 太一,2,83
青森ワッツ,宮越 康槙,綱井 勇介,2,84
青森ワッツ,宮本 滉希,大塚 勇人,2,85
青森ワッツ,綱井 勇介,大塚 勇人,2,86
青森ワッツ,佐野 太一,マーカス・ダブ,2,87
青森ワッツ,佐野 太一,下山 大地,2,88
青森ワッツ,佐野 太一,宮越 康槙,2,89
青森ワッツ,佐野 太一,菅 俊男,2,90
青森ワッツ,菅 俊男,綱井 勇介,2,91
青森ワッツ,大塚 勇人,綱井 勇介,2,92
青森ワッツ,門馬 圭二郎,大塚 勇人,2,93
青森ワッツ,アンジェロ・チョル,宮越 康槙,1,94
青森ワッツ,ビリシベ 実会,ラキーム・ジャクソン,1,95
青森ワッツ,ビリシベ 実会,下山 大地,1,96
青森ワッツ,ビリシベ 実会,綱井 勇介,1,97
青森ワッツ,ビリシベ 実会,菅 俊男,1,98
青森ワッツ,ビリシベ 実会,大塚 勇人,1,99
青森ワッツ,ビリシベ 実会,門馬 圭二郎,1,100
青森ワッツ,マーカス・ダブ,ビリシベ 実会,1,101
青森ワッツ,ラキーム・ジャクソン,宮本 滉希,1,102
青森ワッツ,下山 大地,綱井 勇介,1,103
青森ワッツ,宮本 滉希,アンジェロ・チョル,1,104
青森ワッツ,宮本 滉希,下山 大地,1,105
青森ワッツ,宮本 滉希,綱井 勇介,1,106
青森ワッツ,宮本 滉希,野里 惇貴,1,107
青森ワッツ,綱井 勇介,宮越 康槙,1,108
青森ワッツ,佐野 太一,ビリシベ 実会,1,109
青森ワッツ,佐野 太一,ラキーム・ジャクソン,1,110
青森ワッツ,佐野 太一,綱井 勇介,1,111
青森ワッツ,大塚 勇人,鈴木　悠介,1,112
青森ワッツ,門馬 圭二郎,ビリシベ 実会,1,113
青森ワッツ,野里 惇貴,マーカス・ダブ,1,114
青森ワッツ,野里 惇貴,下山 大地,1,115
青森ワッツ,野里 惇貴,門馬 圭二郎,1,116
仙台89ERS,新号 健,ダニエル・ミラー,58,1
仙台89ERS,片岡 大晴,ダニエル・ミラー,47,2
仙台89ERS,ダニエル・ミラー,ジェロウム・ティルマン,44,3
仙台89ERS,ダニエル・ミラー,白戸 大聖,40,4
仙台89ERS,新号 健,ジェロウム・ティルマン,39,5
仙台89ERS,ダニエル・ミラー,片岡 大晴,34,6
仙台89ERS,澤邉 圭太,ジェロウム・ティルマン,32,7
仙台89ERS,新号 健,白戸 大聖,29,8
仙台89ERS,澤邉 圭太,ダニエル・ミラー,28,9
仙台89ERS,ジェロウム・ティルマン,ダニエル・ミラー,26,10
仙台89ERS,新号 健,片岡 大晴,21,11
仙台89ERS,片岡 大晴,ジェロウム・ティルマン,21,12
仙台89ERS,ジェロウム・ティルマン,白戸 大聖,20,13
仙台89ERS,ダニエル・ミラー,新号 健,20,14
仙台89ERS,澤邉 圭太,臼井 弘樹,20,15
仙台89ERS,ジェロウム・ティルマン,片岡 大晴,19,16
仙台89ERS,白戸 大聖,ダニエル・ミラー,18,17
仙台89ERS,澤邉 圭太,片岡 大晴,18,18
仙台89ERS,白戸 大聖,ジェロウム・ティルマン,16,19
仙台89ERS,ダニエル・ミラー,澤邉 圭太,14,20
仙台89ERS,金城 茂之,エリック・ジェイコブセン,14,21
仙台89ERS,片岡 大晴,白戸 大聖,14,22
仙台89ERS,ジェロウム・ティルマン,新号 健,11,23
仙台89ERS,ダニエル・ミラー,阿部 翔太,11,24
仙台89ERS,新号 健,澤邉 圭太,11,25
仙台89ERS,阿部 翔太,ダニエル・ミラー,10,26
仙台89ERS,月野 雅人,片岡 大晴,10,27
仙台89ERS,月野 雅人,澤邉 圭太,10,28
仙台89ERS,ジェロウム・ティルマン,澤邉 圭太,9,29
仙台89ERS,片岡 大晴,澤邉 圭太,9,30
仙台89ERS,澤邉 圭太,阿部 翔太,9,31
仙台89ERS,月野 雅人,エリック・ジェイコブセン,8,32
仙台89ERS,月野 雅人,ダニエル・ミラー,8,33
仙台89ERS,月野 雅人,白戸 大聖,8,34
仙台89ERS,白戸 大聖,片岡 大晴,7,35
仙台89ERS,白戸 大聖,澤邉 圭太,7,36
仙台89ERS,澤邉 圭太,エリック・ジェイコブセン,7,37
仙台89ERS,ダニエル・ミラー,金城 茂之,6,38
仙台89ERS,ダニエル・ミラー,月野 雅人,6,39
仙台89ERS,月野 雅人,ジェロウム・ティルマン,6,40
仙台89ERS,新号 健,臼井 弘樹,6,41
仙台89ERS,澤邉 圭太,月野 雅人,6,42
仙台89ERS,澤邉 圭太,白戸 大聖,6,43
仙台89ERS,ダニエル・ミラー,エリック・ジェイコブセン,5,44
仙台89ERS,阿部 翔太,ジェロウム・ティルマン,5,45
仙台89ERS,臼井 弘樹,片岡 大晴,5,46
仙台89ERS,金城 茂之,ジェロウム・ティルマン,5,47
仙台89ERS,新号 健,エリック・ジェイコブセン,5,48
仙台89ERS,新号 健,泉 秀岳,5,49
仙台89ERS,白戸 大聖,新号 健,5,50
仙台89ERS,片岡 大晴,臼井 弘樹,5,51
仙台89ERS,片岡 大晴,月野 雅人,5,52
仙台89ERS,エリック・ジェイコブセン,月野 雅人,4,53
仙台89ERS,ジェロウム・ティルマン,臼井 弘樹,4,54
仙台89ERS,ダニエル・ミラー,臼井 弘樹,4,55
仙台89ERS,臼井 弘樹,澤邉 圭太,4,56
仙台89ERS,金城 知紗,片岡 大晴,4,57
仙台89ERS,金城 茂之,ダニエル・ミラー,4,58
仙台89ERS,白戸 大聖,エリック・ジェイコブセン,4,59
仙台89ERS,白戸 大聖,臼井 弘樹,4,60
仙台89ERS,片岡 大晴,阿部 翔太,4,61
仙台89ERS,エリック・ジェイコブセン,新号 健,3,62
仙台89ERS,エリック・ジェイコブセン,片岡 大晴,3,63
仙台89ERS,エリック・ジェイコブセン,澤邉 圭太,3,64
仙台89ERS,阿部 翔太,臼井 弘樹,3,65
仙台89ERS,金城 知紗,臼井 弘樹,3,66
仙台89ERS,月野 雅人,金城 茂之,3,67
仙台89ERS,新号 健,阿部 翔太,3,68
仙台89ERS,泉 秀岳,ジェロウム・ティルマン,3,69
仙台89ERS,片岡 大晴,エリック・ジェイコブセン,3,70
仙台89ERS,エリック・ジェイコブセン,白戸 大聖,2,71
仙台89ERS,ジェロウム・ティルマン,エリック・ジェイコブセン,2,72
仙台89ERS,ジェロウム・ティルマン,金城 茂之,2,73
仙台89ERS,臼井 弘樹,ダニエル・ミラー,2,74
仙台89ERS,金城 知紗,ジェロウム・ティルマン,2,75
仙台89ERS,金城 知紗,ダニエル・ミラー,2,76
仙台89ERS,金城 知紗,澤邉 圭太,2,77
仙台89ERS,金城 茂之,月野 雅人,2,78
仙台89ERS,金城 茂之,白戸 大聖,2,79
仙台89ERS,金城 茂之,片岡 大晴,2,80
仙台89ERS,金城 茂之,澤邉 圭太,2,81
仙台89ERS,月野 雅人,臼井 弘樹,2,82
仙台89ERS,月野 雅人,泉 秀岳,2,83
仙台89ERS,泉 秀岳,ダニエル・ミラー,2,84
仙台89ERS,泉 秀岳,片岡 大晴,2,85
仙台89ERS,白戸 大聖,阿部 翔太,2,86
仙台89ERS,白戸 大聖,月野 雅人,2,87
仙台89ERS,澤邉 圭太,新号 健,2,88
仙台89ERS,澤邉 圭太,泉 秀岳,2,89
仙台89ERS,エリック・ジェイコブセン,ジェロウム・ティルマン,1,90
仙台89ERS,エリック・ジェイコブセン,ダニエル・ミラー,1,91
仙台89ERS,エリック・ジェイコブセン,金城 茂之,1,92
仙台89ERS,ジェロウム・ティルマン,金城 知紗,1,93
仙台89ERS,ジェロウム・ティルマン,月野 雅人,1,94
仙台89ERS,ダニエル・ミラー,泉 秀岳,1,95
仙台89ERS,阿部 翔太,金城 知紗,1,96
仙台89ERS,阿部 翔太,泉 秀岳,1,97
仙台89ERS,阿部 翔太,白戸 大聖,1,98
仙台89ERS,阿部 翔太,澤邉 圭太,1,99
仙台89ERS,臼井 弘樹,ジェロウム・ティルマン,1,100
仙台89ERS,臼井 弘樹,白戸 大聖,1,101
仙台89ERS,金城 茂之,新号 健,1,102
仙台89ERS,新号 健,金城 茂之,1,103
仙台89ERS,新号 健,月野 雅人,1,104
仙台89ERS,泉 秀岳,澤邉 圭太,1,105
仙台89ERS,白戸 大聖,金城 茂之,1,106
仙台89ERS,片岡 大晴,新号 健,1,107
仙台89ERS,片岡 大晴,泉 秀岳,1,108
仙台89ERS,澤邉 圭太,金城 知紗,1,109
仙台89ERS,澤邉 圭太,金城 茂之,1,110
東京エクセレンス,ジョーダン・フェイゾン,ライアン・ステファン,155,1
東京エクセレンス,ライアン・ステファン,ジョーダン・フェイゾン,64,2
東京エクセレンス,宮田 諭,ライアン・ステファン,37,3
東京エクセレンス,田口 暖,ライアン・ステファン,35,4
東京エクセレンス,宮田 諭,ジョーダン・フェイゾン,31,5
東京エクセレンス,ジョーダン・フェイゾン,樋口 大倫,29,6
東京エクセレンス,田口 暖,ジョーダン・フェイゾン,28,7
東京エクセレンス,長澤 健司,ライアン・ステファン,24,8
東京エクセレンス,樋口 大倫,ジョーダン・フェイゾン,24,9
東京エクセレンス,ジョーダン・フェイゾン,田口 暖,23,10
東京エクセレンス,ライアン・ステファン,田口 暖,21,11
東京エクセレンス,田口 暖,樋口 大倫,21,12
東京エクセレンス,樋口 大倫,ライアン・ステファン,19,13
東京エクセレンス,上松 大輝,ジョーダン・フェイゾン,18,14
東京エクセレンス,上松 大輝,ライアン・ステファン,18,15
東京エクセレンス,丹野 合気,ライアン・ステファン,18,16
東京エクセレンス,ライアン・ステファン,樋口 大倫,17,17
東京エクセレンス,丹野 合気,ジョーダン・フェイゾン,17,18
東京エクセレンス,ジョーダン・フェイゾン,宮田 諭,15,19
東京エクセレンス,宮田 諭,丹野 合気,15,20
東京エクセレンス,長澤 健司,ジョーダン・フェイゾン,13,21
東京エクセレンス,宮田 諭,樋口 大倫,12,22
東京エクセレンス,齋藤 豊,ライアン・ステファン,12,23
東京エクセレンス,ジョーダン・フェイゾン,丹野 合気,11,24
東京エクセレンス,ライアン・ステファン,宮田 諭,11,25
東京エクセレンス,ジョーダン・フェイゾン,長澤 健司,10,26
東京エクセレンス,ジョーダン・フェイゾン,齋藤 豊,10,27
東京エクセレンス,田口 暖,上松 大輝,10,28
東京エクセレンス,ジョーダン・フェイゾン,上松 大輝,8,29
東京エクセレンス,宮田 諭,長澤 健司,8,30
東京エクセレンス,宮田 諭,齋藤 豊,8,31
東京エクセレンス,ジョーダン・フェイゾン,佐野 隆司,7,32
東京エクセレンス,ジョーダン・フェイゾン,小倉 渓,7,33
東京エクセレンス,ライアン・ステファン,齋藤 豊,7,34
東京エクセレンス,田口 暖,丹野 合気,7,35
東京エクセレンス,ライアン・ステファン,上松 大輝,6,36
東京エクセレンス,ライアン・ステファン,丹野 合気,6,37
東京エクセレンス,ライアン・ステファン,長澤 健司,6,38
東京エクセレンス,丹野 合気,宮田 諭,6,39
東京エクセレンス,丹野 合気,小倉 渓,6,40
東京エクセレンス,齋藤 豊,ジョーダン・フェイゾン,6,41
東京エクセレンス,ライアン・ステファン,佐野 隆司,5,42
東京エクセレンス,ライアン・ステファン,小倉 渓,5,43
東京エクセレンス,上松 大輝,長澤 健司,5,44
東京エクセレンス,丹野 合気,樋口 大倫,5,45
東京エクセレンス,長澤 健司,田口 暖,5,46
東京エクセレンス,田口 暖,長澤 健司,5,47
東京エクセレンス,樋口 大倫,田口 暖,5,48
東京エクセレンス,ジョーダン・フェイゾン,長谷川 凌,4,49
東京エクセレンス,宮田 諭,佐野 隆司,4,50
東京エクセレンス,上松 大輝,齋藤 豊,4,51
東京エクセレンス,樋口 大倫,上松 大輝,4,52
東京エクセレンス,樋口 大倫,長澤 健司,4,53
東京エクセレンス,齋藤 豊,樋口 大倫,4,54
東京エクセレンス,宮田 諭,長谷川 凌,3,55
東京エクセレンス,宮田 諭,椎名 雄大,3,56
東京エクセレンス,佐野 隆司,ジョーダン・フェイゾン,3,57
東京エクセレンス,上松 大輝,田口 暖,3,58
東京エクセレンス,丹野 合気,佐野 隆司,3,59
東京エクセレンス,丹野 合気,長澤 健司,3,60
東京エクセレンス,丹野 合気,田口 暖,3,61
東京エクセレンス,長澤 健司,上松 大輝,3,62
東京エクセレンス,長澤 健司,樋口 大倫,3,63
東京エクセレンス,田口 暖,佐野 隆司,3,64
東京エクセレンス,田口 暖,長谷川 凌,3,65
東京エクセレンス,樋口 大倫,佐野 隆司,3,66
東京エクセレンス,樋口 大倫,小倉 渓,3,67
東京エクセレンス,ジョーダン・フェイゾン,中村 ジャズ,2,68
東京エクセレンス,宮田 諭,上松 大輝,2,69
東京エクセレンス,宮田 諭,田口 暖,2,70
東京エクセレンス,佐野 隆司,上松 大輝,2,71
東京エクセレンス,佐野 隆司,丹野 合気,2,72
東京エクセレンス,佐野 隆司,樋口 大倫,2,73
東京エクセレンス,上松 大輝,宮田 諭,2,74
東京エクセレンス,上松 大輝,佐野 隆司,2,75
東京エクセレンス,上松 大輝,長谷川 凌,2,76
東京エクセレンス,丹野 合気,齋藤 豊,2,77
東京エクセレンス,長谷川 凌,ライアン・ステファン,2,78
東京エクセレンス,長澤 健司,宮田 諭,2,79
東京エクセレンス,長澤 健司,丹野 合気,2,80
東京エクセレンス,田口 暖,小倉 渓,2,81
東京エクセレンス,樋口 大倫,宮田 諭,2,82
東京エクセレンス,樋口 大倫,丹野 合気,2,83
東京エクセレンス,齋藤 豊,宮田 諭,2,84
東京エクセレンス,ジョーダン・フェイゾン,椎名 雄大,1,85
東京エクセレンス,ライアン・ステファン,中村 ジャズ,1,86
東京エクセレンス,宮田 諭,小倉 渓,1,87
東京エクセレンス,佐野 隆司,ライアン・ステファン,1,88
東京エクセレンス,佐野 隆司,宮田 諭,1,89
東京エクセレンス,佐野 隆司,小倉 渓,1,90
東京エクセレンス,佐野 隆司,田口 暖,1,91
東京エクセレンス,佐野 隆司,齋藤 豊,1,92
東京エクセレンス,小倉 渓,ジョーダン・フェイゾン,1,93
東京エクセレンス,小倉 渓,丹野 合気,1,94
東京エクセレンス,小倉 渓,齋藤 豊,1,95
東京エクセレンス,小林 和世,佐野 隆司,1,96
東京エクセレンス,上松 大輝,丹野 合気,1,97
東京エクセレンス,上松 大輝,樋口 大倫,1,98
東京エクセレンス,丹野 合気,長谷川 凌,1,99
東京エクセレンス,中村 ジャズ,ジョーダン・フェイゾン,1,100
東京エクセレンス,中村 ジャズ,ライアン・ステファン,1,101
東京エクセレンス,中村 ジャズ,樋口 大倫,1,102
東京エクセレンス,長谷川 凌,ジョーダン・フェイゾン,1,103
東京エクセレンス,長谷川 凌,佐野 隆司,1,104
東京エクセレンス,長谷川 凌,田口 暖,1,105
東京エクセレンス,長谷川 凌,齋藤 豊,1,106
東京エクセレンス,長澤 健司,佐野 隆司,1,107
東京エクセレンス,長澤 健司,長谷川 凌,1,108
東京エクセレンス,樋口 大倫,長谷川 凌,1,109
東京エクセレンス,樋口 大倫,齋藤 豊,1,110
東京エクセレンス,齋藤 豊,佐野 隆司,1,111
東京エクセレンス,齋藤 豊,上松 大輝,1,112
福島ファイヤーボンズ,鈴木 大,シャヒード・デイビス,67,1
福島ファイヤーボンズ,神原 裕司,シャヒード・デイビス,48,2
福島ファイヤーボンズ,村上 慎也,シャヒード・デイビス,40,3
福島ファイヤーボンズ,シャヒード・デイビス,ステフォン・ブレア,32,4
福島ファイヤーボンズ,シャヒード・デイビス,鈴木 大,29,5
福島ファイヤーボンズ,武藤 修平,シャヒード・デイビス,27,6
福島ファイヤーボンズ,シャヒード・デイビス,喜久山 貴一,20,7
福島ファイヤーボンズ,喜久山 貴一,シャヒード・デイビス,20,8
福島ファイヤーボンズ,シャヒード・デイビス,武藤 修平,18,9
福島ファイヤーボンズ,前田 陽介,シャヒード・デイビス,18,10
福島ファイヤーボンズ,シャヒード・デイビス,村上 慎也,17,11
福島ファイヤーボンズ,鈴木 大,武藤 修平,16,12
福島ファイヤーボンズ,シャヒード・デイビス,チリジ・ネパウェ,15,13
福島ファイヤーボンズ,シャヒード・デイビス,前田 陽介,15,14
福島ファイヤーボンズ,神原 裕司,鈴木 大,15,15
福島ファイヤーボンズ,神原 裕司,村上 慎也,14,16
福島ファイヤーボンズ,村上 慎也,神原 裕司,14,17
福島ファイヤーボンズ,鈴木 大,神原 裕司,13,18
福島ファイヤーボンズ,武藤 修平,鈴木 大,12,19
福島ファイヤーボンズ,シャヒード・デイビス,神原 裕司,11,20
福島ファイヤーボンズ,喜久山 貴一,チリジ・ネパウェ,11,21
福島ファイヤーボンズ,菊池 広明,シャヒード・デイビス,11,22
福島ファイヤーボンズ,鈴木 大,ステフォン・ブレア,11,23
福島ファイヤーボンズ,村上 慎也,喜久山 貴一,10,24
福島ファイヤーボンズ,シャヒード・デイビス,菊池 広明,9,25
福島ファイヤーボンズ,チリジ・ネパウェ,シャヒード・デイビス,9,26
福島ファイヤーボンズ,喜久山 貴一,武藤 修平,9,27
福島ファイヤーボンズ,神原 裕司,喜久山 貴一,9,28
福島ファイヤーボンズ,神原 裕司,武藤 修平,9,29
福島ファイヤーボンズ,村上 慎也,武藤 修平,9,30
福島ファイヤーボンズ,武藤 修平,村上 慎也,9,31
福島ファイヤーボンズ,鈴木 大,チリジ・ネパウェ,9,32
福島ファイヤーボンズ,喜久山 貴一,ステフォン・ブレア,8,33
福島ファイヤーボンズ,喜久山 貴一,鈴木 大,8,34
福島ファイヤーボンズ,菊池 広明,鈴木 大,8,35
福島ファイヤーボンズ,徳川 慎之介,シャヒード・デイビス,8,36
福島ファイヤーボンズ,神原 裕司,ステフォン・ブレア,7,37
福島ファイヤーボンズ,神原 裕司,チリジ・ネパウェ,7,38
福島ファイヤーボンズ,神原 裕司,菊池 広明,7,39
福島ファイヤーボンズ,神原 裕司,前田 陽介,7,40
福島ファイヤーボンズ,村上 慎也,鈴木 大,7,41
福島ファイヤーボンズ,ステフォン・ブレア,シャヒード・デイビス,6,42
福島ファイヤーボンズ,喜久山 貴一,村上 慎也,6,43
福島ファイヤーボンズ,神原 裕司,徳川 慎之介,6,44
福島ファイヤーボンズ,村上 慎也,ステフォン・ブレア,6,45
福島ファイヤーボンズ,村上 慎也,徳川 慎之介,6,46
福島ファイヤーボンズ,シャヒード・デイビス,徳川 慎之介,5,47
福島ファイヤーボンズ,ステフォン・ブレア,前田 陽介,5,48
福島ファイヤーボンズ,喜久山 貴一,神原 裕司,5,49
福島ファイヤーボンズ,菊池 広明,村上 慎也,5,50
福島ファイヤーボンズ,村上 慎也,菊池 広明,5,51
福島ファイヤーボンズ,村上 慎也,前田 陽介,5,52
福島ファイヤーボンズ,武藤 修平,ステフォン・ブレア,5,53
福島ファイヤーボンズ,武藤 修平,チリジ・ネパウェ,5,54
福島ファイヤーボンズ,鈴木 大,菊池 広明,5,55
福島ファイヤーボンズ,鈴木 大,前田 陽介,5,56
福島ファイヤーボンズ,チリジ・ネパウェ,徳川 慎之介,4,57
福島ファイヤーボンズ,喜久山 貴一,菊池 広明,4,58
福島ファイヤーボンズ,菊池 広明,武藤 修平,4,59
福島ファイヤーボンズ,前田 陽介,ステフォン・ブレア,4,60
福島ファイヤーボンズ,前田 陽介,神原 裕司,4,61
福島ファイヤーボンズ,前田 陽介,村上 慎也,4,62
福島ファイヤーボンズ,村上 慎也,チリジ・ネパウェ,4,63
福島ファイヤーボンズ,徳川 慎之介,チリジ・ネパウェ,4,64
福島ファイヤーボンズ,徳川 慎之介,神原 裕司,4,65
福島ファイヤーボンズ,徳川 慎之介,村上 慎也,4,66
福島ファイヤーボンズ,武藤 修平,喜久山 貴一,4,67
福島ファイヤーボンズ,武藤 修平,菊池 広明,4,68
福島ファイヤーボンズ,武藤 修平,神原 裕司,4,69
福島ファイヤーボンズ,鈴木 大,喜久山 貴一,4,70
福島ファイヤーボンズ,シャヒード・デイビス,山内 翼,3,71
福島ファイヤーボンズ,ステフォン・ブレア,神原 裕司,3,72
福島ファイヤーボンズ,ステフォン・ブレア,鈴木 大,3,73
福島ファイヤーボンズ,チリジ・ネパウェ,神原 裕司,3,74
福島ファイヤーボンズ,喜久山 貴一,前田 陽介,3,75
福島ファイヤーボンズ,菊池 広明,チリジ・ネパウェ,3,76
福島ファイヤーボンズ,前田 陽介,チリジ・ネパウェ,3,77
福島ファイヤーボンズ,前田 陽介,武藤 修平,3,78
福島ファイヤーボンズ,前田 陽介,鈴木 大,3,79
福島ファイヤーボンズ,徳川 慎之介,武藤 修平,3,80
福島ファイヤーボンズ,徳川 慎之介,鈴木 大,3,81
福島ファイヤーボンズ,鈴木 大,山内 翼,3,82
福島ファイヤーボンズ,ステフォン・ブレア,村上 慎也,2,83
福島ファイヤーボンズ,ステフォン・ブレア,武藤 修平,2,84
福島ファイヤーボンズ,チリジ・ネパウェ,前田 陽介,2,85
福島ファイヤーボンズ,チリジ・ネパウェ,村上 慎也,2,86
福島ファイヤーボンズ,チリジ・ネパウェ,鈴木 大,2,87
福島ファイヤーボンズ,喜久山 貴一,徳川 慎之介,2,88
福島ファイヤーボンズ,菊池 広明,喜久山 貴一,2,89
福島ファイヤーボンズ,山内 翼,シャヒード・デイビス,2,90
福島ファイヤーボンズ,前田 陽介,喜久山 貴一,2,91
福島ファイヤーボンズ,前田 陽介,山内 翼,2,92
福島ファイヤーボンズ,前田 陽介,徳川 慎之介,2,93
福島ファイヤーボンズ,徳川 慎之介,ステフォン・ブレア,2,94
福島ファイヤーボンズ,徳川 慎之介,前田 陽介,2,95
福島ファイヤーボンズ,武藤 修平,前田 陽介,2,96
福島ファイヤーボンズ,鈴木 大,村上 慎也,2,97
福島ファイヤーボンズ,チリジ・ネパウェ,喜久山 貴一,1,98
福島ファイヤーボンズ,チリジ・ネパウェ,菊池 広明,1,99
福島ファイヤーボンズ,チリジ・ネパウェ,武藤 修平,1,100
福島ファイヤーボンズ,菊池 広明,ステフォン・ブレア,1,101
福島ファイヤーボンズ,菊池 広明,山内 翼,1,102
福島ファイヤーボンズ,菊池 広明,神原 裕司,1,103
福島ファイヤーボンズ,菊池 広明,前田 陽介,1,104
福島ファイヤーボンズ,山内 翼,鈴木 大,1,105
福島ファイヤーボンズ,前田 陽介,菊池 広明,1,106
福島ファイヤーボンズ,徳川 慎之介,喜久山 貴一,1,107
福島ファイヤーボンズ,武藤 修平,山内 翼,1,108
福島ファイヤーボンズ,武藤 修平,徳川 慎之介,1,109
福島ファイヤーボンズ,鈴木 大,徳川 慎之介,1,110
