"RANK","PLAYER","TEAM","G","GS","MIN","MINPG","PPG","FGMPG","FGAPG","FG%","2FGMPG","2FGAPG","2FG%","3FGMPG","3FGAPG","3FG%","FTMPG","FTAPG","FT%","ORPG","DRPG","RPG","APG","TOPG","STPG","BSPG","BSRPG","FPG","FDPG","EFFPG","PLUSMINUS","POSITION"
1,"マイルズ・ヘソン","富山",22,8,629.9,28.6,22.9,7.0,15.6,"45.1%",4.6,8.9,"51.5%",2.5,6.7,"36.5%",6.3,7.5,"84.8%",1.4,4.3,5.7,3.2,3.9,1.8,0.7,0.6,2.4,6.2,23.9,-3.3,"SF/PF"
2,"ペリン・ビュフォード","島根",58,58,2051.2,35.4,22.5,8.1,17.1,"47.2%",6.8,13.5,"50.4%",1.3,3.6,"35.1%",5.1,6.5,"77.9%",1.2,8.3,9.5,7.9,3.1,1.5,0.9,0.6,2.2,5.8,31.6,7.8,"SF"
3,"ニック・ファジーカス","川崎",58,56,1823.5,31.4,20.8,8.0,15.5,"51.5%",6.6,12.1,"54.8%",1.4,3.4,"40.0%",3.4,4.1,"83.7%",2.0,8.0,9.9,4.5,3.2,1.0,0.2,0.3,1.6,3.7,26.8,5.5,"C"
4,"ダバンテ・ガードナー","三河",60,34,1871.3,31.2,20.8,7.5,14.8,"51.0%",6.4,11.1,"58.0%",1.1,3.7,"30.2%",4.6,5.4,"84.9%",1.8,6.5,8.3,3.6,2.0,0.9,0.4,0.4,2.1,4.8,26.1,0.6,"C/PF"
5,"トレイ・ジョーンズ","群馬",51,48,1435.0,28.1,20.3,6.9,12.9,"53.5%",5.8,10.2,"56.9%",1.1,2.7,"40.7%",5.3,6.0,"88.8%",0.5,3.6,4.1,4.8,2.9,0.9,0.4,0.5,2.5,6.2,23.9,2.6,"SF"
6,"ブライス・ジョンソン","富山",33,27,964.9,29.2,19.7,7.7,14.5,"53.1%",6.6,11.4,"58.4%",1.1,3.2,"34.3%",3.2,4.4,"72.2%",2.3,8.1,10.4,2.1,2.9,0.9,1.0,0.7,2.5,3.5,23.3,-6.4,"PF"
7,"河村 勇輝","横浜BC",52,50,1469.1,28.3,19.5,6.7,15.7,"42.3%",3.9,7.7,"50.5%",2.8,8.0,"34.4%",3.4,4.2,"80.8%",0.4,2.9,3.4,8.5,3.1,1.5,0.1,0.5,1.9,3.9,21.3,4.7,"PG"
8,"D.J・ニュービル","大阪",60,60,2001.6,33.4,19.4,6.5,13.5,"48.2%",3.8,6.4,"59.7%",2.7,7.1,"37.7%",3.7,5.0,"75.4%",0.6,3.5,4.2,5.5,2.5,1.4,0.1,0.5,2.2,5.2,22.3,-0.7,"PG/SG"
9,"コティ・クラーク","名古屋D",53,51,1575.2,29.7,19.3,7.2,14.3,"50.3%",4.6,8.1,"57.1%",2.6,6.2,"41.5%",2.3,2.9,"78.6%",1.6,5.2,6.9,4.5,2.3,1.2,0.3,0.4,2.3,2.7,22.0,8.6,"PF"
10,"コフィ・コーバーン","新潟",49,43,1581.1,32.3,19.0,7.9,13.9,"57.0%",7.9,13.9,"57.1%",0.0,0.0,"0.0%",3.1,5.1,"60.7%",4.9,7.4,12.3,1.9,2.4,0.7,0.8,0.7,2.0,4.9,26.4,-7.9,"C"
11,"カイル・オクイン","三遠",37,36,1192.6,32.2,18.8,7.2,13.6,"52.8%",6.2,10.4,"59.4%",1.0,3.2,"31.7%",3.4,4.4,"77.6%",2.4,9.0,11.5,4.0,2.8,0.8,2.0,0.9,2.7,4.0,27.0,-1.7,"C/PF"
12,"クインシー・ミラー","三河",28,21,834.8,29.8,18.6,7.0,12.8,"54.9%",5.1,7.9,"64.7%",1.9,4.9,"39.1%",2.6,3.2,"81.1%",2.0,6.7,8.8,1.5,1.9,1.0,0.8,0.4,1.9,3.0,23.0,1.5,"SF/PF"
13,"イヴァン・ブバ","滋賀",26,26,733.2,28.2,18.3,7.3,14.7,"49.3%",6.6,11.7,"56.3%",0.7,3.0,"22.8%",3.0,5.0,"60.3%",3.2,6.4,9.6,1.5,2.7,0.7,0.5,0.5,2.4,5.3,20.8,-0.8,"C"
14,"ジョシュ・ホーキンソン","信州",56,55,1906.7,34.0,18.2,6.6,12.6,"51.8%",5.1,8.2,"61.8%",1.5,4.5,"33.6%",3.6,4.4,"81.1%",1.8,7.5,9.3,2.8,1.2,0.8,1.4,0.3,1.7,4.2,26.6,2.3,"C/PF"
15,"ジョーダン・ハミルトン","滋賀",14,12,405.8,29.0,18.0,6.6,15.2,"43.7%",4.2,8.6,"49.2%",2.4,6.6,"36.6%",2.3,3.6,"64.0%",1.2,5.6,6.8,3.9,2.5,0.6,0.2,0.8,2.3,3.6,17.6,-8.9,""
16,"ブロック・モータム","北海道",57,54,1741.4,30.6,17.7,6.8,12.7,"53.7%",5.1,8.6,"59.1%",1.7,4.1,"42.3%",2.3,2.8,"82.0%",1.7,5.0,6.6,2.6,1.9,0.9,0.3,0.6,1.7,2.7,20.1,-4.1,"PF"
17,"ノヴァー・ガドソン","富山",28,25,772.8,27.6,17.6,6.5,13.4,"48.4%",5.4,9.5,"56.4%",1.1,3.9,"29.1%",3.5,4.1,"84.5%",1.2,4.3,5.5,3.5,2.6,0.9,0.3,0.9,2.0,3.3,18.0,-6.0,"SF"
18,"スタントン・キッド","秋田",60,60,1942.4,32.4,17.6,6.4,15.3,"42.0%",3.8,7.6,"49.5%",2.7,7.7,"34.6%",2.1,2.5,"82.7%",0.9,4.7,5.6,2.5,1.7,1.1,0.4,0.4,2.1,2.3,15.9,0.9,"SF"
19,"ライアン・ケリー","SR渋谷",52,41,1468.9,28.2,17.6,6.2,13.8,"44.7%",4.4,8.4,"52.6%",1.7,5.3,"32.1%",3.5,4.5,"79.0%",0.9,4.6,5.5,2.4,1.3,0.9,0.9,0.4,1.5,3.7,19.3,-0.9,"SF/PF"
20,"ジョシュア・スミス","富山",46,39,1212.4,26.4,17.5,7.1,9.7,"73.4%",7.1,9.6,"73.5%",0.0,0.0,"50.0%",3.3,5.5,"60.2%",3.9,5.7,9.5,2.2,2.2,0.9,0.5,0.2,2.5,5.0,25.8,-2.7,"C"
21,"ヤンテ・メイテン","三遠",12,12,322.9,26.9,17.4,6.1,12.6,"48.3%",4.9,9.1,"54.1%",1.2,3.5,"33.3%",4.1,5.6,"73.1%",3.2,5.9,9.1,1.8,1.8,1.1,1.6,0.8,2.7,4.5,22.0,4.2,"PF"
22,"デクアン・ジョーンズ","滋賀",24,10,628.4,26.2,17.2,6.1,12.7,"48.2%",4.0,7.1,"55.9%",2.2,5.6,"38.5%",2.8,4.0,"69.8%",1.3,4.3,5.7,2.7,2.0,1.0,0.4,0.5,2.3,3.3,17.5,-5.0,"SF/PF"
23,"ショーン・ロング","北海道",59,33,1531.8,26.0,17.2,6.6,10.5,"63.1%",6.5,10.0,"64.5%",0.2,0.5,"32.1%",3.8,5.8,"65.5%",3.9,5.1,9.0,1.6,1.9,0.8,0.8,0.3,2.2,4.7,23.7,-1.8,"C/PF"
24,"ジェロード・ユトフ","京都",60,60,1910.3,31.8,17.2,6.4,14.9,"43.1%",4.1,8.2,"49.8%",2.4,6.7,"35.0%",2.0,2.4,"83.3%",2.1,6.9,8.9,2.3,2.0,1.3,1.4,0.4,1.5,2.6,21.0,-2.4,"PF"
25,"ヴィック・ロー","千葉J",54,46,1515.0,28.1,17.1,6.5,13.2,"49.4%",4.9,8.8,"55.3%",1.6,4.4,"37.6%",2.3,3.3,"70.8%",2.2,5.9,8.1,3.0,1.4,1.0,0.4,0.3,2.2,3.1,21.2,8.1,"SF/PF"
26,"クリストファー・スミス","千葉J",56,20,1335.3,23.8,17.0,5.6,10.8,"51.7%",3.0,4.8,"61.3%",2.6,5.9,"43.8%",3.2,4.4,"74.2%",1.1,3.2,4.3,2.3,1.1,0.8,0.4,0.2,2.1,3.8,18.8,11.0,"SG/SF"
27,"ロスコ・アレン","新潟",33,26,931.0,28.2,16.9,5.8,12.5,"47.0%",4.3,8.4,"51.6%",1.5,4.1,"37.3%",3.7,4.9,"75.2%",1.7,5.4,7.1,3.3,1.8,0.6,0.5,0.7,1.5,4.6,21.0,-7.2,"SF/PF"
28,"ラショーン・トーマス","仙台",43,18,1072.4,24.9,16.9,6.3,12.7,"49.2%",5.7,11.2,"51.5%",0.5,1.6,"32.8%",3.8,5.4,"71.1%",2.1,5.4,7.5,3.2,2.9,1.7,0.8,0.4,3.1,4.9,20.3,-2.1,"C/PF"
29,"ドウェイン・エバンス","広島",55,50,1580.2,28.7,16.6,5.9,11.2,"52.4%",5.1,9.1,"56.4%",0.7,2.1,"35.0%",4.1,5.4,"75.3%",1.7,5.9,7.6,4.0,2.1,1.0,0.4,0.6,1.7,6.3,24.9,4.7,"SF/PF"
30,"ジャック・クーリー","琉球",58,58,1641.6,28.3,16.4,6.1,9.9,"62.1%",6.1,9.8,"62.5%",0.0,0.1,"28.6%",4.1,5.2,"78.0%",5.2,7.5,12.7,1.4,1.2,0.9,0.6,0.6,2.1,4.7,28.0,8.2,"C"
31,"ケビン・ジョーンズ","SR渋谷",58,37,1689.3,29.1,16.3,6.4,12.9,"49.9%",4.5,8.0,"56.6%",1.9,4.9,"38.9%",1.6,2.4,"64.3%",2.4,5.0,7.4,1.7,0.8,0.9,0.8,0.2,1.2,2.0,19.5,-1.1,"PF"
32,"シェック・ディアロ","京都",59,59,1732.4,29.4,16.3,6.9,10.9,"63.5%",6.8,10.6,"64.7%",0.1,0.3,"17.6%",2.4,3.5,"70.1%",3.1,7.0,10.1,1.5,2.2,0.6,0.5,0.5,2.8,4.0,22.5,-2.8,"C/PF"
33,"安藤 誓哉","島根",59,59,2085.0,35.3,16.1,5.6,13.4,"41.7%",2.4,4.9,"48.3%",3.2,8.5,"38.0%",1.6,1.9,"83.9%",0.5,2.0,2.4,3.5,1.3,0.6,0.0,0.3,1.8,2.3,13.4,8.0,"PG"
34,"チャールズ・ジャクソン","横浜BC",59,59,1708.6,29.0,15.9,6.5,9.5,"68.5%",6.5,9.4,"68.6%",0.0,0.0,"0.0%",2.9,5.9,"49.7%",4.2,6.5,10.7,1.5,1.5,1.1,0.7,0.7,2.6,4.8,23.8,5.1,"C"
35,"アイゼイア・ヒックス","三遠",50,41,1434.0,28.7,15.8,6.3,12.0,"52.7%",5.8,9.7,"59.7%",0.5,2.3,"23.3%",2.6,3.5,"73.4%",2.0,5.0,7.0,2.7,2.7,0.9,0.7,0.6,3.4,3.4,17.2,-0.6,"PF"
36,"アレン・ダーラム","琉球",59,15,1613.8,27.4,15.6,5.7,11.1,"51.6%",5.1,9.1,"56.0%",0.7,2.1,"32.2%",3.5,5.0,"70.1%",2.2,5.5,7.7,3.6,1.9,0.9,0.3,0.6,1.8,4.5,21.6,6.1,"PF"
37,"スコット・エサトン","名古屋D",55,47,1537.4,28.0,15.6,6.3,10.1,"62.3%",5.8,8.7,"66.3%",0.5,1.3,"36.5%",2.5,3.4,"72.0%",3.3,5.5,8.8,2.0,1.8,0.8,0.6,0.7,2.4,3.4,21.6,4.9,"C/PF"
38,"ケリー・ブラックシアー・ジュニア","広島",58,29,1491.8,25.7,15.4,5.3,10.3,"51.5%",3.9,6.9,"56.6%",1.4,3.3,"40.9%",3.5,4.2,"83.5%",2.5,5.5,8.0,3.6,1.8,1.1,0.5,0.3,3.0,4.5,22.4,5.4,"C/PF"
39,"ニック・ケイ","島根",60,56,1809.3,30.2,15.4,5.6,10.5,"53.5%",4.0,6.8,"58.3%",1.7,3.7,"44.6%",2.5,2.9,"88.4%",2.7,5.2,7.9,3.4,1.1,0.8,0.5,0.3,1.9,3.6,23.1,7.9,"C/PF"
40,"セバスチャン・サイズ","A東京",60,48,1657.2,27.6,15.1,5.6,10.7,"51.8%",5.3,10.0,"53.2%",0.2,0.7,"32.6%",3.8,5.0,"76.8%",3.2,6.0,9.1,1.4,1.6,1.2,1.2,0.4,2.1,4.1,21.7,7.6,"C/PF"
41,"チェハーレス・タプスコット","茨城",60,59,2066.4,34.4,15.1,5.7,13.1,"43.3%",4.6,9.6,"48.1%",1.1,3.5,"30.0%",2.7,3.8,"71.6%",1.7,5.7,7.4,5.3,2.2,1.4,0.6,0.6,2.2,3.8,20.0,0.8,"PF"
42,"富樫 勇樹","千葉J",60,59,1753.7,29.2,15.0,5.1,13.1,"39.0%",2.2,4.7,"47.0%",2.9,8.4,"34.6%",1.9,2.3,"82.5%",0.3,1.4,1.7,5.6,2.3,0.7,0.0,0.5,1.2,2.4,13.0,9.3,"PG"
43,"ジェームズ・マイケル・マカドゥ","SR渋谷",50,41,1298.5,26.0,15.0,6.0,10.2,"59.1%",6.0,10.0,"59.9%",0.0,0.2,"12.5%",2.9,5.1,"58.1%",2.6,5.9,8.5,2.1,1.6,1.5,0.5,0.4,1.9,4.3,21.7,-1.0,"C/PF"
44,"ジョン・ムーニー","千葉J",54,52,1608.9,29.8,14.5,5.9,10.2,"57.4%",5.4,8.7,"61.6%",0.5,1.5,"32.5%",2.3,3.2,"71.3%",3.9,8.3,12.2,2.4,0.8,1.1,0.9,0.3,2.0,2.7,25.4,9.6,"C/PF"
45,"アラン・ウィリアムズ","名古屋D",19,6,456.8,24.0,14.5,5.6,12.5,"44.7%",5.5,11.9,"45.8%",0.1,0.5,"20.0%",3.2,4.5,"70.9%",3.9,6.8,10.7,2.5,2.5,1.2,0.8,0.5,3.3,4.7,19.7,5.9,"C"
46,"ジャスティン・コブス","A東京",47,47,1228.9,26.1,14.3,5.2,11.2,"46.6%",4.2,8.7,"48.3%",1.0,2.5,"40.7%",2.9,3.7,"78.0%",0.4,1.6,2.0,4.5,1.7,0.7,0.0,0.5,1.3,4.5,15.7,6.0,"PG"
47,"ニック・メイヨ","広島",55,39,1438.8,26.2,14.2,5.2,9.7,"53.5%",3.7,6.3,"58.6%",1.5,3.4,"43.9%",2.3,2.7,"85.3%",1.2,4.0,5.2,2.6,1.3,0.6,0.5,0.3,1.8,2.2,16.9,3.2,"C/PF"
48,"ケヴェ・アルマ","新潟",59,47,1672.2,28.3,13.9,5.0,11.3,"44.2%",3.2,6.4,"50.9%",1.8,5.0,"35.7%",2.1,2.6,"80.3%",1.4,5.6,7.0,3.1,2.3,1.2,0.7,0.3,2.3,3.2,17.2,-6.1,"C/PF"
49,"ウェイン・マーシャル","信州",9,9,222.4,24.7,13.8,5.1,9.2,"55.4%",4.8,7.7,"62.3%",0.3,1.6,"21.4%",3.2,4.6,"70.7%",2.0,4.4,6.4,1.3,2.3,0.2,1.3,0.4,3.0,3.6,15.4,2.4,"C"
50,"ジョナサン・ウィリアムズ","FE名古屋",52,27,1426.4,27.4,13.6,5.7,10.2,"55.9%",5.5,9.3,"59.0%",0.2,0.8,"20.9%",2.1,3.3,"62.2%",3.2,5.7,9.0,1.8,2.4,0.7,0.8,0.4,2.2,3.7,18.9,-5.2,"C/PF"
51,"ネイサン・ブース","仙台",60,47,1707.7,28.5,13.6,5.2,11.3,"45.9%",3.3,6.3,"52.0%",1.9,5.0,"38.3%",1.3,1.6,"79.2%",2.0,4.6,6.6,2.4,1.5,0.9,0.7,0.2,2.4,1.6,15.1,-0.7,"C/PF"
52,"ジェレミー・ジョーンズ","FE名古屋",60,60,1851.6,30.9,13.5,4.7,10.9,"43.1%",2.8,5.2,"54.7%",1.9,5.7,"32.7%",2.3,3.0,"76.7%",1.7,4.0,5.8,2.2,1.6,2.2,0.6,0.3,2.4,3.2,16.2,-2.4,"SF/PF"
53,"デビン・オリバー","横浜BC",60,60,1738.3,29.0,13.4,5.4,11.0,"49.2%",4.3,8.1,"53.3%",1.1,2.9,"37.6%",1.6,2.3,"66.9%",1.8,7.4,9.2,3.8,1.7,1.5,0.4,0.7,2.1,2.1,19.6,3.0,"SF/PF"
54,"マシュー・ライト","京都",56,54,1670.1,29.8,13.4,4.7,11.9,"39.4%",2.3,5.7,"40.8%",2.3,6.1,"38.1%",1.7,1.9,"85.3%",0.5,2.4,2.9,4.7,2.3,1.1,0.1,0.3,2.5,2.1,11.6,-1.4,"PG/SG"
55,"岡田 侑大","信州",53,16,1376.9,26.0,13.3,4.8,11.8,"40.5%",3.4,6.7,"50.4%",1.4,5.1,"27.7%",2.3,2.9,"79.2%",0.3,1.9,2.2,3.9,2.4,0.8,0.1,0.5,1.9,3.6,11.5,1.3,"PG/SG"
56,"エリック・ジェイコブセン","茨城",59,59,1744.1,29.6,13.2,4.7,8.0,"58.6%",4.2,6.7,"62.5%",0.5,1.3,"38.2%",3.3,4.2,"80.0%",2.9,5.7,8.6,2.4,1.5,0.6,0.7,0.5,2.6,4.2,20.9,0.5,"C/PF"
57,"ショーン・オマラ","大阪",55,44,1338.6,24.3,13.1,5.7,10.3,"54.9%",5.6,10.1,"55.6%",0.0,0.2,"20.0%",1.7,2.9,"59.5%",2.8,5.1,7.9,1.8,2.1,0.6,0.6,0.5,2.6,3.2,16.1,2.6,"C"
58,"ジャスティン・バーレル","仙台",60,54,1637.6,27.3,13.0,4.9,8.6,"57.0%",4.8,8.0,"59.3%",0.1,0.6,"23.5%",3.1,5.4,"57.8%",1.7,6.9,8.6,3.3,2.3,0.6,0.6,0.3,2.0,5.8,21.3,-3.7,"C/PF"
59,"比江島 慎","宇都宮",54,52,1274.5,23.6,13.0,4.3,9.5,"44.9%",2.3,5.0,"46.3%",1.9,4.5,"43.4%",2.5,3.4,"73.1%",0.6,1.9,2.4,4.2,2.0,0.8,0.4,0.5,1.9,4.4,14.7,5.0,"SG"
60,"アイザック・フォトゥ","宇都宮",58,57,1557.2,26.8,12.9,5.7,10.3,"54.9%",5.4,9.7,"56.1%",0.2,0.6,"36.1%",1.3,2.3,"58.8%",2.9,3.6,6.5,1.7,0.8,0.5,0.2,0.3,1.5,3.3,16.9,2.8,"PF"
61,"ケルヴィン・マーティン","滋賀",54,39,1460.3,27.0,12.8,5.3,11.0,"47.9%",4.4,8.1,"54.1%",0.9,2.9,"30.8%",1.3,2.0,"66.0%",2.0,4.9,6.9,1.9,1.7,1.6,0.6,0.3,3.5,2.4,14.1,-3.5,"SF/PF"
62,"マット・ジャニング","川崎",24,16,537.5,22.4,12.7,3.9,9.7,"40.5%",1.9,3.7,"51.1%",2.0,6.0,"34.0%",2.8,3.0,"91.8%",0.5,2.1,2.7,3.1,1.2,0.9,0.3,0.1,1.7,3.8,14.4,3.2,"SG"
63,"アレックス・マーフィー","北海道",30,19,701.3,23.4,12.6,4.8,10.1,"47.9%",4.0,6.8,"58.0%",0.9,3.3,"26.5%",2.1,3.9,"53.8%",0.9,3.7,4.6,2.4,1.1,0.6,0.2,0.7,1.5,2.9,12.9,-8.1,""
64,"マイケル・パーカー","群馬",56,56,1728.7,30.9,12.5,5.3,9.1,"58.6%",4.6,6.9,"67.2%",0.7,2.2,"31.7%",1.1,2.0,"54.5%",2.3,5.9,8.1,1.6,0.7,1.6,1.2,0.3,1.9,1.6,18.9,0.8,"PF"
65,"テーブス 海","滋賀",48,48,1453.2,30.3,12.4,4.6,12.3,"37.2%",3.1,7.3,"42.7%",1.5,5.0,"29.2%",1.8,2.5,"71.9%",0.5,3.2,3.7,6.9,2.9,0.9,0.0,0.5,1.5,2.9,13.5,-7.4,"PG"
66,"田口 成浩","秋田",22,0,419.7,19.1,12.3,4.4,9.5,"46.2%",2.1,4.1,"50.5%",2.3,5.4,"42.9%",1.2,1.3,"92.9%",0.8,1.1,2.0,1.5,1.2,0.4,0.1,0.3,1.5,1.2,9.3,0.0,"SG"
67,"古川 孝敏","秋田",45,43,1079.8,24.0,12.2,4.8,10.3,"46.5%",3.7,7.2,"51.9%",1.1,3.1,"34.3%",1.5,2.0,"76.7%",0.6,1.6,2.2,1.5,1.2,0.2,0.0,0.4,1.1,1.9,9.3,2.2,"SG/SF"
68,"マイケル・ヤングジュニア","川崎",55,34,1470.1,26.7,12.2,4.6,8.4,"54.3%",4.0,6.9,"58.2%",0.6,1.6,"37.2%",2.4,3.3,"72.5%",1.3,4.0,5.3,2.9,2.2,1.0,0.4,0.2,1.6,3.4,16.3,2.1,"PF"
69,"エヴァンス ルーク","FE名古屋",56,55,1738.6,31.0,12.1,4.7,10.6,"44.2%",3.4,6.7,"51.2%",1.3,3.9,"32.3%",1.5,2.5,"59.2%",1.8,4.5,6.3,2.3,1.7,1.1,0.5,0.7,2.8,2.7,12.8,-1.5,"PF"
70,"藤井 祐眞","川崎",60,57,1491.6,24.9,12.1,3.6,8.8,"40.6%",1.6,3.6,"44.6%",2.0,5.3,"38.0%",2.9,3.7,"78.7%",0.6,1.9,2.5,5.1,2.1,1.0,0.0,0.2,2.3,4.0,14.2,4.9,"PG/SG"
71,"ジョーダン・ヒース","川崎",55,50,1722.7,31.3,11.9,4.5,7.9,"57.5%",3.2,4.2,"77.4%",1.3,3.7,"35.0%",1.5,2.8,"55.2%",2.5,5.9,8.4,1.3,0.8,0.9,1.8,0.2,1.8,2.7,19.5,7.1,"C/PF"
72,"アンドリュー・ランダル","FE名古屋",49,32,1272.8,26.0,11.8,3.8,8.8,"42.7%",3.0,6.1,"49.3%",0.8,2.8,"28.1%",3.5,4.4,"79.3%",1.5,4.5,6.0,3.3,1.5,1.1,0.1,0.2,1.3,4.1,17.6,-0.9,"SF"
73,"安藤 周人","A東京",57,40,1423.0,25.0,11.8,3.9,9.9,"39.9%",1.6,3.3,"48.9%",2.4,6.6,"35.4%",1.6,2.0,"76.7%",0.2,1.4,1.7,2.4,1.2,0.6,0.2,0.1,1.6,1.8,9.1,5.9,"SG"
74,"ジョシュ・スコット","宇都宮",49,45,1431.9,29.2,11.7,4.4,8.7,"51.4%",4.4,8.6,"51.8%",0.0,0.1,"20.0%",2.8,4.3,"65.2%",2.8,7.2,10.0,1.8,1.1,0.7,0.7,0.6,1.7,4.6,20.4,0.8,"C/PF"
75,"スティーブン・グリーン","新潟",17,4,340.8,20.0,11.6,3.7,9.9,"37.5%",2.1,4.5,"46.8%",1.6,5.4,"29.7%",2.6,3.1,"84.6%",0.5,2.9,3.4,2.3,2.5,1.3,0.2,0.1,1.1,2.5,11.1,-10.8,""
76,"サーディ・ラベナ","三遠",60,37,1563.0,26.1,11.5,4.3,10.0,"43.4%",3.6,6.9,"51.9%",0.7,3.0,"23.8%",2.1,3.2,"67.7%",1.1,3.8,4.9,4.3,2.6,1.1,0.2,0.5,2.6,3.6,13.3,-1.2,"SG"
77,"西田 優大","三河",59,58,1663.4,28.2,11.3,4.3,9.1,"46.7%",2.9,5.5,"51.7%",1.4,3.6,"38.9%",1.4,2.1,"65.6%",0.6,1.7,2.2,2.8,1.6,0.9,0.3,0.6,1.5,2.4,10.6,-1.2,"SG/SF"
78,"今村 佳太","琉球",60,59,1596.9,26.6,11.3,4.1,10.7,"38.1%",2.2,5.1,"42.9%",1.9,5.6,"33.8%",1.2,1.5,"80.4%",0.5,1.9,2.5,3.6,1.7,1.1,0.2,0.4,1.6,1.6,9.6,7.0,"SG/SF"
79,"佐々木 隆成","三遠",39,32,1017.9,26.1,11.2,4.2,10.2,"41.5%",2.7,5.6,"49.3%",1.5,4.6,"32.0%",1.3,1.5,"83.3%",0.6,1.4,2.0,4.2,1.7,1.0,0.2,0.3,1.9,2.3,10.8,-2.8,"PG/SG"
80,"齋藤 拓実","名古屋D",46,37,1100.8,23.9,11.1,3.9,9.3,"41.5%",2.3,5.2,"43.9%",1.6,4.2,"38.5%",1.7,2.2,"79.8%",0.8,1.7,2.4,6.9,2.0,1.5,0.1,0.2,1.5,2.7,15.2,10.7,"PG"
81,"ケーレブ・ターズースキー","群馬",58,54,1431.4,24.7,11.1,4.5,7.0,"65.1%",4.5,7.0,"65.1%",0.0,0.0,"0.0%",2.0,2.6,"77.3%",2.3,5.1,7.4,1.8,1.3,0.5,0.5,0.2,3.0,2.7,16.3,1.3,"C"
82,"レイ・パークスジュニア","名古屋D",36,27,895.2,24.9,11.0,3.7,8.5,"43.6%",2.1,4.1,"51.7%",1.6,4.4,"36.1%",2.0,2.4,"83.7%",1.0,2.9,3.9,2.4,1.3,1.2,0.1,0.4,2.9,3.1,11.9,7.3,"SG"
83,"ナイジェル・スパイクス","富山",2,2,62.7,31.4,11.0,5.0,10.0,"50.0%",4.5,8.0,"56.3%",0.5,2.0,"25.0%",0.5,4.5,"11.1%",4.5,9.5,14.0,3.0,2.5,1.5,1.0,0.0,3.0,2.5,18.5,-5.5,""
84,"ジョシュ・ダンカン","琉球",60,47,1359.6,22.7,11.0,3.9,7.7,"50.9%",2.7,5.0,"53.2%",1.2,2.7,"46.5%",2.0,2.5,"79.2%",1.4,4.9,6.3,1.7,1.4,0.3,0.2,0.4,1.9,2.8,14.3,1.4,"PF"
85,"熊谷 航","信州",54,45,1463.5,27.1,10.9,3.7,9.4,"39.6%",2.1,4.6,"45.3%",1.6,4.8,"34.2%",1.8,2.6,"67.8%",0.6,2.7,3.3,3.9,1.7,0.9,0.0,0.5,2.9,3.0,10.4,1.6,"PG"
86,"細川 一輝","三遠",60,41,1617.7,27.0,10.9,3.9,9.7,"40.2%",1.2,2.9,"42.3%",2.7,6.7,"39.4%",0.5,0.6,"71.1%",0.7,2.2,2.8,1.5,1.1,0.7,0.0,0.2,2.3,0.7,7.1,-0.5,"SG"
87,"リード・トラビス","島根",36,5,736.7,20.5,10.9,4.4,8.8,"50.3%",3.9,6.7,"58.3%",0.5,2.1,"24.3%",1.5,2.9,"52.4%",1.7,4.8,6.5,0.8,1.2,0.4,0.3,0.3,2.4,2.8,12.0,2.1,"PF"
88,"グラント・ジェレット","宇都宮",42,18,996.2,23.7,10.8,4.2,9.0,"46.3%",3.1,5.5,"57.4%",1.0,3.6,"29.3%",1.4,2.0,"68.6%",1.6,4.6,6.2,2.1,1.1,0.5,0.9,0.1,2.1,2.3,14.1,1.1,"PF"
89,"アンソニー・マクヘンリー","信州",54,33,1591.0,29.5,10.8,4.2,8.1,"51.9%",3.4,5.4,"62.8%",0.9,2.8,"30.9%",1.5,2.1,"70.2%",2.3,4.9,7.2,3.5,2.0,1.4,1.2,0.3,2.3,2.2,17.1,2.4,"C/PF"
90,"スティーブ・ザック","秋田",60,53,1758.4,29.3,10.6,4.2,7.5,"55.9%",4.2,7.4,"56.6%",0.0,0.1,"0.0%",2.2,3.7,"59.6%",3.3,7.7,11.0,4.5,2.4,0.9,0.8,0.5,2.7,3.5,20.9,3.5,"C"
91,"並里 成","群馬",56,46,1504.5,26.9,10.6,4.2,10.0,"41.7%",3.1,7.0,"44.7%",1.0,3.0,"34.7%",1.2,1.6,"78.2%",0.4,1.7,2.1,7.0,2.5,0.8,0.1,0.1,1.5,2.1,12.4,0.8,"PG"
92,"寺嶋 良","広島",59,59,1565.8,26.5,10.6,4.3,9.0,"47.4%",3.2,5.9,"54.3%",1.0,3.1,"33.9%",1.0,1.4,"74.4%",0.4,1.9,2.2,3.9,1.6,1.4,0.0,0.3,2.2,1.3,10.2,4.4,"PG"
93,"キーファー・ラベナ","滋賀",49,24,1233.4,25.2,10.5,3.7,9.4,"39.3%",2.3,5.2,"43.5%",1.4,4.2,"34.0%",1.7,2.2,"78.3%",0.5,2.1,2.6,4.0,1.5,1.0,0.1,0.2,2.3,2.6,10.5,-3.5,"PG/SG"
94,"久保田 義章","京都",52,42,1440.9,27.7,10.4,3.7,9.3,"39.4%",2.7,6.3,"42.1%",1.0,3.0,"33.5%",2.0,2.6,"79.7%",0.3,1.4,1.7,6.3,1.9,0.6,0.0,0.5,1.6,3.6,12.5,-2.7,"PG"
95,"モリス・ンドゥール","名古屋D",32,12,734.2,22.9,10.3,4.5,7.6,"58.6%",4.4,7.2,"61.1%",0.1,0.5,"20.0%",1.3,2.0,"64.6%",1.9,3.9,5.8,2.1,1.1,0.9,1.3,0.2,2.3,2.3,15.3,7.2,"C/PF"
96,"ライアン・ロシター","A東京",55,55,1518.8,27.6,10.3,3.7,6.9,"54.2%",3.6,6.3,"56.6%",0.2,0.6,"28.1%",2.6,3.1,"83.2%",3.2,6.5,9.6,4.2,1.3,1.4,0.5,0.2,1.6,3.2,22.5,5.5,"C/PF"
97,"アンソニー・ローレンス Ⅱ","三河",29,11,663.1,22.9,10.2,3.7,8.4,"43.3%",3.1,6.6,"47.4%",0.6,1.9,"29.1%",2.3,3.2,"73.9%",1.4,4.0,5.4,2.7,1.5,1.5,0.7,0.7,1.8,3.2,14.1,0.9,"SF"
98,"ケレム・カンター","秋田",46,7,862.3,18.7,10.1,3.7,8.0,"46.4%",2.7,5.2,"52.3%",1.0,2.8,"35.4%",1.7,2.4,"72.7%",1.5,4.5,6.0,1.3,1.2,0.4,0.2,0.4,1.5,1.9,12.0,-2.6,"PF"
99,"コーディ・デンプス","富山",37,17,929.0,25.1,10.1,3.7,9.3,"40.0%",2.8,6.4,"44.5%",0.9,2.9,"30.3%",1.8,2.6,"67.0%",1.1,3.0,4.1,4.6,2.7,1.0,0.1,0.4,1.7,3.0,11.6,-6.9,""
100,"原 修太","千葉J",59,59,1652.9,28.0,10.1,3.5,8.4,"42.2%",2.0,3.7,"54.5%",1.5,4.7,"32.4%",1.5,2.0,"76.1%",0.5,1.4,1.8,2.6,1.2,0.7,0.3,0.2,2.2,2.6,9.2,9.6,"SG/SF"
101,"パトリック・アウダ","横浜BC",53,1,913.1,17.2,9.9,3.8,7.3,"52.4%",3.8,7.2,"52.9%",0.0,0.1,"20.0%",2.2,3.8,"56.7%",1.4,2.7,4.1,1.2,1.8,0.4,0.2,0.3,2.1,3.8,10.1,-0.5,"PF"
102,"カイル・ハント","大阪",49,12,1069.9,21.8,9.9,4.2,7.8,"53.9%",4.2,7.8,"54.3%",0.0,0.1,"0.0%",1.4,2.1,"65.7%",2.3,3.4,5.7,1.2,1.6,0.5,0.5,0.4,2.3,1.9,11.0,-3.4,"C/PF"
103,"金丸 晃輔","三遠",41,24,928.3,22.6,9.8,3.3,8.1,"41.1%",1.7,3.7,"46.1%",1.6,4.4,"37.0%",1.5,1.7,"87.3%",0.2,1.1,1.3,1.4,0.6,0.3,0.1,0.2,1.2,1.8,7.6,-1.9,"SF"
104,"辻 直人","広島",57,57,1427.9,25.1,9.8,3.2,7.6,"42.1%",0.9,1.6,"54.4%",2.3,6.0,"38.9%",1.0,1.3,"81.9%",0.3,1.3,1.5,2.6,1.1,0.6,0.0,0.1,1.0,1.4,9.1,5.1,"SG"
105,"トーマス・ケネディ","茨城",57,3,883.9,15.5,9.7,3.4,7.8,"43.0%",1.7,3.5,"48.2%",1.7,4.4,"38.8%",1.3,1.6,"80.9%",0.6,1.9,2.5,0.5,0.7,0.5,0.1,0.1,1.9,1.3,7.1,-1.8,"SF/PF"
106,"アイラ・ブラウン","大阪",60,59,1730.2,28.8,9.5,3.9,8.9,"43.3%",2.9,5.7,"50.9%",1.0,3.2,"29.7%",0.8,1.6,"53.8%",1.9,4.5,6.4,2.5,1.9,1.1,1.0,0.4,2.5,1.8,11.7,-1.1,"SF/PF"
107,"ベンドラメ 礼生","SR渋谷",60,55,1507.9,25.1,9.5,3.3,8.3,"40.1%",2.3,4.9,"46.1%",1.1,3.4,"31.5%",1.8,2.5,"72.3%",1.0,1.6,2.7,5.0,2.0,1.4,0.0,0.4,2.1,2.6,10.8,0.1,"PG"
108,"カイ・ソット","広島",21,18,412.2,19.6,9.5,3.9,7.4,"52.3%",3.8,7.0,"54.4%",0.0,0.4,"12.5%",1.7,2.2,"76.6%",2.0,4.4,6.4,1.4,1.3,0.5,1.4,0.2,2.4,1.9,13.0,1.7,"C"
109,"ドワイト・ラモス","北海道",41,36,1011.8,24.7,9.5,3.4,9.2,"36.8%",2.2,5.0,"44.4%",1.2,4.2,"27.7%",1.5,2.0,"73.8%",0.7,3.2,3.9,2.8,1.2,1.7,0.5,0.3,1.7,1.9,10.6,-3.4,"SG/SF"
110,"デイビッド・ドブラス","滋賀",29,24,592.5,20.4,9.4,3.8,7.1,"53.4%",3.8,7.1,"53.4%",0.0,0.0,"0.0%",1.8,2.2,"81.5%",2.3,3.7,6.1,1.5,2.7,0.4,0.3,0.2,3.3,3.2,10.9,-9.6,""
111,"岸本 隆一","琉球",60,50,1491.0,24.9,9.3,3.2,8.2,"38.9%",1.5,3.4,"44.6%",1.7,4.8,"34.8%",1.3,1.7,"76.8%",0.4,1.7,2.1,3.7,1.3,0.6,0.0,0.4,2.0,2.3,9.0,5.1,"PG/SG"
112,"ギャビン・エドワーズ","千葉J",49,31,1229.0,25.1,9.0,3.2,6.1,"52.5%",2.5,3.7,"66.7%",0.7,2.4,"30.2%",1.9,2.6,"71.1%",2.3,3.4,5.7,1.9,1.4,1.2,0.8,0.1,2.7,3.1,13.9,9.8,"PF"
113,"ジャスティン・キーナン","群馬",59,7,1218.5,20.7,9.0,3.0,6.7,"45.3%",2.4,4.0,"60.0%",0.6,2.7,"23.8%",2.3,3.4,"65.8%",1.1,3.3,4.3,2.1,1.6,0.5,0.1,0.3,2.7,3.5,10.0,-4.2,"C/PF"
114,"杉本 天昇","新潟",49,40,1098.6,22.4,8.9,3.2,8.1,"39.9%",1.8,4.0,"45.4%",1.4,4.1,"34.7%",1.0,1.4,"71.0%",0.7,1.4,2.1,1.0,0.9,0.2,0.0,0.4,0.8,1.4,6.3,-4.9,"SG"
115,"アレックス・カーク","A東京",59,12,1246.0,21.1,8.9,3.4,6.2,"55.3%",3.4,6.1,"55.9%",0.0,0.1,"28.6%",2.0,2.7,"72.8%",2.4,3.0,5.4,1.0,0.9,0.5,0.7,0.3,2.2,2.4,11.9,0.6,"C"
116,"遠藤 祐亮","宇都宮",58,56,1432.1,24.7,8.8,3.1,8.3,"37.4%",0.9,2.6,"35.3%",2.2,5.7,"38.3%",0.5,0.7,"72.5%",0.4,1.6,2.0,2.6,1.4,0.7,0.1,0.1,2.0,1.1,6.5,-0.3,"PG/SG"
117,"ウィリアムス ニカ","島根",42,40,1028.0,24.5,8.8,3.7,5.8,"63.6%",3.7,5.8,"63.6%",0.0,0.0,"0.0%",1.5,2.3,"64.9%",3.0,3.2,6.1,1.0,1.4,1.0,0.7,0.3,3.3,2.3,12.0,7.8,"C"
118,"須田 侑太郎","名古屋D",59,31,1489.1,25.2,8.8,2.9,8.1,"36.4%",0.9,1.8,"48.1%",2.1,6.3,"33.1%",0.8,1.0,"80.7%",0.5,1.3,1.8,1.1,0.8,0.7,0.1,0.3,1.7,1.2,5.5,3.8,"SG/SF"
119,"平尾 充庸","茨城",58,22,1174.4,20.2,8.6,2.9,7.6,"38.2%",1.6,4.0,"39.7%",1.3,3.6,"36.5%",1.4,1.6,"89.1%",0.3,1.2,1.6,2.7,1.2,0.5,0.0,0.3,1.6,1.8,7.2,-1.6,"PG"
120,"前田 怜緒","信州",58,46,1362.6,23.5,8.4,3.0,7.4,"40.5%",1.7,3.3,"51.1%",1.3,4.2,"32.2%",1.0,1.4,"73.8%",0.6,2.1,2.6,3.2,2.0,1.0,0.0,0.3,2.6,2.0,7.5,1.6,"SG/SF"
121,"山口 颯斗","茨城",59,54,1343.3,22.8,8.4,3.2,7.4,"42.6%",2.2,4.1,"52.5%",1.0,3.3,"30.3%",1.1,1.4,"75.9%",0.7,3.5,4.2,1.6,1.2,0.5,0.1,0.3,1.9,2.3,9.1,0.7,"SG/SF"
122,"中東 泰斗","名古屋D",56,55,1515.7,27.1,8.2,3.3,7.0,"47.8%",2.6,4.4,"57.4%",0.8,2.5,"31.0%",0.7,1.1,"67.8%",0.8,2.6,3.4,2.4,1.1,1.1,0.4,0.2,1.7,1.0,9.4,5.2,"SG"
123,"アキ・チェンバース","群馬",58,57,1521.6,26.2,7.9,2.9,7.5,"39.0%",1.8,3.5,"50.2%",1.2,4.0,"29.1%",0.9,1.3,"73.3%",0.6,2.1,2.7,2.2,1.2,1.3,0.1,0.2,2.5,1.6,7.0,0.9,"SF"
124,"カイル・コリンズワース","三遠",9,8,193.6,21.5,7.9,3.6,7.0,"50.8%",2.9,4.9,"59.1%",0.7,2.1,"31.6%",0.1,0.8,"14.3%",1.2,4.8,6.0,4.2,1.7,1.7,0.4,0.1,2.7,1.4,13.1,3.0,"PG"
125,"ジェイコブ・ワイリー","滋賀",7,5,191.8,27.4,7.9,3.7,7.3,"51.0%",3.6,6.9,"52.1%",0.1,0.4,"33.3%",0.3,1.1,"25.0%",1.7,4.1,5.9,2.0,1.9,1.3,0.9,0.3,2.1,1.6,10.7,-13.6,""
126,"橋本 竜馬","北海道",60,36,1474.0,24.6,7.8,2.6,6.8,"38.0%",1.4,3.0,"44.8%",1.3,3.8,"32.8%",1.4,1.6,"87.2%",0.2,1.3,1.5,3.9,1.1,0.8,0.0,0.3,2.3,1.8,7.8,-4.3,"PG"
127,"田中 大貴","A東京",14,11,305.6,21.8,7.6,3.1,7.6,"41.1%",2.3,5.1,"45.1%",0.9,2.6,"33.3%",0.5,0.6,"87.5%",0.2,1.0,1.2,2.9,1.9,0.6,0.1,0.1,1.8,0.7,4.8,4.2,"SG"
128,"森川 正明","横浜BC",50,15,958.4,19.2,7.6,2.6,7.0,"37.8%",1.0,2.0,"50.5%",1.6,5.0,"32.7%",0.7,0.9,"83.7%",0.1,1.2,1.4,0.9,0.7,0.4,0.1,0.2,1.4,0.8,4.4,0.2,"SF"
129,"小酒部 泰暉","A東京",40,19,883.4,22.1,7.6,3.0,7.3,"40.7%",2.1,4.4,"47.7%",0.9,2.9,"29.8%",0.9,1.2,"70.8%",0.4,1.1,1.5,2.5,1.3,0.7,0.0,0.2,2.2,1.4,5.4,1.7,"SG"
130,"サムソン・フローリング","北海道",22,4,440.7,20.0,7.6,3.2,5.7,"56.3%",3.0,5.4,"56.8%",0.2,0.4,"50.0%",1.0,1.6,"60.0%",2.4,4.6,7.0,1.1,1.3,0.5,0.3,0.5,1.1,1.5,11.9,-3.9,"C/PF"
131,"ウィリアム・モズリー","信州",24,22,592.8,24.7,7.5,2.8,4.5,"61.5%",2.8,4.5,"62.0%",0.0,0.0,"0.0%",1.9,3.3,"57.0%",2.1,3.9,6.0,1.4,1.0,1.2,1.1,0.3,2.8,3.5,13.6,1.7,"C"
132,"寺園 脩斗","北海道",60,24,1183.5,19.7,7.4,2.9,6.2,"46.2%",2.4,5.0,"48.7%",0.4,1.2,"35.7%",1.3,1.6,"84.9%",0.2,1.2,1.4,3.5,1.2,0.3,0.0,0.2,2.6,1.6,6.7,-3.1,"PG"
133,"長野 誠史","三河",59,39,1535.7,26.0,7.3,2.6,6.6,"38.9%",1.4,3.0,"47.2%",1.2,3.6,"31.9%",1.0,1.1,"88.1%",0.5,1.9,2.4,4.0,1.3,1.0,0.0,0.2,2.4,1.5,8.3,0.4,"PG"
134,"中村 功平","茨城",60,50,1231.6,20.5,7.2,2.5,6.1,"41.5%",1.1,2.3,"48.2%",1.4,3.8,"37.6%",0.7,1.0,"73.3%",0.4,1.1,1.5,1.8,0.7,0.6,0.1,0.2,2.0,1.2,5.7,0.9,"PG/SG"
135,"中野 司","北海道",56,34,1041.2,18.6,7.2,2.3,6.2,"37.6%",0.8,1.9,"43.1%",1.5,4.3,"35.1%",1.0,1.2,"84.8%",0.2,1.1,1.3,1.0,0.5,0.4,0.0,0.3,2.6,1.4,3.8,-3.9,"SG"
136,"テレンス・キング","滋賀",9,1,151.3,16.8,7.1,3.1,6.7,"46.7%",3.1,6.3,"49.1%",0.0,0.3,"0.0%",0.9,1.2,"72.7%",2.9,3.1,6.0,0.8,0.9,0.9,0.4,0.8,2.8,1.0,7.9,-6.2,""
137,"石井 講祐","SR渋谷",46,21,833.2,18.1,7.1,2.2,5.1,"42.8%",1.1,2.0,"55.3%",1.1,3.1,"34.5%",1.6,1.8,"87.1%",0.5,1.2,1.7,1.8,0.9,0.8,0.1,0.2,2.0,2.2,7.3,0.8,"SG"
138,"エペ・ウドゥ","京都",22,0,450.4,20.5,7.1,2.9,5.2,"55.3%",2.8,5.0,"56.4%",0.0,0.2,"25.0%",1.3,2.4,"53.8%",1.8,3.0,4.7,1.1,0.8,1.0,1.2,0.1,1.9,2.0,10.9,-2.9,"C/PF"
139,"青木 保憲","仙台",31,27,770.7,24.9,7.0,2.6,6.8,"38.4%",1.9,4.4,"42.3%",0.7,2.4,"31.1%",1.1,1.4,"76.7%",0.5,1.7,2.2,4.3,1.9,1.1,0.0,0.4,2.4,2.1,7.5,-1.3,"PG"
140,"津山 尚大","島根",60,13,1461.8,24.4,7.0,2.4,6.4,"38.0%",0.9,2.0,"43.6%",1.6,4.4,"35.5%",0.6,0.7,"77.3%",0.4,1.1,1.5,1.7,0.9,0.4,0.0,0.1,2.0,0.7,4.3,3.3,"PG/SG"
141,"ザック・バランスキー","A東京",60,26,1281.0,21.4,6.8,2.5,6.7,"37.2%",1.2,2.4,"49.7%",1.3,4.3,"30.1%",0.6,0.9,"67.3%",0.5,2.3,2.8,1.5,0.7,0.7,0.1,0.1,2.1,1.1,5.5,3.9,"SF/PF"
142,"ティージェー・ロール","京都",11,0,178.0,16.2,6.8,2.3,5.8,"39.1%",1.5,3.6,"42.5%",0.7,2.2,"33.3%",1.5,2.5,"63.0%",1.1,1.8,2.9,1.5,0.8,0.6,0.1,0.6,2.3,2.1,5.7,-2.2,""
143,"多嶋 朝飛","茨城",59,43,1355.4,23.0,6.8,2.6,5.4,"48.4%",1.9,3.8,"50.0%",0.7,1.7,"44.9%",0.8,1.0,"82.5%",0.4,1.5,1.9,3.1,1.0,0.8,0.0,0.3,1.4,1.4,8.2,0.4,"PG"
144,"キング 開","横浜BC",45,26,811.2,18.0,6.7,2.7,6.8,"39.7%",1.7,3.6,"47.0%",1.0,3.1,"31.2%",0.3,0.6,"53.8%",0.7,0.9,1.6,1.2,0.5,0.4,0.1,0.2,1.1,0.6,4.5,2.5,"PG/SG"
145,"野﨑 零也","FE名古屋",52,51,1206.9,23.2,6.7,2.4,5.8,"41.1%",1.6,3.4,"48.0%",0.8,2.4,"31.5%",1.1,1.3,"80.0%",0.5,1.3,1.7,2.2,1.3,0.9,0.1,0.3,1.6,1.4,6.1,-1.9,"SG"
146,"福澤 晃平","茨城",53,0,701.7,13.2,6.6,2.3,5.8,"39.1%",1.1,2.5,"43.1%",1.2,3.3,"36.2%",0.9,1.1,"78.3%",0.2,0.6,0.7,1.4,0.6,0.4,0.0,0.2,1.4,1.2,4.3,-0.2,"PG/SG"
147,"ベイリー・スティール","仙台",9,0,127.5,14.2,6.6,2.4,4.8,"51.2%",2.2,3.9,"57.1%",0.2,0.9,"25.0%",1.4,2.2,"65.0%",2.4,3.4,5.9,0.2,1.4,0.0,0.1,0.2,1.1,2.3,9.2,-2.7,""
148,"中山 拓哉","秋田",60,59,1554.0,25.9,6.5,2.2,5.4,"41.0%",1.3,3.0,"42.2%",1.0,2.4,"39.6%",1.2,1.5,"77.5%",1.6,2.8,4.4,4.0,1.3,1.7,0.1,0.2,2.2,2.0,11.5,2.6,"PG/SG"
149,"中村 浩陸","FE名古屋",48,21,905.6,18.9,6.4,2.1,5.5,"38.2%",1.4,3.2,"43.9%",0.7,2.2,"29.9%",1.6,2.1,"77.8%",0.4,0.7,1.1,2.1,1.4,0.7,0.0,0.4,2.5,2.2,4.5,-2.0,"PG/SG"
150,"澁田 怜音","新潟",57,48,1473.5,25.9,6.4,2.4,5.8,"41.9%",1.3,2.8,"46.3%",1.1,2.9,"37.7%",0.4,0.6,"66.7%",0.3,0.9,1.2,3.1,1.8,0.8,0.1,0.2,2.6,1.5,4.9,-8.5,"PG"
151,"遠藤 善","新潟",57,39,1397.5,24.5,6.3,2.4,6.0,"40.0%",1.2,2.6,"46.6%",1.2,3.4,"34.9%",0.3,0.5,"63.3%",0.4,1.4,1.8,1.8,1.3,0.5,0.1,0.3,1.9,1.0,4.3,-6.9,"SG"
152,"小林 遥太","仙台",57,42,1379.6,24.2,6.3,2.3,5.8,"38.7%",1.6,3.8,"41.5%",0.7,2.0,"33.6%",1.1,1.3,"81.3%",0.4,1.4,1.7,3.7,1.3,0.6,0.0,0.3,2.2,1.8,6.7,-2.0,"PG"
153,"鵤 誠司","宇都宮",60,60,1454.4,24.2,6.2,2.3,6.1,"37.2%",1.2,2.9,"43.0%",1.1,3.3,"32.1%",0.6,0.8,"73.3%",0.6,2.0,2.6,3.5,1.6,1.1,0.3,0.2,1.6,1.1,7.4,2.5,"PG"
154,"木下 誠","大阪",58,1,909.1,15.7,6.1,2.2,5.4,"39.9%",1.1,2.5,"43.5%",1.1,2.9,"36.7%",0.7,0.9,"71.7%",0.3,1.2,1.5,2.2,1.2,0.7,0.2,0.1,1.0,1.1,5.7,-0.4,"PG/SG"
155,"長谷川 暢","秋田",58,38,987.0,17.0,6.0,2.1,5.6,"37.7%",1.3,3.1,"42.0%",0.8,2.5,"32.2%",1.0,1.4,"72.5%",0.4,1.1,1.5,1.9,0.8,0.6,0.0,0.3,1.9,1.4,4.6,0.6,"PG"
156,"ジュリアン・マブンガ","宇都宮",9,0,118.7,13.2,6.0,1.7,5.3,"31.3%",0.9,2.2,"40.0%",0.8,3.1,"25.0%",1.9,2.6,"73.9%",0.1,1.0,1.1,2.1,1.9,0.4,0.1,0.0,2.0,3.0,4.6,-8.7,""
157,"橋本 拓哉","大阪",60,5,1085.1,18.1,5.9,2.0,5.7,"35.6%",1.1,3.1,"36.4%",0.9,2.7,"34.6%",1.0,1.1,"89.1%",0.3,1.5,1.8,1.6,1.1,0.5,0.1,0.3,1.7,1.1,4.2,-1.9,"SG"
158,"シズ・オルストン","三河",21,19,405.8,19.3,5.9,2.6,6.5,"40.4%",2.2,4.5,"48.9%",0.4,2.0,"21.4%",0.2,0.3,"57.1%",0.3,1.4,1.7,3.1,1.0,0.8,0.2,0.2,1.6,1.0,5.8,-5.8,""
159,"合田 怜","大阪",53,47,1107.3,20.9,5.8,2.0,5.0,"41.1%",0.7,1.5,"44.9%",1.4,3.5,"39.5%",0.4,0.4,"87.0%",0.4,1.5,1.9,1.4,0.5,1.1,0.0,0.3,2.1,1.0,5.3,2.6,"PG/SG"
160,"満田 丈太郎","京都",47,30,1117.4,23.8,5.8,2.1,5.5,"38.8%",1.0,2.0,"48.9%",1.2,3.6,"33.3%",0.3,0.6,"53.8%",0.5,1.4,1.9,1.5,0.6,0.6,0.0,0.2,1.8,0.7,4.3,-1.4,"SG/SF"
161,"渡辺 翔太","仙台",21,5,455.4,21.7,5.8,2.0,6.0,"32.8%",0.8,2.4,"33.3%",1.1,3.5,"32.4%",0.7,1.0,"68.2%",0.5,1.7,2.2,2.8,1.2,0.8,0.1,0.5,2.2,1.8,5.1,-0.6,"PG"
162,"須藤 昂矢","横浜BC",60,42,1262.2,21.0,5.8,2.1,5.4,"38.8%",0.8,1.8,"46.2%",1.3,3.6,"35.2%",0.3,0.4,"76.0%",0.3,1.0,1.3,0.7,0.6,0.5,0.2,0.2,2.4,0.9,2.8,0.9,"SG"
163,"キャメロン・クラットウィグ","茨城",37,2,579.6,15.7,5.7,2.4,4.1,"58.7%",2.4,4.0,"59.1%",0.0,0.0,"0.0%",0.9,1.5,"59.6%",1.4,3.9,5.3,2.7,1.5,0.7,0.2,0.2,1.4,1.5,10.7,-2.0,"C"
164,"イホール・ボヤルキム","A東京",8,1,154.0,19.2,5.6,1.9,6.3,"30.0%",1.0,3.1,"32.0%",0.9,3.1,"28.0%",1.0,1.5,"66.7%",0.4,0.8,1.1,3.1,1.6,0.3,0.0,0.3,2.0,2.1,3.5,-5.1,""
165,"ジョシュア・クロフォード","新潟",7,0,131.5,18.8,5.6,2.1,5.3,"40.5%",2.0,3.9,"51.9%",0.1,1.4,"10.0%",1.1,1.9,"61.5%",1.0,4.6,5.6,1.3,1.7,0.9,0.4,0.6,2.1,2.6,8.0,-9.0,""
166,"石川 海斗","FE名古屋",57,39,1164.1,20.4,5.5,2.0,5.6,"35.4%",1.0,2.1,"49.2%",1.0,3.5,"27.4%",0.6,0.7,"81.0%",0.2,0.7,0.9,2.6,1.4,0.8,0.1,0.2,1.5,1.1,4.0,-3.3,"PG"
167,"木村 圭吾","新潟",57,26,1361.0,23.9,5.5,1.9,5.9,"32.6%",0.8,2.1,"39.7%",1.1,3.7,"28.6%",0.6,0.8,"73.9%",0.5,2.0,2.4,2.6,1.6,0.6,0.1,0.1,2.1,0.9,4.1,-6.1,"SG"
168,"小野 龍猛","富山",57,36,1343.6,23.6,5.5,1.8,5.9,"30.5%",0.9,2.5,"38.6%",0.8,3.4,"24.7%",1.0,1.5,"69.4%",0.4,2.1,2.5,3.1,1.4,0.3,0.3,0.1,2.1,1.3,4.8,-5.7,"SF"
169,"張本 天傑","名古屋D",34,5,522.5,15.4,5.4,1.6,4.6,"35.9%",0.7,1.6,"47.2%",0.9,3.0,"30.1%",1.2,1.6,"79.2%",0.5,1.2,1.7,0.8,0.8,0.4,0.2,0.1,1.8,1.4,3.9,4.4,"SF/PF"
170,"アイザイア・マーフィー","広島",59,13,1213.4,20.6,5.4,2.1,4.9,"41.8%",1.1,2.1,"54.5%",0.9,2.9,"32.7%",0.3,0.7,"46.3%",0.6,1.4,2.0,1.1,0.6,0.7,0.3,0.1,2.0,0.8,4.3,1.6,"PG/SG"
171,"シェーファー アヴィ幸樹","三河",43,42,882.5,20.5,5.4,2.1,4.9,"42.2%",1.5,3.0,"51.2%",0.5,1.9,"28.0%",0.7,1.0,"71.4%",1.1,3.0,4.1,1.0,0.7,0.6,0.2,0.3,1.1,0.9,7.0,-6.2,"C"
172,"ギャレット・スタツ","広島",3,0,38.1,12.7,5.3,2.3,5.3,"43.8%",2.3,5.0,"46.7%",0.0,0.3,"0.0%",0.7,0.7,"100.0%",1.3,3.7,5.0,0.3,1.3,0.3,0.3,0.3,2.3,0.3,4.7,-4.0,""
173,"小島 元基","SR渋谷",47,16,762.7,16.2,5.3,1.8,4.4,"40.1%",1.0,2.3,"43.5%",0.8,2.1,"36.4%",1.0,1.2,"82.5%",0.3,0.9,1.2,3.0,1.2,0.6,0.0,0.2,1.1,1.4,6.2,-3.2,"PG"
174,"ダニエル・ギデンズ","三遠",41,12,831.1,20.3,5.2,2.1,3.8,"56.5%",2.1,3.7,"56.9%",0.0,0.0,"0.0%",1.0,2.1,"48.2%",2.3,2.8,5.1,1.1,0.8,0.4,1.1,0.2,2.3,1.6,8.5,-3.4,"C"
175,"鈴木 達也","大阪",60,57,1360.9,22.7,5.2,1.9,4.9,"38.6%",1.1,2.6,"41.4%",0.8,2.3,"35.5%",0.6,0.8,"80.0%",0.5,1.7,2.1,4.4,1.3,0.8,0.1,0.2,1.9,1.4,7.5,-1.4,"PG"
176,"笹山 貴哉","FE名古屋",60,3,1058.2,17.6,5.2,1.9,6.0,"31.9%",0.9,2.5,"34.5%",1.1,3.5,"30.1%",0.3,0.4,"76.9%",0.1,0.7,0.7,1.7,0.9,0.4,0.1,0.1,1.6,0.6,2.0,-3.3,"PG"
177,"LJ・ピーク","茨城",11,0,133.2,12.1,5.2,1.7,4.9,"35.2%",1.4,3.0,"45.5%",0.4,1.9,"19.0%",1.4,1.9,"71.4%",0.2,1.7,1.9,1.0,0.8,0.2,0.2,0.2,1.3,1.9,4.4,-6.2,""
178,"晴山 ケビン","富山",57,20,1057.2,18.5,5.2,1.5,4.0,"37.4%",0.3,0.7,"35.7%",1.2,3.2,"37.8%",0.9,1.2,"80.6%",0.3,1.0,1.4,0.9,0.6,0.4,0.2,0.1,1.6,0.9,3.9,-3.8,"SF"
179,"モサク ダミロラ","新潟",38,12,544.5,14.3,5.1,1.9,4.9,"39.5%",1.4,2.9,"49.5%",0.5,2.0,"25.0%",0.8,1.1,"75.0%",0.6,1.0,1.5,1.0,0.9,0.6,0.0,0.3,1.5,1.1,3.5,-4.0,"PG/SG"
180,"西野 曜","SR渋谷",59,4,800.5,13.6,5.1,1.9,3.6,"53.7%",1.8,3.0,"59.4%",0.2,0.7,"28.2%",1.0,1.5,"66.7%",0.7,0.9,1.5,1.0,0.9,0.4,0.1,0.2,2.2,1.3,3.9,-3.5,"SF"
181,"大浦 颯太","秋田",44,5,538.1,12.2,5.0,1.9,4.8,"40.3%",1.2,2.6,"45.1%",0.8,2.2,"34.7%",0.4,0.5,"81.0%",0.2,0.8,1.0,1.6,0.8,0.5,0.1,0.2,1.3,0.7,3.6,-1.5,"PG"
182,"澤邉 圭太","仙台",55,24,968.0,17.6,5.0,1.9,4.6,"40.0%",1.3,2.7,"47.0%",0.6,1.9,"30.2%",0.7,1.1,"65.0%",0.3,1.3,1.6,1.1,1.1,0.6,0.0,0.2,2.7,1.2,2.3,-2.5,"SG"
183,"納見 悠仁","川崎",60,1,799.0,13.3,5.0,1.9,4.9,"37.8%",1.1,2.5,"43.4%",0.8,2.4,"31.7%",0.5,0.6,"85.7%",0.2,1.0,1.3,2.5,1.2,0.6,0.0,0.1,1.2,1.1,4.7,1.6,"PG/SG"
184,"大倉 颯太","千葉J",14,1,241.0,17.2,4.9,1.4,4.6,"29.2%",0.9,2.2,"38.7%",0.5,2.4,"20.6%",1.7,2.3,"75.0%",0.5,0.9,1.4,2.8,1.3,1.1,0.1,0.4,1.4,2.7,6.1,5.4,"PG/SG"
185,"前田 悟","川崎",54,11,767.4,14.2,4.9,1.7,4.7,"35.2%",0.7,1.9,"40.0%",0.9,2.9,"32.1%",0.6,0.9,"68.6%",0.4,0.9,1.4,0.9,0.5,0.4,0.1,0.1,1.5,0.9,3.1,0.7,"SG"
186,"松脇 圭志","琉球",60,0,1029.4,17.2,4.8,1.6,4.8,"34.1%",0.3,0.8,"31.9%",1.4,4.0,"34.6%",0.2,0.3,"66.7%",0.3,0.9,1.3,1.2,0.9,0.7,0.1,0.2,1.7,0.4,2.5,3.0,"SG"
187,"山崎 稜","群馬",59,9,746.5,12.7,4.8,1.7,4.1,"41.0%",0.6,1.7,"37.0%",1.0,2.4,"43.9%",0.4,0.5,"82.1%",0.2,0.7,0.8,0.7,0.6,0.2,0.1,0.1,1.7,0.7,2.3,-2.5,"SG"
188,"栗原 ルイス","信州",47,31,894.6,19.0,4.7,1.6,5.0,"32.5%",0.5,1.5,"34.8%",1.1,3.5,"31.5%",0.4,0.5,"82.6%",0.6,1.9,2.5,1.5,0.7,0.3,0.1,0.1,1.4,0.9,4.4,0.2,"SG"
189,"川嶋 勇人","秋田",51,20,940.8,18.4,4.7,1.5,5.1,"30.5%",0.6,2.3,"28.7%",0.9,2.8,"31.9%",0.7,0.9,"79.5%",0.6,0.8,1.4,2.6,1.1,1.2,0.2,0.2,2.2,1.3,4.2,1.3,"SG"
190,"喜志永 修斗","富山",28,23,726.6,25.9,4.7,1.8,4.3,"41.3%",0.9,1.8,"53.1%",0.9,2.6,"33.3%",0.3,0.4,"58.3%",0.7,1.5,2.1,4.2,1.5,1.1,0.1,0.1,1.9,1.0,7.1,-5.8,"PG"
191,"小川 敦也","宇都宮",3,0,46.1,15.4,4.7,2.0,4.0,"50.0%",2.0,3.3,"60.0%",0.0,0.7,"0.0%",0.7,1.3,"50.0%",1.0,1.0,2.0,3.0,1.7,0.3,0.0,0.0,1.0,0.7,5.3,9.3,""
192,"高島 紳司","宇都宮",39,4,656.8,16.8,4.7,1.8,4.7,"37.7%",0.7,1.7,"44.6%",1.0,3.0,"33.9%",0.1,0.2,"50.0%",0.6,0.8,1.3,0.6,0.5,0.4,0.2,0.1,1.7,0.3,2.2,0.8,"SG"
193,"八村 阿蓮","群馬",56,9,973.2,17.4,4.7,1.6,4.1,"38.5%",0.9,2.2,"40.7%",0.7,1.9,"36.1%",0.8,1.0,"78.6%",0.5,1.1,1.5,0.5,0.6,0.3,0.2,0.2,1.9,1.2,3.1,-3.1,"SF"
194,"篠山 竜青","川崎",59,2,882.3,15.0,4.6,1.6,4.0,"39.7%",0.7,1.7,"42.9%",0.9,2.4,"37.4%",0.6,0.7,"84.6%",0.2,0.9,1.1,2.6,1.1,0.5,0.1,0.1,2.0,1.3,4.4,0.6,"PG"
195,"保岡 龍斗","秋田",57,11,872.4,15.3,4.6,1.6,4.5,"35.7%",1.1,2.5,"44.4%",0.5,2.0,"24.6%",0.9,1.2,"73.2%",0.5,1.4,2.0,1.1,1.0,0.5,0.2,0.2,1.7,1.4,3.8,-1.2,"SG/SF"
196,"コー・フリッピン","琉球",57,9,788.4,13.8,4.6,1.9,5.0,"38.4%",1.5,3.4,"44.0%",0.4,1.6,"26.9%",0.4,0.7,"51.3%",0.4,1.3,1.7,2.4,1.4,0.9,0.1,0.2,1.7,1.1,4.2,3.4,"PG/SG"
197,"盛實 海翔","SR渋谷",56,4,744.7,13.3,4.5,1.6,4.2,"38.0%",0.7,1.7,"44.1%",0.9,2.6,"34.0%",0.4,0.7,"65.8%",0.3,0.9,1.2,2.3,1.1,0.4,0.0,0.1,1.2,0.9,4.0,-0.8,"SG"
198,"伊藤 達哉","名古屋D",47,5,704.9,15.0,4.5,2.0,4.8,"40.7%",1.9,4.5,"41.8%",0.1,0.3,"23.1%",0.6,0.9,"65.0%",0.6,0.9,1.5,3.0,1.3,0.8,0.0,0.1,1.7,1.4,5.0,0.5,"PG"
199,"柏倉 哲平","滋賀",58,32,1116.4,19.2,4.5,1.6,4.4,"36.5%",0.6,1.5,"41.2%",1.0,2.9,"34.1%",0.3,0.3,"84.2%",0.3,0.9,1.2,1.7,0.9,0.6,0.0,0.2,1.7,0.7,3.0,-4.6,"PG"
200,"中村 太地","三河",60,6,898.5,15.0,4.5,1.7,4.8,"34.7%",0.9,2.1,"41.1%",0.8,2.7,"29.8%",0.4,0.5,"70.0%",0.2,1.0,1.2,1.4,0.6,0.4,0.1,0.2,1.6,0.8,2.7,1.0,"SG/SF"
201,"角野 亮伍","三河",57,29,735.7,12.9,4.4,1.8,4.7,"39.5%",1.4,3.2,"45.6%",0.4,1.5,"26.7%",0.3,0.5,"65.5%",0.2,1.1,1.3,0.7,0.7,0.4,0.1,0.2,0.7,0.6,2.8,-1.7,"SG/SF"
202,"岡田 泰希","仙台",60,9,761.1,12.7,4.4,1.6,4.6,"34.8%",0.6,1.4,"41.7%",1.0,3.2,"31.8%",0.2,0.3,"61.1%",0.2,0.4,0.6,0.9,0.8,0.3,0.0,0.1,1.4,0.5,1.3,-2.8,"PG/SG"
203,"野﨑 由之","富山",59,22,766.8,13.0,4.4,1.6,4.2,"39.2%",0.8,1.7,"48.0%",0.8,2.5,"33.3%",0.3,0.4,"85.7%",0.2,0.8,1.0,1.1,0.8,0.4,0.1,0.3,1.7,0.8,2.4,-1.9,"SG"
204,"高橋 耕陽","北海道",38,13,631.0,16.6,4.4,1.6,5.5,"29.7%",1.0,2.8,"35.2%",0.7,2.7,"24.0%",0.4,0.6,"73.9%",0.2,1.2,1.3,1.8,1.1,0.6,0.1,0.2,1.2,0.9,2.5,-2.9,"SG/SF"
205,"狩野 祐介","滋賀",54,13,884.8,16.4,4.4,1.4,3.9,"37.0%",0.2,0.6,"31.4%",1.2,3.2,"38.2%",0.3,0.4,"78.9%",0.4,0.6,1.0,0.6,0.2,0.3,0.0,0.2,0.7,0.6,3.1,-5.3,"SG"
206,"佐藤 卓磨","千葉J",51,30,965.7,18.9,4.3,1.5,4.1,"36.0%",0.7,1.5,"49.4%",0.7,2.6,"28.4%",0.6,1.0,"60.0%",0.9,1.6,2.5,0.8,0.5,0.5,0.2,0.2,2.1,1.0,3.5,6.4,"SG/SF"
207,"ファイ サンバ","富山",59,13,860.9,14.6,4.2,1.6,4.0,"40.2%",1.1,2.1,"50.4%",0.5,1.9,"28.8%",0.5,0.6,"76.3%",0.6,1.7,2.3,0.9,0.8,0.3,0.1,0.2,2.0,0.6,2.9,-3.4,"C"
208,"セドリック・シモンズ","三河",19,10,345.8,18.2,4.2,1.8,2.9,"61.8%",1.7,2.8,"61.1%",0.1,0.1,"100.0%",0.6,1.3,"45.8%",2.3,3.0,5.3,0.6,0.5,0.2,0.7,0.1,1.5,1.1,8.2,-3.8,""
209,"ドゥレイロン・バーンズ","信州",15,10,298.6,19.9,4.2,1.4,5.7,"24.7%",0.5,1.9,"28.6%",0.9,3.8,"22.8%",0.5,0.5,"100.0%",0.8,2.3,3.1,2.3,1.1,1.2,0.1,0.1,1.8,0.9,4.5,-1.0,"SF"
210,"相馬 卓弥","FE名古屋",53,6,695.1,13.1,4.2,1.4,3.8,"36.7%",0.7,2.0,"34.3%",0.7,1.8,"39.4%",0.7,0.8,"90.7%",0.4,0.9,1.3,0.8,0.6,0.3,0.0,0.2,1.2,0.7,2.8,-2.1,"SG"
211,"赤穂 雷太","横浜BC",55,35,1020.8,18.6,4.2,1.5,4.7,"32.7%",0.9,2.1,"42.7%",0.6,2.5,"24.3%",0.5,0.7,"65.0%",0.9,1.3,2.2,1.0,0.6,0.5,0.3,0.1,2.3,0.9,2.5,3.3,"SG/SF"
212,"杉浦 佑成","滋賀",52,34,894.4,17.2,4.0,1.4,3.7,"37.4%",0.5,1.1,"41.4%",0.9,2.5,"35.6%",0.4,0.6,"70.0%",0.7,1.3,1.9,0.7,0.5,0.4,0.1,0.1,1.6,0.7,3.2,-6.1,"SF"
213,"片岡 大晴","仙台",53,4,548.1,10.3,4.0,1.4,3.3,"42.9%",0.7,1.2,"56.9%",0.7,2.1,"34.5%",0.4,0.5,"82.1%",0.2,0.4,0.6,0.3,0.3,0.3,0.0,0.1,0.7,0.6,2.6,-0.6,"SG"
214,"津屋 一球","SR渋谷",59,29,926.6,15.7,3.9,1.4,3.8,"36.2%",0.6,1.4,"39.8%",0.8,2.4,"34.0%",0.4,0.6,"59.5%",0.3,0.7,1.0,1.1,0.8,0.4,0.1,0.1,1.9,0.6,1.6,-2.1,"SG"
215,"菅原 暉","群馬",58,14,857.3,14.8,3.9,1.5,4.4,"33.9%",0.9,2.2,"39.5%",0.6,2.2,"28.0%",0.3,0.5,"61.3%",0.2,0.6,0.8,2.5,0.9,0.4,0.0,0.2,1.8,0.8,2.5,-2.3,"PG"
216,"山内 盛久","三遠",57,24,1097.8,19.3,3.9,1.5,4.3,"34.2%",0.7,2.0,"33.0%",0.8,2.2,"35.2%",0.2,0.3,"61.1%",0.6,1.4,2.0,3.9,1.2,1.1,0.1,0.2,2.0,0.9,5.7,-0.1,"PG"
217,"松井 啓十郎","富山",43,21,536.6,12.5,3.9,1.4,3.5,"39.6%",0.5,1.2,"42.0%",0.9,2.3,"38.4%",0.3,0.4,"68.8%",0.2,0.5,0.7,0.7,0.6,0.3,0.0,0.1,0.8,0.6,2.6,-4.7,"SG"
218,"加藤 寿一","仙台",46,29,717.8,15.6,3.8,1.3,3.9,"33.1%",0.5,1.3,"36.2%",0.8,2.6,"31.7%",0.4,0.5,"86.4%",0.2,1.1,1.3,0.8,0.4,0.5,0.1,0.0,1.7,0.5,2.3,-0.2,"SF"
219,"阿部 諒","島根",60,14,1011.3,16.9,3.8,1.3,3.8,"33.8%",0.4,1.0,"43.3%",0.8,2.8,"30.3%",0.4,0.6,"62.2%",0.6,1.6,2.2,1.1,0.4,0.9,0.2,0.1,1.8,0.6,3.7,4.8,"SG"
220,"大庭 岳輝","横浜BC",36,0,406.2,11.3,3.7,1.3,4.2,"29.6%",0.1,0.6,"20.0%",1.1,3.7,"31.1%",0.0,0.1,"50.0%",0.1,0.4,0.5,0.7,0.1,0.3,0.0,0.1,0.6,0.2,1.7,1.8,"SG"
221,"白濱 僚祐","島根",48,37,997.1,20.8,3.7,1.4,3.1,"45.0%",0.7,1.3,"55.7%",0.7,1.8,"37.5%",0.2,0.3,"53.3%",0.8,1.3,2.1,1.0,0.6,0.6,0.1,0.1,2.7,0.5,2.9,2.7,"SG/SF"
222,"関野 剛平","SR渋谷",59,30,925.4,15.7,3.5,1.3,3.5,"36.4%",0.6,1.4,"46.9%",0.6,2.1,"29.6%",0.4,0.6,"64.7%",0.3,1.0,1.3,1.1,0.4,0.5,0.0,0.1,1.7,0.9,2.6,-0.9,"SG/SF"
223,"渡邉 裕規","宇都宮",51,0,491.2,9.6,3.5,1.1,3.5,"31.8%",0.3,1.0,"34.0%",0.8,2.5,"31.0%",0.5,0.7,"80.0%",0.1,0.5,0.7,1.2,0.6,0.3,0.0,0.0,1.1,0.6,2.1,0.5,"PG"
224,"川真田 紘也","滋賀",59,9,730.4,12.4,3.4,1.1,2.2,"51.9%",1.1,2.1,"52.4%",0.0,0.1,"40.0%",1.1,1.7,"67.3%",0.9,1.1,2.0,0.3,0.5,0.3,0.6,0.3,1.8,1.4,3.8,-3.7,"C"
225,"水戸 健史","富山",45,7,730.1,16.2,3.3,1.2,2.8,"40.9%",0.9,1.9,"48.8%",0.2,0.9,"24.4%",0.7,0.9,"84.6%",0.3,0.9,1.1,1.7,0.8,0.6,0.0,0.2,1.8,0.8,3.0,-0.4,"SG"
226,"水野 幹太","京都",57,24,871.4,15.3,3.3,1.3,3.1,"40.7%",0.9,2.0,"46.5%",0.3,1.1,"30.2%",0.4,0.7,"57.9%",0.4,0.8,1.2,1.8,1.1,0.5,0.1,0.2,1.5,1.0,2.9,-0.3,"PG/SG"
227,"長谷川 技","川崎",60,55,911.8,15.2,3.3,1.1,2.5,"43.0%",0.2,0.4,"56.5%",0.9,2.1,"40.6%",0.2,0.3,"76.5%",0.3,1.1,1.4,0.8,0.2,0.5,0.0,0.1,1.3,0.4,3.3,2.4,"SF"
228,"松下 裕汰","北海道",58,21,1017.0,17.5,3.2,1.2,3.6,"32.9%",0.5,1.2,"38.0%",0.7,2.4,"30.2%",0.1,0.3,"41.2%",0.6,0.8,1.3,1.0,0.6,0.8,0.0,0.2,2.6,0.4,0.8,-3.0,"PG/SG"
229,"多田 武史","秋田",27,2,200.2,7.4,3.2,1.2,3.1,"37.6%",0.4,0.7,"61.1%",0.8,2.5,"31.3%",0.1,0.1,"100.0%",0.1,0.5,0.6,0.2,0.2,0.3,0.0,0.2,0.4,0.2,1.7,0.3,"SG"
230,"熊谷 尚也","川崎",57,11,694.1,12.2,3.2,1.3,3.2,"39.6%",0.9,1.7,"56.3%",0.3,1.5,"20.9%",0.4,0.5,"71.4%",0.4,1.0,1.4,0.5,0.6,0.4,0.2,0.1,1.3,0.5,2.0,-0.5,"SF"
231,"青木 龍史","京都",53,2,523.9,9.9,3.2,1.0,2.8,"37.2%",0.4,0.7,"51.3%",0.7,2.1,"32.1%",0.4,0.4,"95.7%",0.4,0.5,0.9,0.4,0.5,0.3,0.0,0.2,0.9,0.6,1.9,-2.2,"PG/SG"
232,"上田 隼輔","富山",57,18,694.8,12.2,3.1,1.2,2.9,"42.4%",1.0,2.1,"48.3%",0.2,0.8,"26.7%",0.5,0.8,"61.4%",0.5,0.7,1.1,0.8,0.4,0.6,0.1,0.2,1.8,0.7,2.1,-1.5,"SF"
233,"パク ジェヒョン","新潟",17,6,195.1,11.5,3.1,1.1,2.8,"38.3%",0.6,1.3,"45.5%",0.5,1.5,"32.0%",0.5,0.9,"60.0%",0.2,0.8,1.0,2.2,1.1,0.3,0.0,0.1,1.9,1.1,2.5,0.2,"PG"
234,"吉井 裕鷹","A東京",52,22,817.8,15.7,3.1,1.2,3.3,"35.3%",0.6,1.5,"43.4%",0.5,1.8,"28.7%",0.3,0.5,"57.7%",0.7,1.0,1.7,0.6,0.5,0.4,0.1,0.1,2.3,0.8,1.4,0.6,"SF"
235,"竹内 譲次","大阪",60,5,725.0,12.1,3.1,1.1,2.6,"39.9%",0.8,1.4,"56.8%",0.3,1.3,"22.1%",0.7,1.1,"65.1%",1.0,2.1,3.1,0.8,0.6,0.3,0.3,0.2,1.4,0.8,4.3,-2.7,"C/PF"
236,"荒谷 裕秀","宇都宮",45,0,508.1,11.3,3.1,1.2,3.6,"32.5%",0.8,2.0,"40.4%",0.4,1.6,"23.0%",0.3,0.5,"71.4%",0.4,0.9,1.3,1.3,1.0,0.3,0.1,0.2,1.4,0.5,1.3,-2.1,"SF"
237,"中村 拓人","広島",40,0,473.3,11.8,3.0,1.4,3.4,"41.0%",1.2,2.3,"51.1%",0.2,1.1,"20.5%",0.1,0.2,"33.3%",0.2,0.5,0.7,1.3,0.8,0.5,0.0,0.2,1.4,0.4,1.5,1.1,"PG"
238,"喜多川 修平","宇都宮",51,6,487.0,9.5,3.0,1.1,2.7,"41.7%",0.6,1.3,"49.3%",0.5,1.4,"34.7%",0.3,0.3,"92.9%",0.2,0.4,0.6,0.5,0.2,0.4,0.0,0.1,1.2,0.3,1.8,1.7,"SF"
239,"西村 文男","千葉J",52,0,480.7,9.2,3.0,1.0,2.4,"42.4%",0.3,0.7,"48.6%",0.7,1.7,"39.8%",0.3,0.4,"84.2%",0.1,0.3,0.4,1.4,0.5,0.4,0.0,0.1,1.2,0.6,2.6,4.6,"PG"
240,"上澤 俊喜","広島",49,0,411.7,8.4,2.9,1.0,2.3,"42.1%",0.3,0.6,"46.7%",0.7,1.7,"40.5%",0.3,0.4,"77.8%",0.1,0.4,0.6,0.9,0.4,0.2,0.0,0.1,0.9,0.3,2.1,1.0,"PG"
241,"マシュー・アキノ","信州",48,3,485.3,10.1,2.9,1.0,2.8,"37.1%",0.3,0.6,"41.4%",0.8,2.1,"35.9%",0.1,0.2,"75.0%",0.4,1.1,1.4,0.2,0.4,0.2,0.2,0.1,1.5,0.3,1.4,-2.2,"PF"
242,"細谷 将司","三河",59,16,655.8,11.1,2.9,1.1,2.6,"42.1%",0.5,0.9,"54.5%",0.6,1.6,"35.1%",0.2,0.3,"68.8%",0.1,0.8,0.9,1.1,0.4,0.2,0.0,0.1,1.1,0.6,2.7,-1.8,"PG"
243,"田中 成也","仙台",38,28,713.4,18.8,2.9,1.0,2.8,"36.8%",0.4,0.9,"48.5%",0.6,1.9,"31.5%",0.3,0.4,"66.7%",0.5,0.9,1.4,0.6,0.6,0.6,0.1,0.2,2.1,0.6,1.4,-4.0,"SG"
244,"森山 修斗","滋賀",43,10,521.4,12.1,2.9,1.0,2.6,"38.9%",0.3,0.7,"41.4%",0.7,2.0,"38.1%",0.1,0.1,"100.0%",0.5,0.4,0.9,0.4,0.3,0.3,0.1,0.1,1.8,0.3,1.3,-1.4,"SF"
245,"中務 敏宏","名古屋D",34,0,303.4,8.9,2.9,1.0,2.3,"43.6%",0.2,0.5,"47.1%",0.8,1.8,"42.6%",0.1,0.2,"71.4%",0.3,0.4,0.7,0.3,0.1,0.4,0.0,0.0,0.8,0.2,2.2,1.9,"SG/SF"
246,"小川 麻斗","千葉J",35,2,395.0,11.3,2.9,1.0,2.7,"38.3%",0.4,1.1,"38.5%",0.6,1.6,"38.2%",0.3,0.5,"56.3%",0.3,0.5,0.8,1.2,0.5,0.5,0.1,0.0,1.5,0.5,2.1,2.6,"PG"
247,"渡部 琉","仙台",22,1,237.5,10.8,2.9,1.0,3.6,"28.8%",0.5,1.5,"34.4%",0.5,2.2,"25.0%",0.3,0.4,"66.7%",0.4,0.5,0.8,0.5,0.6,0.3,0.0,0.1,1.2,0.5,0.3,-4.0,"SF"
248,"竹内 公輔","宇都宮",56,0,764.9,13.7,2.9,1.1,2.3,"45.8%",0.9,1.8,"51.5%",0.1,0.5,"25.0%",0.6,0.8,"81.4%",1.1,2.4,3.6,0.3,0.4,0.3,0.2,0.1,1.0,0.7,5.0,-0.8,"C/PF"
249,"谷口 大智","島根",58,17,689.2,11.9,2.9,1.0,2.9,"34.7%",0.3,0.5,"51.6%",0.7,2.4,"30.9%",0.1,0.2,"60.0%",0.2,0.8,1.0,0.4,0.3,0.3,0.2,0.1,1.8,0.3,0.8,0.4,"C/PF"
250,"綿貫 瞬","新潟",30,1,410.6,13.7,2.8,1.1,2.7,"41.3%",0.8,1.9,"42.9%",0.3,0.8,"37.5%",0.3,0.4,"90.9%",0.8,0.8,1.6,2.1,0.6,0.4,0.0,0.1,1.2,0.5,3.9,-2.7,"PG"
251,"ハーパー ジャン ジュニア","群馬",5,0,39.6,7.9,2.8,1.0,2.2,"45.5%",0.6,0.6,"100.0%",0.4,1.6,"25.0%",0.4,0.4,"100.0%",0.0,1.0,1.0,1.2,1.2,0.4,0.0,0.0,0.6,0.6,3.0,-0.4,""
252,"飯尾 文哉","大阪",26,8,248.2,9.5,2.8,1.2,3.3,"36.5%",0.8,1.3,"61.8%",0.4,2.0,"19.6%",0.0,0.0,"0.0%",0.1,0.4,0.5,0.8,0.2,0.2,0.1,0.0,1.2,0.2,1.1,-2.7,"SG"
253,"伊藤 駿","秋田",49,0,700.7,14.3,2.8,1.0,2.8,"37.5%",0.8,2.1,"37.5%",0.2,0.7,"37.5%",0.4,0.6,"77.8%",0.5,1.0,1.5,2.2,0.8,0.4,0.0,0.1,1.2,1.0,3.9,-1.8,"PG"
254,"小澤 智将","京都",53,13,726.5,13.7,2.7,0.9,2.7,"35.0%",0.2,0.5,"36.0%",0.8,2.2,"34.7%",0.1,0.2,"44.4%",0.3,0.6,0.9,0.5,0.4,0.3,0.0,0.1,1.5,0.4,1.1,-3.5,"SG"
255,"小野寺 祥太","琉球",58,39,835.2,14.4,2.7,1.0,2.7,"36.7%",0.4,1.0,"44.8%",0.6,1.7,"32.0%",0.2,0.3,"64.7%",0.3,0.6,0.9,0.8,0.4,0.3,0.1,0.1,1.6,0.6,1.4,3.1,"PG/SG"
256,"佐土原 遼","広島",48,22,534.7,11.1,2.7,1.1,2.4,"46.9%",0.9,1.5,"59.5%",0.2,0.8,"23.1%",0.3,0.4,"80.0%",0.4,0.8,1.2,0.5,0.5,0.3,0.1,0.1,1.3,0.5,2.2,1.8,"SF/PF"
257,"牧 隼利","琉球",44,8,636.0,14.5,2.7,1.0,3.0,"34.3%",0.6,1.2,"49.0%",0.5,1.9,"25.3%",0.2,0.3,"63.6%",0.2,0.6,0.8,1.3,0.9,0.1,0.0,0.1,1.2,0.3,1.0,1.0,"PG/SG"
258,"生原 秀将","信州",19,7,292.4,15.4,2.7,1.0,3.2,"31.1%",0.6,1.7,"37.5%",0.4,1.5,"24.1%",0.3,0.4,"75.0%",0.7,0.8,1.5,1.1,0.8,0.5,0.1,0.1,2.1,1.1,1.6,-1.8,"PG"
259,"カール・タマヨ","琉球",15,4,123.4,8.2,2.7,1.0,3.9,"25.9%",0.5,2.1,"25.8%",0.5,1.8,"25.9%",0.2,0.7,"27.3%",0.6,0.7,1.3,0.3,0.7,0.3,0.1,0.3,1.4,0.8,-0.3,-0.6,"SF/PF"
260,"二上 耀","千葉J",20,0,215.3,10.8,2.7,1.0,2.3,"43.5%",0.7,1.4,"50.0%",0.3,0.9,"33.3%",0.4,0.4,"100.0%",0.7,1.1,1.8,0.6,0.5,0.1,0.1,0.3,1.0,0.9,3.0,1.1,"SG"
261,"五十嵐 圭","群馬",33,0,261.2,7.9,2.6,0.9,2.4,"37.5%",0.3,0.6,"52.4%",0.6,1.8,"32.2%",0.2,0.4,"61.5%",0.1,0.5,0.5,1.1,0.6,0.3,0.0,0.1,0.9,0.4,1.7,-0.4,"PG"
262,"坂本 聖芽","名古屋D",52,15,689.7,13.3,2.6,1.1,2.4,"44.0%",0.9,2.0,"46.6%",0.1,0.4,"31.8%",0.4,0.7,"51.4%",0.4,0.8,1.2,1.4,0.9,0.5,0.0,0.2,1.0,0.8,2.8,1.3,"PG/SG"
263,"ヤン ジェミン","宇都宮",37,1,328.8,8.9,2.6,0.9,2.8,"31.1%",0.6,1.7,"34.9%",0.3,1.1,"25.0%",0.6,0.8,"79.3%",0.4,1.0,1.4,0.6,0.4,0.3,0.0,0.1,1.3,0.8,1.9,-1.2,"SF"
264,"チリジ・ネパウェ","京都",5,1,65.9,13.2,2.6,1.0,1.8,"55.6%",1.0,1.8,"55.6%",0.0,0.0,"0.0%",0.6,1.8,"33.3%",0.6,2.4,3.0,0.2,1.0,0.2,0.6,0.2,1.4,1.4,3.4,-3.2,""
265,"三ツ井 利也","信州",58,17,973.2,16.8,2.6,0.9,2.5,"36.1%",0.4,0.8,"53.3%",0.5,1.8,"28.4%",0.2,0.4,"58.3%",0.4,1.5,1.8,0.6,0.3,0.5,0.2,0.1,1.8,0.6,2.2,2.9,"SF"
266,"エリエット・ドンリー","大阪",47,2,412.0,8.8,2.5,1.0,2.4,"43.8%",0.9,1.5,"57.7%",0.2,0.9,"19.5%",0.2,0.4,"52.6%",0.6,0.9,1.5,0.6,0.4,0.2,0.2,0.1,0.8,0.5,2.4,-0.9,"SF/PF"
267,"寒竹 隼人","仙台",53,7,438.4,8.3,2.5,0.8,2.4,"33.3%",0.1,0.1,"71.4%",0.7,2.3,"31.1%",0.1,0.2,"53.8%",0.1,0.5,0.5,0.2,0.2,0.2,0.2,0.0,0.9,0.2,0.8,-0.6,"SF"
268,"サイモン 拓海","信州",49,1,390.0,8.0,2.5,0.8,3.0,"26.8%",0.2,0.6,"27.6%",0.7,2.4,"26.7%",0.2,0.2,"88.9%",0.4,1.0,1.3,0.2,0.2,0.1,0.0,0.1,0.6,0.2,1.3,-1.8,"SG"
269,"田代 直希","琉球",60,11,730.3,12.2,2.4,0.8,2.6,"31.4%",0.4,1.0,"39.3%",0.4,1.5,"26.1%",0.4,0.5,"81.3%",0.4,0.6,1.0,1.4,0.9,0.2,0.0,0.1,1.2,0.6,1.7,1.5,"SF"
270,"藤永 佳昭","A東京",36,10,534.6,14.9,2.4,0.9,3.1,"29.1%",0.5,1.6,"33.3%",0.4,1.5,"24.5%",0.3,0.4,"76.9%",0.3,0.6,0.9,1.7,0.8,0.6,0.0,0.1,2.4,0.9,1.0,4.2,"PG"
271,"荒川 颯","北海道",22,2,144.4,6.6,2.4,0.9,2.3,"37.3%",0.5,1.2,"44.4%",0.3,1.1,"29.2%",0.4,0.4,"88.9%",0.1,0.5,0.6,0.7,0.7,0.2,0.0,0.0,1.1,0.5,1.1,-1.9,"PG/SG"
272,"渡邉 飛勇","琉球",20,0,124.7,6.2,2.4,1.0,1.8,"54.3%",1.0,1.7,"57.6%",0.0,0.1,"0.0%",0.5,1.0,"52.6%",1.3,1.1,2.4,0.4,0.2,0.1,0.3,0.2,0.8,0.6,3.7,0.3,"PF"
273,"橋本 晃佑","三河",38,7,420.8,11.1,2.4,0.8,2.6,"32.0%",0.2,0.5,"42.1%",0.6,2.1,"29.5%",0.2,0.2,"75.0%",0.2,0.9,1.1,0.5,0.1,0.1,0.2,0.1,1.3,0.2,1.1,0.4,"C/PF"
274,"笹倉 怜寿","A東京",33,2,474.1,14.4,2.4,0.8,3.1,"27.5%",0.5,1.6,"29.6%",0.4,1.5,"25.0%",0.3,0.5,"68.8%",0.2,1.2,1.4,1.5,1.0,0.2,0.0,0.1,1.8,0.9,1.2,0.2,"PG"
275,"太田 敦也","三遠",45,14,549.9,12.2,2.4,0.9,1.8,"52.5%",0.9,1.7,"53.8%",0.0,0.0,"0.0%",0.5,0.8,"67.6%",0.6,0.9,1.5,0.7,0.4,0.2,0.1,0.1,1.6,0.7,2.3,-3.0,"C"
276,"半澤 凌太","三遠",45,9,527.5,11.7,2.3,0.9,2.3,"40.2%",0.6,1.1,"52.9%",0.3,1.1,"27.5%",0.2,0.3,"53.8%",0.6,0.8,1.4,0.8,0.6,0.5,0.1,0.2,1.4,0.4,1.8,-4.6,"PG/SG"
277,"船生 誠也","広島",58,8,659.4,11.4,2.3,0.7,1.8,"38.7%",0.4,0.9,"51.0%",0.3,0.9,"27.3%",0.6,0.7,"83.3%",0.3,1.0,1.3,1.0,0.4,0.4,0.1,0.1,1.7,0.7,2.3,0.6,"SF"
278,"増田 啓介","川崎",56,6,544.9,9.7,2.2,0.9,2.0,"46.5%",0.8,1.4,"56.4%",0.2,0.6,"25.0%",0.2,0.3,"58.8%",0.3,0.8,1.1,0.6,0.5,0.5,0.0,0.2,1.1,0.6,2.1,0.0,"SF"
279,"森井 健太","横浜BC",60,10,1053.7,17.6,2.2,0.8,2.8,"26.8%",0.3,1.0,"32.8%",0.4,1.8,"23.6%",0.3,0.5,"60.7%",0.4,1.5,1.9,4.9,1.1,0.9,0.0,0.1,2.5,0.9,5.0,-0.9,"PG"
280,"松崎 裕樹","横浜BC",33,2,304.1,9.2,2.2,0.8,2.8,"27.7%",0.5,1.0,"45.5%",0.3,1.8,"18.0%",0.3,0.4,"75.0%",0.2,0.5,0.7,0.5,0.2,0.2,0.0,0.1,1.0,0.3,0.4,-0.2,"SG/SF"
281,"ジェイ・ワシントン","琉球",6,0,34.9,5.8,2.2,0.7,1.3,"50.0%",0.2,0.3,"50.0%",0.5,1.0,"50.0%",0.3,0.5,"66.7%",0.5,0.3,0.8,0.5,0.2,0.2,0.0,0.0,0.8,0.5,2.3,-1.7,""
282,"岡本 飛竜","A東京",30,6,331.2,11.0,2.1,0.7,2.6,"28.2%",0.1,0.8,"16.7%",0.6,1.8,"33.3%",0.1,0.2,"33.3%",0.4,0.6,0.9,0.8,0.4,0.1,0.0,0.0,1.7,0.5,0.4,0.2,"PG"
283,"北川 弘","島根",29,1,118.6,4.1,2.1,0.7,1.4,"50.0%",0.2,0.4,"53.8%",0.4,0.9,"48.1%",0.3,0.3,"88.9%",0.0,0.2,0.2,0.5,0.4,0.1,0.0,0.0,0.5,0.5,1.8,0.7,"PG"
284,"飴谷 由毅","富山",57,13,585.2,10.3,2.1,0.7,1.9,"38.2%",0.6,1.2,"49.3%",0.1,0.7,"19.5%",0.4,0.6,"75.8%",0.5,0.7,1.3,1.2,0.9,0.5,0.0,0.2,1.7,0.8,1.8,-1.6,"SG/SF"
285,"ブランドン・ジャワト","三河",44,2,358.0,8.1,2.0,0.7,1.8,"38.8%",0.4,1.0,"40.9%",0.3,0.8,"36.1%",0.3,0.5,"58.3%",0.2,0.8,1.0,0.3,0.3,0.2,0.1,0.1,1.0,0.5,1.4,0.0,"SF"
286,"湧川 颯斗","滋賀",23,1,202.2,8.8,2.0,0.8,1.7,"50.0%",0.6,1.1,"53.8%",0.2,0.5,"41.7%",0.1,0.3,"50.0%",0.6,0.7,1.3,0.5,0.5,0.5,0.1,0.2,1.6,0.4,1.5,-1.2,"PG"
287,"池田 雄一","新潟",43,7,525.2,12.2,2.0,0.6,1.8,"34.6%",0.1,0.3,"30.8%",0.5,1.5,"35.4%",0.2,0.2,"90.0%",0.2,0.7,0.9,0.4,0.3,0.2,0.1,0.0,0.9,0.5,1.6,-6.3,"SF"
288,"朝山 正悟","広島",52,0,390.1,7.5,1.9,0.6,1.5,"41.8%",0.3,0.4,"65.0%",0.4,1.1,"33.9%",0.3,0.3,"81.3%",0.1,0.4,0.5,0.2,0.2,0.1,0.0,0.0,0.7,0.3,1.3,1.2,"SG/SF"
289,"満尾 竜次","FE名古屋",8,3,71.2,8.9,1.9,0.5,1.3,"40.0%",0.3,0.8,"33.3%",0.3,0.5,"50.0%",0.6,0.8,"83.3%",0.4,0.9,1.3,0.8,0.5,0.4,0.0,0.1,0.5,0.6,2.9,-4.5,"SG/SF"
290,"小西 聖也","京都",56,15,740.4,13.2,1.8,0.7,1.8,"37.8%",0.5,1.2,"41.2%",0.2,0.5,"30.0%",0.3,0.4,"72.0%",0.8,0.8,1.6,1.7,0.6,0.4,0.0,0.2,1.1,1.3,3.8,-0.7,"PG/SG"
291,"米山 ジャバ 偉生","千葉J",28,0,266.3,9.5,1.8,0.7,1.9,"35.2%",0.5,1.0,"51.9%",0.2,1.0,"18.5%",0.3,0.3,"77.8%",0.4,0.9,1.3,0.3,0.3,0.3,0.0,0.1,1.0,0.3,1.3,0.9,"SG/SF"
292,"田渡 修人","SR渋谷",30,5,272.0,9.1,1.8,0.6,1.9,"33.3%",0.1,0.4,"33.3%",0.5,1.5,"33.3%",0.0,0.0,"0.0%",0.3,0.5,0.9,1.1,0.1,0.3,0.0,0.0,1.1,0.1,1.5,-0.5,"SG"
293,"渡辺 竜之佑","SR渋谷",54,16,649.2,12.0,1.7,0.8,1.4,"53.2%",0.7,1.3,"56.3%",0.0,0.1,"16.7%",0.2,0.3,"60.0%",1.0,1.3,2.3,1.4,0.6,0.5,0.1,0.2,2.0,0.6,2.9,1.5,"PG/SG"
294,"井上 宗一郎","SR渋谷",42,1,246.0,5.9,1.7,0.6,1.7,"33.8%",0.3,0.5,"63.2%",0.3,1.2,"23.1%",0.3,0.4,"73.3%",0.1,0.8,0.9,0.2,0.3,0.1,0.1,0.1,1.0,0.3,0.7,-2.5,"PF"
295,"宇都宮 陸","A東京",3,0,3.9,1.3,1.7,0.7,1.0,"66.7%",0.3,0.7,"50.0%",0.3,0.3,"100.0%",0.0,0.0,"0.0%",0.0,0.0,0.0,0.0,0.7,0.0,0.0,0.3,0.0,0.0,0.3,-3.0,""
296,"冨岡 大地","新潟",23,0,214.1,9.3,1.7,0.6,1.8,"33.3%",0.3,0.7,"50.0%",0.3,1.1,"23.1%",0.2,0.3,"66.7%",0.2,0.3,0.5,1.2,0.7,0.3,0.0,0.0,1.1,0.5,1.0,-2.9,"PG"
297,"鶴巻 啓太","茨城",57,8,655.1,11.5,1.7,0.6,1.5,"42.5%",0.5,0.8,"57.8%",0.2,0.7,"26.2%",0.2,0.2,"64.3%",0.3,0.8,1.0,0.6,0.3,0.4,0.1,0.1,1.1,0.3,1.6,-3.3,"SG/SF"
298,"野本 大智","滋賀",46,3,434.1,9.4,1.6,0.5,1.6,"34.2%",0.3,0.8,"38.5%",0.2,0.7,"29.4%",0.3,0.4,"73.7%",0.3,0.5,0.8,0.5,0.5,0.5,0.0,0.2,1.5,0.6,0.8,-1.3,"PG"
299,"笠井 康平","宇都宮",45,1,479.7,10.7,1.6,0.6,1.9,"28.7%",0.3,0.8,"37.8%",0.2,1.1,"22.0%",0.2,0.3,"75.0%",0.3,0.5,0.7,1.0,0.4,0.2,0.0,0.1,1.6,0.5,0.5,-1.3,"PG"
300,"星野 京介","滋賀",38,4,304.8,8.0,1.5,0.5,1.6,"30.6%",0.1,0.4,"23.5%",0.4,1.2,"33.3%",0.1,0.3,"50.0%",0.2,0.4,0.6,0.1,0.2,0.2,0.0,0.1,1.2,0.3,0.1,-1.7,"SG"
301,"宮崎 恭行","FE名古屋",8,1,47.8,6.0,1.5,0.5,2.5,"20.0%",0.4,1.3,"30.0%",0.1,1.3,"10.0%",0.4,0.5,"75.0%",0.0,0.6,0.6,0.0,0.1,0.1,0.0,0.1,0.1,0.8,0.5,-1.1,"PG"
302,"小寺 ハミルトンゲイリー","仙台",46,2,531.6,11.6,1.5,0.6,1.4,"45.3%",0.6,1.3,"46.7%",0.0,0.1,"25.0%",0.2,0.4,"44.4%",0.7,2.6,3.3,2.1,1.4,0.5,0.2,0.1,1.3,0.5,4.3,-4.3,"C"
303,"王 偉嘉","秋田",33,0,172.7,5.2,1.4,0.5,1.2,"47.4%",0.5,1.0,"52.9%",0.0,0.1,"0.0%",0.3,0.5,"64.7%",0.6,0.5,1.1,0.2,0.3,0.1,0.0,0.2,0.9,0.4,1.0,-0.5,"PF"
304,"桜井 良太","北海道",52,14,486.7,9.4,1.4,0.5,1.6,"32.1%",0.3,0.6,"40.6%",0.3,0.9,"26.5%",0.2,0.2,"72.7%",0.1,0.8,0.9,1.1,0.4,0.4,0.1,0.1,1.5,0.5,1.3,-1.8,"SG/SF"
305,"三谷 桂司朗","広島",8,0,36.0,4.5,1.4,0.6,1.4,"45.5%",0.6,1.0,"62.5%",0.0,0.4,"0.0%",0.1,0.3,"50.0%",0.4,0.1,0.5,0.1,0.0,0.0,0.0,0.1,0.6,0.1,0.5,-2.5,""
306,"玉木 祥護","新潟",30,1,245.5,8.2,1.3,0.5,1.6,"30.6%",0.4,0.9,"42.9%",0.1,0.7,"14.3%",0.2,0.2,"85.7%",0.3,0.3,0.7,0.4,0.2,0.2,0.0,0.1,1.3,0.2,-0.1,-6.6,"SF/PF"
307,"根來 新之助","三遠",41,1,249.3,6.1,1.2,0.5,1.3,"37.7%",0.2,0.4,"56.3%",0.3,0.9,"29.7%",0.0,0.0,"0.0%",0.2,0.6,0.8,0.3,0.1,0.1,0.0,0.0,1.4,0.2,0.2,-0.5,"SF"
308,"島谷 怜","北海道",30,0,265.6,8.9,1.2,0.4,1.8,"23.6%",0.3,1.1,"27.3%",0.1,0.7,"18.2%",0.2,0.5,"50.0%",0.1,0.5,0.6,1.1,0.5,0.5,0.0,0.1,1.2,0.9,1.0,-4.2,"PG"
309,"柏木 真介","三河",50,0,550.2,11.0,1.2,0.5,1.3,"36.5%",0.2,0.4,"54.5%",0.2,0.8,"26.8%",0.1,0.1,"80.0%",0.4,0.8,1.2,0.9,0.2,0.3,0.1,0.1,1.0,0.3,1.9,1.0,"PG/SG"
310,"菊池 真人","名古屋D",34,4,334.5,9.8,1.2,0.4,1.4,"28.6%",0.2,0.6,"35.0%",0.2,0.9,"24.1%",0.2,0.2,"75.0%",0.6,0.6,1.2,0.5,0.3,0.4,0.1,0.1,1.4,0.4,0.8,-1.3,"PF"
311,"林 瑛司","FE名古屋",26,0,116.0,4.5,1.2,0.3,1.0,"33.3%",0.1,0.5,"25.0%",0.2,0.6,"40.0%",0.3,0.3,"77.8%",0.2,0.2,0.4,0.1,0.1,0.0,0.0,0.1,0.5,0.4,0.6,-0.7,"SF"
312,"野本 建吾","群馬",51,0,278.1,5.5,1.2,0.4,0.9,"41.7%",0.4,0.9,"39.1%",0.0,0.0,"100.0%",0.4,0.5,"72.0%",0.2,0.8,1.0,0.3,0.2,0.1,0.1,0.0,0.9,0.6,1.4,-1.2,"PF"
313,"土屋 アリスター時生","三遠",32,4,211.6,6.6,1.2,0.6,1.0,"54.5%",0.6,1.0,"54.5%",0.0,0.0,"0.0%",0.0,0.1,"33.3%",0.4,0.3,0.8,0.2,0.3,0.1,0.1,0.1,0.9,0.1,0.6,-2.3,"PF"
314,"エドワード・モリス","横浜BC",55,0,376.9,6.9,1.2,0.5,0.8,"59.5%",0.4,0.6,"69.7%",0.0,0.2,"22.2%",0.2,0.4,"52.4%",0.6,1.2,1.9,0.2,0.2,0.2,0.2,0.0,1.0,0.5,2.2,-1.9,"PF"
315,"松本 礼太","琉球",17,0,67.1,3.9,1.1,0.4,1.1,"33.3%",0.1,0.4,"16.7%",0.3,0.7,"41.7%",0.1,0.2,"50.0%",0.1,0.1,0.1,0.3,0.3,0.1,0.0,0.0,0.2,0.1,0.4,-0.8,"SG/SF"
316,"鎌田 裕也","川崎",54,1,429.8,8.0,1.1,0.4,1.2,"34.4%",0.2,0.3,"50.0%",0.2,0.9,"28.3%",0.0,0.1,"50.0%",0.2,0.8,1.1,0.2,0.2,0.1,0.1,0.0,0.9,0.1,0.8,-1.9,"PF"
317,"小池 文哉","新潟",6,0,8.6,1.4,1.0,0.3,1.2,"28.6%",0.0,0.0,"0.0%",0.3,1.2,"28.6%",0.0,0.0,"0.0%",0.0,0.0,0.0,0.0,0.3,0.2,0.0,0.0,0.3,0.0,-0.3,-2.0,"PG"
318,"ナナー ダニエル弾","北海道",52,10,397.4,7.6,1.0,0.4,1.0,"41.2%",0.4,1.0,"42.0%",0.0,0.0,"0.0%",0.2,0.4,"50.0%",0.6,0.8,1.4,0.2,0.4,0.2,0.1,0.1,1.1,0.4,0.9,-4.0,"C/PF"
319,"鍵冨 太雅","茨城",12,0,33.3,2.8,1.0,0.2,0.7,"25.0%",0.2,0.4,"40.0%",0.0,0.3,"0.0%",0.7,1.0,"66.7%",0.2,0.3,0.5,0.0,0.2,0.1,0.0,0.0,0.3,0.7,1.0,-0.5,"SG"
320,"浦野 泰斗","富山",28,9,201.4,7.2,1.0,0.3,0.7,"40.0%",0.2,0.4,"50.0%",0.1,0.4,"30.0%",0.3,0.3,"88.9%",0.1,0.4,0.5,1.1,0.8,0.3,0.0,0.0,1.1,0.5,1.0,-1.8,"PG"
321,"トビン マーカス海舟","京都",21,0,98.5,4.7,1.0,0.5,1.2,"38.5%",0.5,1.1,"41.7%",0.0,0.1,"0.0%",0.0,0.1,"0.0%",0.2,0.5,0.7,0.1,0.2,0.2,0.1,0.3,0.9,0.1,-0.2,-0.9,"SF"
322,"高橋 快成","三遠",47,5,387.2,8.2,0.9,0.4,1.5,"26.4%",0.4,1.1,"33.3%",0.0,0.4,"9.5%",0.1,0.1,"57.1%",0.2,0.4,0.6,1.4,0.9,0.4,0.0,0.1,1.6,0.5,0.0,-1.4,"PG"
323,"葛原 大智","FE名古屋",43,2,292.5,6.8,0.9,0.3,0.9,"28.9%",0.2,0.3,"50.0%",0.1,0.6,"16.7%",0.3,0.5,"59.1%",0.2,0.4,0.6,0.2,0.2,0.2,0.1,0.1,0.9,0.4,0.3,-1.0,"SG/SF"
324,"寺澤 大夢","仙台",20,3,106.1,5.3,0.9,0.4,0.8,"43.8%",0.2,0.5,"44.4%",0.2,0.4,"42.9%",0.1,0.2,"33.3%",0.1,0.3,0.4,0.2,0.3,0.2,0.1,0.1,0.5,0.3,0.6,-2.3,""
325,"小栗 瑛哉","秋田",9,2,46.4,5.2,0.9,0.3,1.4,"23.1%",0.1,0.7,"16.7%",0.2,0.8,"28.6%",0.0,0.0,"0.0%",0.1,0.2,0.3,0.6,0.3,0.2,0.1,0.0,1.1,0.2,-0.2,-1.3,"PG"
326,"ラシード ファラーズ","千葉J",17,0,47.3,2.8,0.9,0.4,1.1,"31.6%",0.2,0.3,"60.0%",0.2,0.8,"21.4%",0.0,0.1,"0.0%",0.1,0.3,0.4,0.1,0.1,0.0,0.1,0.1,0.4,0.1,0.1,0.0,"SF/PF"
327,"宮本 一樹","FE名古屋",27,0,128.2,4.7,0.9,0.3,1.1,"25.8%",0.1,0.4,"33.3%",0.1,0.7,"21.1%",0.1,0.2,"60.0%",0.2,0.6,0.7,0.1,0.0,0.0,0.0,0.0,0.6,0.3,0.4,-1.1,"SF/PF"
328,"平岩 玄","A東京",35,1,165.5,4.7,0.8,0.4,0.9,"42.4%",0.4,0.9,"43.8%",0.0,0.0,"0.0%",0.0,0.2,"14.3%",0.6,0.5,1.1,0.2,0.2,0.1,0.0,0.1,1.3,0.2,0.2,-1.5,"C"
329,"植松 義也","琉球",11,0,51.7,4.7,0.8,0.2,0.7,"25.0%",0.1,0.6,"14.3%",0.1,0.1,"100.0%",0.4,0.5,"66.7%",0.4,0.6,1.0,0.2,0.2,0.3,0.2,0.0,0.7,0.3,1.1,1.5,"SF/PF"
330,"ストックマンJr.　ケドリック","FE名古屋",14,0,49.8,3.6,0.8,0.3,1.2,"23.5%",0.1,0.9,"8.3%",0.2,0.4,"60.0%",0.0,0.1,"0.0%",0.2,0.4,0.6,0.2,0.5,0.1,0.1,0.1,0.5,0.3,0.1,-0.4,"PG"
331,"林 翔太郎","茨城",38,0,118.4,3.1,0.7,0.3,0.8,"33.3%",0.2,0.3,"60.0%",0.1,0.5,"20.0%",0.1,0.1,"66.7%",0.1,0.3,0.5,0.1,0.1,0.1,0.0,0.0,0.3,0.1,0.5,-2.3,"SF"
332,"田臥 勇太","宇都宮",14,0,47.1,3.4,0.6,0.3,0.8,"36.4%",0.2,0.6,"37.5%",0.1,0.2,"33.3%",0.0,0.0,"0.0%",0.1,0.3,0.4,0.2,0.1,0.2,0.0,0.1,0.3,0.1,0.6,-1.5,"PG"
333,"今西 優斗","名古屋D",8,0,15.5,1.9,0.6,0.1,1.0,"12.5%",0.1,0.6,"20.0%",0.0,0.4,"0.0%",0.4,0.5,"75.0%",0.0,0.1,0.1,0.3,0.3,0.1,0.0,0.3,0.1,0.4,-0.1,0.1,"PG"
334,"星野 曹樹","群馬",31,0,129.3,4.2,0.6,0.2,0.9,"22.2%",0.2,0.5,"35.7%",0.0,0.4,"7.7%",0.1,0.3,"44.4%",0.3,0.7,1.0,0.2,0.4,0.2,0.0,0.2,0.8,0.3,0.0,-0.8,"SF"
335,"井手 拓実","大阪",20,0,57.9,2.9,0.6,0.2,1.1,"14.3%",0.1,0.5,"11.1%",0.1,0.6,"16.7%",0.2,0.2,"75.0%",0.2,0.0,0.2,0.2,0.3,0.0,0.0,0.1,0.5,0.2,-0.7,-2.4,"PG"
336,"益子 拓己","京都",11,0,27.0,2.5,0.6,0.1,0.6,"14.3%",0.0,0.2,"0.0%",0.1,0.5,"20.0%",0.3,0.4,"75.0%",0.3,0.0,0.3,0.2,0.0,0.2,0.0,0.0,0.2,0.3,0.6,-1.6,"PG/SG"
337,"武藤 俊太朗","新潟",4,0,9.2,2.3,0.5,0.3,0.8,"33.3%",0.3,0.5,"50.0%",0.0,0.3,"0.0%",0.0,0.0,"0.0%",0.0,0.3,0.3,0.0,0.3,0.0,0.0,0.0,0.0,0.0,0.0,-1.0,""
338,"高橋 克実","千葉J",23,0,52.2,2.3,0.5,0.2,0.8,"21.1%",0.2,0.3,"50.0%",0.0,0.5,"0.0%",0.1,0.2,"60.0%",0.0,0.0,0.1,0.0,0.2,0.0,0.0,0.0,0.2,0.2,-0.3,-1.3,"PG/SG"
339,"ジャワラ ジョゼフ","茨城",23,0,52.6,2.3,0.4,0.1,0.5,"27.3%",0.0,0.2,"20.0%",0.1,0.3,"33.3%",0.0,0.0,"0.0%",0.1,0.2,0.4,0.2,0.1,0.0,0.0,0.0,0.4,0.0,0.0,-1.9,"PF"
340,"アンドリュー・ファーガソン","島根",7,0,24.0,3.4,0.3,0.1,0.4,"33.3%",0.1,0.3,"50.0%",0.0,0.1,"0.0%",0.0,0.0,"0.0%",0.1,0.7,0.9,0.0,0.9,0.0,0.3,0.0,0.9,0.0,-0.6,-2.6,""
341,"ジャスティン・バルタザール","広島",8,0,13.6,1.7,0.3,0.1,0.4,"33.3%",0.1,0.1,"100.0%",0.0,0.3,"0.0%",0.0,0.0,"0.0%",0.0,0.1,0.1,0.1,0.0,0.1,0.0,0.0,0.9,0.0,-0.5,-1.6,""
342,"小室 昂大","京都",18,0,50.4,2.8,0.2,0.1,0.9,"5.9%",0.0,0.2,"0.0%",0.1,0.7,"7.7%",0.0,0.0,"0.0%",0.1,0.2,0.3,0.2,0.2,0.1,0.0,0.1,0.2,0.0,-0.7,-1.5,"SF"
343,"荒尾 岳","千葉J",51,0,291.6,5.7,0.2,0.1,0.2,"40.0%",0.1,0.2,"40.0%",0.0,0.0,"0.0%",0.0,0.0,"0.0%",0.2,0.4,0.7,0.3,0.1,0.1,0.1,0.0,1.1,0.1,0.1,0.1,"PF"
344,"後藤 翔平","島根",19,0,28.4,1.5,0.1,0.0,0.2,"0.0%",0.0,0.1,"0.0%",0.0,0.2,"0.0%",0.1,0.1,"50.0%",0.1,0.0,0.1,0.0,0.1,0.0,0.0,0.0,0.2,0.1,-0.2,-1.5,"SG"
345,"ザック・モーア","京都",25,0,140.2,5.6,0.0,0.0,0.4,"0.0%",0.0,0.3,"0.0%",0.0,0.0,"0.0%",0.0,0.0,"0.0%",0.4,0.7,1.1,0.2,0.1,0.2,0.0,0.1,0.6,0.0,0.4,0.0,"SF"
346,"平岡 勇人","横浜BC",2,0,2.2,1.1,0.0,0.0,1.0,"0.0%",0.0,0.0,"0.0%",0.0,1.0,"0.0%",0.0,0.0,"0.0%",0.0,0.5,0.5,0.0,1.0,0.0,0.0,0.0,0.0,0.0,-1.5,-3.5,""
347,"浅井 修伍","茨城",1,0,1.8,1.8,0.0,0.0,0.0,"0.0%",0.0,0.0,"0.0%",0.0,0.0,"0.0%",0.0,0.0,"0.0%",0.0,0.0,0.0,0.0,0.0,0.0,0.0,0.0,0.0,0.0,0.0,-3.0,"SF"
348,"金本 一真","滋賀",4,0,11.5,2.9,0.0,0.0,0.8,"0.0%",0.0,0.5,"0.0%",0.0,0.3,"0.0%",0.0,0.0,"0.0%",0.0,0.3,0.3,0.5,0.3,0.0,0.0,0.0,0.5,0.5,-0.3,-4.0,"SG"
349,"平良 宗龍","琉球",1,0,0.4,0.4,0.0,0.0,1.0,"0.0%",0.0,0.0,"0.0%",0.0,1.0,"0.0%",0.0,0.0,"0.0%",0.0,0.0,0.0,0.0,0.0,0.0,0.0,0.0,0.0,0.0,-1.0,0.0,""
350,"川村 卓也","新潟",2,0,9.6,4.8,0.0,0.0,0.5,"0.0%",0.0,0.5,"0.0%",0.0,0.0,"0.0%",0.0,0.0,"0.0%",0.5,1.0,1.5,0.0,0.5,0.0,0.0,0.0,0.0,0.0,0.5,-3.5,"SG"
351,"須藤 春輝","琉球",1,0,0.4,0.4,0.0,0.0,0.0,"0.0%",0.0,0.0,"0.0%",0.0,0.0,"0.0%",0.0,0.0,"0.0%",0.0,0.0,0.0,1.0,0.0,0.0,0.0,0.0,0.0,0.0,1.0,2.0,""
352,"星野 零志","大阪",4,0,4.1,1.0,0.0,0.0,0.0,"0.0%",0.0,0.0,"0.0%",0.0,0.0,"0.0%",0.0,0.0,"0.0%",0.0,0.0,0.0,0.0,0.0,0.0,0.0,0.0,0.5,0.0,-0.5,-1.8,"PG/SG"
353,"内藤 耀悠","北海道",3,0,7.2,2.4,0.0,0.0,0.7,"0.0%",0.0,0.3,"0.0%",0.0,0.3,"0.0%",0.0,0.0,"0.0%",0.0,0.7,0.7,0.3,0.0,0.0,0.0,0.0,0.7,0.0,-0.3,2.3,"SF"
354,"大宮 宏正","三遠",1,0,0.6,0.6,0.0,0.0,0.0,"0.0%",0.0,0.0,"0.0%",0.0,0.0,"0.0%",0.0,0.0,"0.0%",0.0,0.0,0.0,0.0,0.0,0.0,0.0,0.0,0.0,0.0,0.0,-2.0,"PF"
